label	U	n_elec	chi_prior	observable	true	Delta	prior_fid	G_emp	G_exact
U=1 half	1.0	16	2	ZZ onsite(i0)	-0.14430110072321595	0.8556988992767833	0.002510879475272468	0.04277267407466475	0.04283772059747352
U=1 half	1.0	16	4	ZZ onsite(i0)	-0.14430110072321595	-0.03035332163007365	0.20008347442805272	2.7877391841020556	2.6672003786893974
U=1 half	1.0	16	8	ZZ onsite(i0)	-0.14430110072321595	-0.029860342893890765	0.8122374513487122	2.795463220136543	2.6738494738575977
U=1 half	1.0	16	16	ZZ onsite(i0)	-0.14430110072321595	0.006239161951921091	0.963541140390534	3.0590574534112296	2.8800994949222374
U=1 half	1.0	16	32	ZZ onsite(i0)	-0.14430110072321595	9.47131671897028e-5	0.9984564696374447	3.0644130053882876	2.8902747604448713
U=1 half	1.0	16	2	ZZ up-up r=1	-0.33689545477802973	-0.3368954547293656	0.002510879475272468	1.00000000028142	1.0000000002655625
U=1 half	1.0	16	4	ZZ up-up r=1	-0.33689545477802973	-0.2482712713272593	0.20008347442805272	1.7943762581782878	1.724181605020045
U=1 half	1.0	16	8	ZZ up-up r=1	-0.33689545477802973	-0.07340599730063713	0.8122374513487122	10.721991747759821	8.037693679755135
U=1 half	1.0	16	16	ZZ up-up r=1	-0.33689545477802973	-0.0047117469068669315	0.963541140390534	16.759851781398876	12.352922994063503
U=1 half	1.0	16	32	ZZ up-up r=1	-0.33689545477802973	-0.0018597555299131319	0.9984564696374447	16.64313822946138	12.376128981567309
U=1 half	1.0	16	2	ZZ up-up r=2	0.010183165120975609	0.010183165072311475	0.002510879475272468	1.0000000001494036	1.000000000087303
U=1 half	1.0	16	4	ZZ up-up r=2	0.010183165120975609	0.08308490587741275	0.20008347442805272	0.5924724829990994	0.6254170844803965
U=1 half	1.0	16	8	ZZ up-up r=2	0.010183165120975609	0.05700768415450859	0.8122374513487122	0.7489584906539996	0.7830028107817849
U=1 half	1.0	16	16	ZZ up-up r=2	0.010183165120975609	0.0077544564541622155	0.963541140390534	1.0069898754705602	1.0038522762216595
U=1 half	1.0	16	32	ZZ up-up r=2	0.010183165120975609	0.0036712718498908394	0.9984564696374447	1.0165595019689946	1.0080106658126429
U=1 half	1.0	16	2	ZZ up-up r=4	0.0065198791941434315	0.006519879152993867	0.002510879475272468	1.000000000296305	1.0000000000475187
U=1 half	1.0	16	4	ZZ up-up r=4	0.0065198791941434315	0.013040225850427297	0.20008347442805272	0.9517651727338544	0.9888315695142559
U=1 half	1.0	16	8	ZZ up-up r=4	0.0065198791941434315	0.002106380860018171	0.8122374513487122	1.0310043723673095	1.003382985994322
U=1 half	1.0	16	16	ZZ up-up r=4	0.0065198791941434315	0.005527461275373042	0.963541140390534	1.0071099147844544	1.0010599217625182
U=1 half	1.0	16	32	ZZ up-up r=4	0.0065198791941434315	-0.0009396948838813774	0.9984564696374447	1.0513414570065511	1.0036999378211975
U=1 half	1.0	16	2	ZZ up-up r=8	0.0051801766067582754	0.005180176583596167	0.002510879475272468	0.9999999998598587	1.00000000002128
U=1 half	1.0	16	4	ZZ up-up r=8	0.0051801766067582754	0.0052283136717949435	0.20008347442805272	1.000291091394165	0.9999555703919069
U=1 half	1.0	16	8	ZZ up-up r=8	0.0051801766067582754	0.0030392347268086246	0.8122374513487122	0.9867422442323343	1.0015629614927755
U=1 half	1.0	16	16	ZZ up-up r=8	0.0051801766067582754	0.002474098522379094	0.963541140390534	0.983145540677847	1.0018402095544026
U=1 half	1.0	16	32	ZZ up-up r=8	0.0051801766067582754	0.0016453724380699006	0.9984564696374447	0.9778022239537083	1.0021441619310558
U=1 half	1.0	16	2	DoubleOcc(i0)	0.21392497484895162	0.21392497484895162	0.002510879475272468	0.0532416790170884	0.05194426930251387
U=1 half	1.0	16	4	DoubleOcc(i0)	0.21392497484895162	-0.007588453216030633	0.20008347442805272	2.092185349752667	2.0432511407240033
U=1 half	1.0	16	8	DoubleOcc(i0)	0.21392497484895162	-0.0074649265843368395	0.8122374513487122	2.0958443433831007	2.046437355320868
U=1 half	1.0	16	16	DoubleOcc(i0)	0.21392497484895162	0.0015527591855187817	0.963541140390534	2.2253629499867045	2.142359026589085
U=1 half	1.0	16	32	DoubleOcc(i0)	0.21392497484895162	1.2641269404506383e-5	0.9984564696374447	2.224957187195399	2.146941396467299
U=1 half	1.0	16	2	SzSz r=1	-0.049595888215515416	-0.049595888203349384	0.002510879475272468	1.0000000003210543	1.0000000003608764
U=1 half	1.0	16	4	SzSz r=1	-0.049595888215515416	-0.04959588821150111	0.20008347442805272	1.076360609880221	1.0707001239002196
U=1 half	1.0	16	8	SzSz r=1	-0.049595888215515416	-0.00511935412827097	0.8122374513487122	5.352863769432824	5.922966432183769
U=1 half	1.0	16	16	SzSz r=1	-0.049595888215515416	-0.00043381318724365625	0.963541140390534	7.15496705359432	6.8969124478011326
U=1 half	1.0	16	32	SzSz r=1	-0.049595888215515416	-0.0003640493788035423	0.9984564696374447	7.185918086449928	6.899146465932044
U=1 half	1.0	16	2	hop bond(i0)	0.5652655797829733	0.5652655797829733	0.002510879475272468	1.0	1.0
U=1 half	1.0	16	4	hop bond(i0)	0.5652655797829733	0.2510638733864444	0.20008347442805272	4.723380402851559	4.644275391740389
U=1 half	1.0	16	8	hop bond(i0)	0.5652655797829733	0.03433756847896041	0.8122374513487122	45.57557752013141	38.32865432670423
U=1 half	1.0	16	16	hop bond(i0)	0.5652655797829733	0.002352790619666978	0.963541140390534	54.3306964884862	44.44449344735096
U=1 half	1.0	16	32	hop bond(i0)	0.5652655797829733	0.0008187235744381294	0.9984564696374447	54.364387449564255	44.47391418336453
U=4 half	4.0	16	2	ZZ onsite(i0)	-0.5985711769075246	0.4014288230924772	0.09698059126342236	2.045375855180136	2.170926831600805
U=4 half	4.0	16	4	ZZ onsite(i0)	-0.5985711769075246	0.14172367952266662	0.40166697982000493	11.848440169432916	13.386137845604889
U=4 half	4.0	16	8	ZZ onsite(i0)	-0.5985711769075246	-0.0023760696648539303	0.9531865680300434	44.33870457752751	50.58978261328929
U=4 half	4.0	16	16	ZZ onsite(i0)	-0.5985711769075246	0.001584674758553617	0.9951081989418902	44.04796309886731	50.611740411474415
U=4 half	4.0	16	32	ZZ onsite(i0)	-0.5985711769075246	-8.63632165915007e-6	0.9998430858316643	44.18503058593958	50.629344988538016
U=4 half	4.0	16	2	ZZ up-up r=1	-0.3978020931111878	-0.055894218711241284	0.09698059126342236	14.209275764350934	13.317269360665563
U=4 half	4.0	16	4	ZZ up-up r=1	-0.3978020931111878	-0.3369403151572316	0.40166697982000493	1.367486857430999	1.363563200280164
U=4 half	4.0	16	8	ZZ up-up r=1	-0.3978020931111878	-0.004365416601131489	0.9531865680300434	18.992795746230858	17.67520873028822
U=4 half	4.0	16	16	ZZ up-up r=1	-0.3978020931111878	-0.002431222838153946	0.9951081989418902	19.007639344125515	17.699730415647267
U=4 half	4.0	16	32	ZZ up-up r=1	-0.3978020931111878	-0.00012619531525920324	0.9998430858316643	19.004032648923104	17.710748506008265
U=4 half	4.0	16	2	ZZ up-up r=2	0.1283913205806059	-0.21351655381934062	0.09698059126342236	0.6318343685586538	0.4862665597316207
U=4 half	4.0	16	4	ZZ up-up r=2	0.1283913205806059	0.18083395598402993	0.40166697982000493	0.6750551908379312	0.6294661499371745
U=4 half	4.0	16	8	ZZ up-up r=2	0.1283913205806059	0.021539773213596514	0.9531865680300434	2.045151049111816	2.389630147937938
U=4 half	4.0	16	16	ZZ up-up r=2	0.1283913205806059	0.0037850337676102186	0.9951081989418902	2.150070571321934	2.4866130924629157
U=4 half	4.0	16	32	ZZ up-up r=2	0.1283913205806059	0.00013984286520621336	0.9998430858316643	2.1628399667213296	2.4898283808421335
U=4 half	4.0	16	2	ZZ up-up r=4	0.08067412297410187	-0.036514733049122755	0.09698059126342236	1.5675668613602494	1.4136645919164261
U=4 half	4.0	16	4	ZZ up-up r=4	0.08067412297410187	0.0843634158906637	0.40166697982000493	0.9718437904884314	0.9667173440535188
U=4 half	4.0	16	8	ZZ up-up r=4	0.08067412297410187	0.004590308825422662	0.9531865680300434	1.5583856933627718	1.579329227609823
U=4 half	4.0	16	16	ZZ up-up r=4	0.08067412297410187	-0.0012481949148564486	0.9951081989418902	1.579674207821242	1.5820861096844057
U=4 half	4.0	16	32	ZZ up-up r=4	0.08067412297410187	0.0004782134948535799	0.9998430858316643	1.5740117920122172	1.582274270098657
U=4 half	4.0	16	2	ZZ up-up r=8	0.046733523084740325	0.03512035851598236	0.09698059126342236	1.0439650198910175	1.0762976617084157
U=4 half	4.0	16	4	ZZ up-up r=8	0.046733523084740325	0.046745569490398285	0.40166697982000493	0.9999471075062394	0.9999160299378423
U=4 half	4.0	16	8	ZZ up-up r=8	0.046733523084740325	0.018532576158060997	0.9531865680300434	1.0770055131182645	1.1590961982208003
U=4 half	4.0	16	16	ZZ up-up r=8	0.046733523084740325	0.008160579186856476	0.9951081989418902	1.076986043283795	1.1875152742011355
U=4 half	4.0	16	32	ZZ up-up r=8	0.046733523084740325	5.0301646101875985e-5	0.9998430858316643	1.0656560254212875	1.1945599594774816
U=4 half	4.0	16	2	DoubleOcc(i0)	0.10035720699083878	0.10035720699083878	0.09698059126342236	1.935122919008209	2.1306112363729643
U=4 half	4.0	16	4	DoubleOcc(i0)	0.10035720699083878	0.035430924763017596	0.40166697982000493	9.163443740196884	11.153637926792134
U=4 half	4.0	16	8	DoubleOcc(i0)	0.10035720699083878	-0.0005940260924663099	0.9531865680300434	22.570373438774446	28.084116847983378
U=4 half	4.0	16	16	DoubleOcc(i0)	0.10035720699083878	0.0003961657376894967	0.9951081989418902	22.447472214753564	28.09077311437066
U=4 half	4.0	16	32	DoubleOcc(i0)	0.10035720699083878	-2.1355930773514498e-6	0.9998430858316643	22.50203387036397	28.0961077508224
U=4 half	4.0	16	2	SzSz r=1	-0.08155351070738928	0.0039234578925973485	0.09698059126342236	9.94174864621944	10.260634582921442
U=4 half	4.0	16	4	SzSz r=1	-0.08155351070738928	-0.06633806621890569	0.40166697982000493	1.4270176359152693	1.4410600104451068
U=4 half	4.0	16	8	SzSz r=1	-0.08155351070738928	-0.0007871955720806373	0.9531865680300434	12.937375285790086	12.33392296950341
U=4 half	4.0	16	16	SzSz r=1	-0.08155351070738928	-0.0002420935805390878	0.9951081989418902	12.680750979465527	12.365347908066255
U=4 half	4.0	16	32	SzSz r=1	-0.08155351070738928	-3.8859564059551266e-5	0.9998430858316643	12.663874084401579	12.369447245705787
U=4 half	4.0	16	2	hop bond(i0)	0.42271506070158926	0.42271506070158926	0.09698059126342236	1.0	1.0
U=4 half	4.0	16	4	hop bond(i0)	0.42271506070158926	0.42271506070158926	0.40166697982000493	1.0	1.0
U=4 half	4.0	16	8	hop bond(i0)	0.42271506070158926	0.005699985292646148	0.9531865680300434	23.76882530527835	21.067659439904197
U=4 half	4.0	16	16	hop bond(i0)	0.42271506070158926	0.002180664315467873	0.9951081989418902	23.555680476381454	21.13349681554728
U=4 half	4.0	16	32	hop bond(i0)	0.42271506070158926	0.00010132668925577626	0.9998430858316643	23.395033769746476	21.144802006146826
U=8 half	8.0	16	2	ZZ onsite(i0)	-0.8531957885078042	0.14680421149219758	0.32882110254420976	33.2177505811715	29.700967593854386
U=8 half	8.0	16	4	ZZ onsite(i0)	-0.8531957885078042	0.06758789867034853	0.7414529094982764	129.15315153801106	95.82202669107095
U=8 half	8.0	16	8	ZZ onsite(i0)	-0.8531957885078042	0.0023714121252749187	0.9776046133598872	466.72760176702957	238.40205415314776
U=8 half	8.0	16	16	ZZ onsite(i0)	-0.8531957885078042	0.00012934318677415568	0.9995144185995314	463.87963491523925	238.83878658057003
U=8 half	8.0	16	32	ZZ onsite(i0)	-0.8531957885078042	7.2090142636538346e-6	0.999977210751917	463.6410673719976	238.84008803332188
U=8 half	8.0	16	2	ZZ up-up r=1	-0.446486140588905	-0.06514444781684103	0.32882110254420976	14.766794380271072	15.723749969529361
U=8 half	8.0	16	4	ZZ up-up r=1	-0.446486140588905	-0.047721857650934674	0.7414529094982764	18.04709822643027	18.463705667558518
U=8 half	8.0	16	8	ZZ up-up r=1	-0.446486140588905	-0.0006589988355268916	0.9776046133598872	28.256381254922868	23.130884993036883
U=8 half	8.0	16	16	ZZ up-up r=1	-0.446486140588905	-0.0005918591294053477	0.9995144185995314	28.268176911857022	23.13110065199122
U=8 half	8.0	16	32	ZZ up-up r=1	-0.446486140588905	-2.6410156606537782e-5	0.999977210751917	28.36665704752111	23.13199843639731
U=8 half	8.0	16	2	ZZ up-up r=2	0.20455369695508868	-0.1767879958169753	0.32882110254420976	1.2069339152209493	1.2519009188492614
U=8 half	8.0	16	4	ZZ up-up r=2	0.20455369695508868	-0.0016931127117735256	0.7414529094982764	2.7285391811811244	4.880430198616005
U=8 half	8.0	16	8	ZZ up-up r=2	0.20455369695508868	0.021758818474566843	0.9776046133598872	2.6713929310790925	4.67633462061288
U=8 half	8.0	16	16	ZZ up-up r=2	0.20455369695508868	0.00010928975406848673	0.9995144185995314	2.7284035090650987	4.881722686486666
U=8 half	8.0	16	32	ZZ up-up r=2	0.20455369695508868	7.204347029263203e-5	0.999977210751917	2.7284136414844653	4.881725745234485
U=8 half	8.0	16	2	ZZ up-up r=4	0.12023202555500567	-0.02533310537405603	0.32882110254420976	2.5279518852459986	2.177748303663809
U=8 half	8.0	16	4	ZZ up-up r=4	0.12023202555500567	0.04053420810601799	0.7414529094982764	1.9954635204328999	2.0064666485570193
U=8 half	8.0	16	8	ZZ up-up r=4	0.12023202555500567	0.01702278867339105	0.9776046133598872	2.3169677502256247	2.2451243766581364
U=8 half	8.0	16	16	ZZ up-up r=4	0.12023202555500567	-0.0008678138198228158	0.9995144185995314	2.4852068073298885	2.3036456146071993
U=8 half	8.0	16	32	ZZ up-up r=4	0.12023202555500567	0.00025344184185127627	0.999977210751917	2.4776354657729303	2.3037887412702664
U=8 half	8.0	16	2	ZZ up-up r=8	0.06440247745137548	0.04635804406485597	0.32882110254420976	1.1002237389520624	1.1496816920999828
U=8 half	8.0	16	4	ZZ up-up r=8	0.06440247745137548	0.052610259669557666	0.7414529094982764	1.0683923456875268	1.0987633022896666
U=8 half	8.0	16	8	ZZ up-up r=8	0.06440247745137548	0.018089429415220397	0.9776046133598872	1.182296729198138	1.3313325315700917
U=8 half	8.0	16	16	ZZ up-up r=8	0.06440247745137548	0.003980607839182498	0.9995144185995314	1.1755307802057509	1.3682829267050933
U=8 half	8.0	16	32	ZZ up-up r=8	0.06440247745137548	0.0003033241040228951	0.999977210751917	1.1683256999590859	1.3702068802552043
U=8 half	8.0	16	2	DoubleOcc(i0)	0.036701052674535106	0.036701052674535106	0.32882110254420976	28.083977955982878	24.562779623717287
U=8 half	8.0	16	4	DoubleOcc(i0)	0.036701052674535106	0.016896975733569963	0.7414529094982764	80.36735004780407	56.66231408636351
U=8 half	8.0	16	8	DoubleOcc(i0)	0.036701052674535106	0.0005928535975927574	0.9776046133598872	160.53889009967222	87.31729081210479
U=8 half	8.0	16	16	DoubleOcc(i0)	0.036701052674535106	3.23358513150962e-5	0.9995144185995314	160.7242154850472	87.37538239470452
U=8 half	8.0	16	32	DoubleOcc(i0)	0.036701052674535106	1.8021977404580891e-6	0.999977210751917	160.72414137318336	87.37555530419206
U=8 half	8.0	16	2	SzSz r=1	-0.10420565819446717	-0.008870235001451177	0.32882110254420976	19.920989232909072	15.751248081746038
U=8 half	8.0	16	4	SzSz r=1	-0.10420565819446717	-0.0043356522953836435	0.7414529094982764	22.37842060685983	16.706924513218514
U=8 half	8.0	16	8	SzSz r=1	-0.10420565819446717	9.783861295191432e-5	0.9776046133598872	26.933404767300768	18.160981739139554
U=8 half	8.0	16	16	SzSz r=1	-0.10420565819446717	-0.00010768015220843918	0.9995144185995314	26.914132264345188	18.161857159471364
U=8 half	8.0	16	32	SzSz r=1	-0.10420565819446717	-6.582248836650706e-6	0.999977210751917	26.95055515842997	18.162284780734932
U=8 half	8.0	16	2	hop bond(i0)	0.2691621544515367	0.2691621544515367	0.32882110254420976	1.0	1.0
U=8 half	8.0	16	4	hop bond(i0)	0.2691621544515367	0.2691621544515367	0.7414529094982764	1.0	1.0
U=8 half	8.0	16	8	hop bond(i0)	0.2691621544515367	0.01418215400381162	0.9776046133598872	9.504537612829818	8.070095693172597
U=8 half	8.0	16	16	hop bond(i0)	0.2691621544515367	0.000305606768693123	0.9995144185995314	9.711934979258317	8.232051089259313
U=8 half	8.0	16	32	hop bond(i0)	0.2691621544515367	1.142955850752525e-5	0.999977210751917	9.711532250956187	8.232127730796575
U=4 doped(7/8)	4.0	14	2	ZZ onsite(i0)	-0.44333270578281414	0.5566672942127725	0.00439970018956297	0.6922498061014796	0.6446270932234915
U=4 doped(7/8)	4.0	14	4	ZZ onsite(i0)	-0.44333270578281414	-0.011402587649131934	0.3688793831800875	10.945234447708193	22.421747792736223
U=4 doped(7/8)	4.0	14	8	ZZ onsite(i0)	-0.44333270578281414	0.034427856184560346	0.796790922194059	10.732795867297689	20.107549041473483
U=4 doped(7/8)	4.0	14	16	ZZ onsite(i0)	-0.44333270578281414	0.0032601318233214105	0.9761448349772496	11.124395945849152	22.717558812902055
U=4 doped(7/8)	4.0	14	32	ZZ onsite(i0)	-0.44333270578281414	-8.315861459101681e-5	0.9983927597458998	11.103922034195177	22.744254082191933
U=4 doped(7/8)	4.0	14	2	ZZ up-up r=1	-0.4951290136372932	0.5048709863457967	0.00439970018956297	0.8730716181871829	0.9630126689715212
U=4 doped(7/8)	4.0	14	4	ZZ up-up r=1	-0.4951290136372932	0.20952509636105288	0.3688793831800875	4.169376911802864	4.841214500042299
U=4 doped(7/8)	4.0	14	8	ZZ up-up r=1	-0.4951290136372932	-0.019513322842858116	0.796790922194059	28.238133236315388	28.586774254383503
U=4 doped(7/8)	4.0	14	16	ZZ up-up r=1	-0.4951290136372932	-0.0068382354392892974	0.9761448349772496	28.280835486483166	29.704990827239136
U=4 doped(7/8)	4.0	14	32	ZZ up-up r=1	-0.4951290136372932	-0.0011790532855395774	0.9983927597458998	27.95966241452858	29.86367292200631
U=4 doped(7/8)	4.0	14	2	ZZ up-up r=2	0.0519592468436111	0.05195924477856411	0.00439970018956297	1.0000000213930376	1.0000000154170947
U=4 doped(7/8)	4.0	14	4	ZZ up-up r=2	0.0519592468436111	0.12944499865047132	0.3688793831800875	0.4416141530997497	0.49755406184082995
U=4 doped(7/8)	4.0	14	8	ZZ up-up r=2	0.0519592468436111	0.012436089227120271	0.796790922194059	1.4071082235561283	1.2237597568571144
U=4 doped(7/8)	4.0	14	16	ZZ up-up r=2	0.0519592468436111	0.005084961110440003	0.9761448349772496	1.4633528756568146	1.237776016227847
U=4 doped(7/8)	4.0	14	32	ZZ up-up r=2	0.0519592468436111	0.002533691249926806	0.9983927597458998	1.479673144033242	1.2399191523338335
U=4 doped(7/8)	4.0	14	2	ZZ up-up r=4	-0.0065100351811921385	-0.0065498793667404555	0.00439970018956297	0.9998920800202264	0.999953919401883
U=4 doped(7/8)	4.0	14	4	ZZ up-up r=4	-0.0065100351811921385	-0.028549845917404063	0.3688793831800875	0.9112775417194292	0.9359521194140954
U=4 doped(7/8)	4.0	14	8	ZZ up-up r=4	-0.0065100351811921385	0.00909663246501683	0.796790922194059	1.0238672001879812	0.9964377695528598
U=4 doped(7/8)	4.0	14	16	ZZ up-up r=4	-0.0065100351811921385	0.004560378222220416	0.9761448349772496	1.0208618305949069	1.0019150749949368
U=4 doped(7/8)	4.0	14	32	ZZ up-up r=4	-0.0065100351811921385	-0.001986475650006425	0.9983927597458998	1.01076502343516	1.003415344327446
U=4 doped(7/8)	4.0	14	2	ZZ up-up r=8	-0.04424517565413995	-0.04424517414918525	0.00439970018956297	1.0000000066598627	1.000000010099946
U=4 doped(7/8)	4.0	14	4	ZZ up-up r=8	-0.04424517565413995	-0.05590761502657174	0.3688793831800875	0.9429616951865956	0.9186251006299443
U=4 doped(7/8)	4.0	14	8	ZZ up-up r=8	-0.04424517565413995	-0.03225060505058316	0.796790922194059	1.0456835937523836	1.0747903651341975
U=4 doped(7/8)	4.0	14	16	ZZ up-up r=8	-0.04424517565413995	-0.0036888166870315264	0.9761448349772496	1.0777039877190202	1.172931875577258
U=4 doped(7/8)	4.0	14	32	ZZ up-up r=8	-0.04424517565413995	-0.0002343761728932775	0.9983927597458998	1.073327816839451	1.174347625484366
U=4 doped(7/8)	4.0	14	2	DoubleOcc(i0)	0.07821018978039046	0.07821018978039046	0.00439970018956297	0.9337263406480332	1.0327321481045797
U=4 doped(7/8)	4.0	14	4	DoubleOcc(i0)	0.07821018978039046	0.004553514287725907	0.3688793831800875	13.569590938231233	21.162736248288045
U=4 doped(7/8)	4.0	14	8	DoubleOcc(i0)	0.07821018978039046	0.00402046384731411	0.796790922194059	12.411019137780244	19.969142547631606
U=4 doped(7/8)	4.0	14	16	DoubleOcc(i0)	0.07821018978039046	0.0009999875559319749	0.9761448349772496	13.330698528485343	21.388653357750382
U=4 doped(7/8)	4.0	14	32	DoubleOcc(i0)	0.07821018978039046	-2.7271320232405416e-5	0.9983927597458998	13.390038644714194	21.409195759157885
U=4 doped(7/8)	4.0	14	2	SzSz r=1	-0.10243507024009416	0.14756492975585359	0.00439970018956297	0.5508749192128889	0.4965659693906665
U=4 doped(7/8)	4.0	14	4	SzSz r=1	-0.10243507024009416	0.046579290629118	0.3688793831800875	4.586519081091232	4.070500855384461
U=4 doped(7/8)	4.0	14	8	SzSz r=1	-0.10243507024009416	-0.002630322862840484	0.796790922194059	23.478791778875873	22.408717088634397
U=4 doped(7/8)	4.0	14	16	SzSz r=1	-0.10243507024009416	-0.0013424449716901987	0.9761448349772496	24.167547161578074	22.889314857828182
U=4 doped(7/8)	4.0	14	32	SzSz r=1	-0.10243507024009416	-0.00015745400441243007	0.9983927597458998	24.576736528721327	23.00580626659283
U=4 doped(7/8)	4.0	14	2	hop bond(i0)	0.5569133348552588	0.5569133348552588	0.00439970018956297	1.0	1.0
U=4 doped(7/8)	4.0	14	4	hop bond(i0)	0.5569133348552588	-0.12926185090709885	0.3688793831800875	12.209293473282159	13.14636720830868
U=4 doped(7/8)	4.0	14	8	hop bond(i0)	0.5569133348552588	0.02772362097354253	0.796790922194059	37.537081322564255	38.642736218926366
U=4 doped(7/8)	4.0	14	16	hop bond(i0)	0.5569133348552588	0.01644341659915316	0.9761448349772496	39.42846102219573	41.136321455869336
U=4 doped(7/8)	4.0	14	32	hop bond(i0)	0.5569133348552588	0.0004658697199313444	0.9983927597458998	40.09116829799999	42.62798647933247
