W	LX	geometry	U	Hvar	prior	kind	start	l	true	prior_val
1	64	cylinder	4.0	4.297e-11	UHF	P	17	1	-0.599366634709	-0.591305404660
1	64	cylinder	4.0	4.297e-11	UHF	P	17	2	0.617619628261	0.614559638156
1	64	cylinder	4.0	4.297e-11	UHF	P	17	3	-0.575899958623	-0.608963234322
1	64	cylinder	4.0	4.297e-11	UHF	P	17	4	0.603454955288	0.609739663173
1	64	cylinder	4.0	4.297e-11	UHF	P	17	5	-0.574310296004	-0.609552566104
1	64	cylinder	4.0	4.297e-11	UHF	P	17	6	0.600705984458	0.609584355537
1	64	cylinder	4.0	4.297e-11	UHF	P	17	7	-0.574598085178	-0.609576678927
1	64	cylinder	4.0	4.297e-11	UHF	P	17	8	0.599724922223	0.609578109072
1	64	cylinder	4.0	4.297e-11	UHF	P	17	9	-0.575009176718	-0.609577764558
1	64	cylinder	4.0	4.297e-11	UHF	P	17	10	0.599223293995	0.609577832060
1	64	cylinder	4.0	4.297e-11	UHF	P	17	11	-0.575330516699	-0.609577815876
1	64	cylinder	4.0	4.297e-11	UHF	P	17	12	0.598923638120	0.609577819149
1	64	cylinder	4.0	4.297e-11	UHF	P	17	13	-0.575549227996	-0.609577818366
1	64	cylinder	4.0	4.297e-11	UHF	P	17	14	0.598744841116	0.609577818528
1	64	cylinder	4.0	4.297e-11	UHF	P	17	15	-0.575677185682	-0.609577818489
1	64	cylinder	4.0	4.297e-11	UHF	P	17	16	0.598656945027	0.609577818497
1	64	cylinder	4.0	4.297e-11	UHF	P	17	17	-0.575724713221	-0.609577818495
1	64	cylinder	4.0	4.297e-11	UHF	P	17	18	0.598647391186	0.609577818496
1	64	cylinder	4.0	4.297e-11	UHF	P	17	19	-0.575697516530	-0.609577818495
1	64	cylinder	4.0	4.297e-11	UHF	P	17	20	0.598711517031	0.609577818495
1	64	cylinder	4.0	4.297e-11	UHF	P	17	21	-0.575597044947	-0.609577818495
1	64	cylinder	4.0	4.297e-11	UHF	P	17	22	0.598849531993	0.609577818496
1	64	cylinder	4.0	4.297e-11	UHF	P	17	23	-0.575420916852	-0.609577818495
1	64	cylinder	4.0	4.297e-11	UHF	P	17	24	0.599065655294	0.609577818495
1	64	cylinder	4.0	4.297e-11	UHF	P	17	25	-0.575162878988	-0.609577818495
1	64	cylinder	4.0	4.297e-11	UHF	P	17	26	0.599368261891	0.609577818496
1	64	cylinder	4.0	4.297e-11	UHF	P	17	27	-0.574812194028	-0.609577818495
1	64	cylinder	4.0	4.297e-11	UHF	P	17	28	0.599770801958	0.609577818495
1	64	cylinder	4.0	4.297e-11	UHF	P	17	29	-0.574352302317	-0.609577818495
1	64	cylinder	4.0	4.297e-11	UHF	P	17	30	0.600293672829	0.609577818496
1	64	cylinder	4.0	4.297e-11	UHF	P	17	31	-0.573758404477	-0.609577818496
1	64	cylinder	4.0	4.297e-11	UHF	P	17	32	0.600967645649	0.609577818496
1	64	cylinder	4.0	4.297e-11	chi2	P	17	1	-0.599366634709	-1.000000000000
1	64	cylinder	4.0	4.297e-11	chi2	P	17	2	0.617619628261	1.000000000000
1	64	cylinder	4.0	4.297e-11	chi2	P	17	3	-0.575899958623	-1.000000000000
1	64	cylinder	4.0	4.297e-11	chi2	P	17	4	0.603454955288	1.000000000000
1	64	cylinder	4.0	4.297e-11	chi2	P	17	5	-0.574310296004	-1.000000000000
1	64	cylinder	4.0	4.297e-11	chi2	P	17	6	0.600705984458	1.000000000000
1	64	cylinder	4.0	4.297e-11	chi2	P	17	7	-0.574598085178	-1.000000000000
1	64	cylinder	4.0	4.297e-11	chi2	P	17	8	0.599724922223	1.000000000000
1	64	cylinder	4.0	4.297e-11	chi2	P	17	9	-0.575009176718	-1.000000000000
1	64	cylinder	4.0	4.297e-11	chi2	P	17	10	0.599223293995	1.000000000000
1	64	cylinder	4.0	4.297e-11	chi2	P	17	11	-0.575330516699	-1.000000000000
1	64	cylinder	4.0	4.297e-11	chi2	P	17	12	0.598923638120	1.000000000000
1	64	cylinder	4.0	4.297e-11	chi2	P	17	13	-0.575549227996	-1.000000000000
1	64	cylinder	4.0	4.297e-11	chi2	P	17	14	0.598744841116	1.000000000000
1	64	cylinder	4.0	4.297e-11	chi2	P	17	15	-0.575677185682	-1.000000000000
1	64	cylinder	4.0	4.297e-11	chi2	P	17	16	0.598656945027	1.000000000000
1	64	cylinder	4.0	4.297e-11	chi2	P	17	17	-0.575724713221	-1.000000000000
1	64	cylinder	4.0	4.297e-11	chi2	P	17	18	0.598647391186	1.000000000000
1	64	cylinder	4.0	4.297e-11	chi2	P	17	19	-0.575697516530	-1.000000000000
1	64	cylinder	4.0	4.297e-11	chi2	P	17	20	0.598711517031	1.000000000000
1	64	cylinder	4.0	4.297e-11	chi2	P	17	21	-0.575597044947	-1.000000000000
1	64	cylinder	4.0	4.297e-11	chi2	P	17	22	0.598849531993	1.000000000000
1	64	cylinder	4.0	4.297e-11	chi2	P	17	23	-0.575420916852	-1.000000000000
1	64	cylinder	4.0	4.297e-11	chi2	P	17	24	0.599065655294	1.000000000000
1	64	cylinder	4.0	4.297e-11	chi2	P	17	25	-0.575162878988	-1.000000000000
1	64	cylinder	4.0	4.297e-11	chi2	P	17	26	0.599368261891	1.000000000000
1	64	cylinder	4.0	4.297e-11	chi2	P	17	27	-0.574812194028	-1.000000000000
1	64	cylinder	4.0	4.297e-11	chi2	P	17	28	0.599770801958	1.000000000000
1	64	cylinder	4.0	4.297e-11	chi2	P	17	29	-0.574352302317	-1.000000000000
1	64	cylinder	4.0	4.297e-11	chi2	P	17	30	0.600293672829	1.000000000000
1	64	cylinder	4.0	4.297e-11	chi2	P	17	31	-0.573758404477	-1.000000000000
1	64	cylinder	4.0	4.297e-11	chi2	P	17	32	0.600967645649	1.000000000000
1	64	cylinder	4.0	4.297e-11	chi4	P	17	1	-0.599366634709	-0.754666452690
1	64	cylinder	4.0	4.297e-11	chi4	P	17	2	0.617619628261	1.000000000000
1	64	cylinder	4.0	4.297e-11	chi4	P	17	3	-0.575899958623	-0.755241414354
1	64	cylinder	4.0	4.297e-11	chi4	P	17	4	0.603454955288	1.000000000000
1	64	cylinder	4.0	4.297e-11	chi4	P	17	5	-0.574310296004	-0.755712018748
1	64	cylinder	4.0	4.297e-11	chi4	P	17	6	0.600705984458	1.000000000000
1	64	cylinder	4.0	4.297e-11	chi4	P	17	7	-0.574598085178	-0.756100945460
1	64	cylinder	4.0	4.297e-11	chi4	P	17	8	0.599724922223	1.000000000000
1	64	cylinder	4.0	4.297e-11	chi4	P	17	9	-0.575009176718	-0.756423682147
1	64	cylinder	4.0	4.297e-11	chi4	P	17	10	0.599223293995	1.000000000000
1	64	cylinder	4.0	4.297e-11	chi4	P	17	11	-0.575330516699	-0.756690908194
1	64	cylinder	4.0	4.297e-11	chi4	P	17	12	0.598923638120	1.000000000000
1	64	cylinder	4.0	4.297e-11	chi4	P	17	13	-0.575549227996	-0.756909898622
1	64	cylinder	4.0	4.297e-11	chi4	P	17	14	0.598744841116	1.000000000000
1	64	cylinder	4.0	4.297e-11	chi4	P	17	15	-0.575677185682	-0.757085354950
1	64	cylinder	4.0	4.297e-11	chi4	P	17	16	0.598656945027	1.000000000000
1	64	cylinder	4.0	4.297e-11	chi4	P	17	17	-0.575724713221	-0.757219870599
1	64	cylinder	4.0	4.297e-11	chi4	P	17	18	0.598647391186	1.000000000000
1	64	cylinder	4.0	4.297e-11	chi4	P	17	19	-0.575697516530	-0.757314134635
1	64	cylinder	4.0	4.297e-11	chi4	P	17	20	0.598711517031	1.000000000000
1	64	cylinder	4.0	4.297e-11	chi4	P	17	21	-0.575597044947	-0.757366911148
1	64	cylinder	4.0	4.297e-11	chi4	P	17	22	0.598849531993	1.000000000000
1	64	cylinder	4.0	4.297e-11	chi4	P	17	23	-0.575420916852	-0.757374783662
1	64	cylinder	4.0	4.297e-11	chi4	P	17	24	0.599065655294	1.000000000000
1	64	cylinder	4.0	4.297e-11	chi4	P	17	25	-0.575162878988	-0.757331593159
1	64	cylinder	4.0	4.297e-11	chi4	P	17	26	0.599368261891	1.000000000000
1	64	cylinder	4.0	4.297e-11	chi4	P	17	27	-0.574812194028	-0.757227417370
1	64	cylinder	4.0	4.297e-11	chi4	P	17	28	0.599770801958	1.000000000000
1	64	cylinder	4.0	4.297e-11	chi4	P	17	29	-0.574352302317	-0.757046772234
1	64	cylinder	4.0	4.297e-11	chi4	P	17	30	0.600293672829	1.000000000000
1	64	cylinder	4.0	4.297e-11	chi4	P	17	31	-0.573758404477	-0.756765390949
1	64	cylinder	4.0	4.297e-11	chi4	P	17	32	0.600967645649	1.000000000000
1	64	cylinder	4.0	4.297e-11	chi8	P	17	1	-0.599366634709	-0.608447983671
1	64	cylinder	4.0	4.297e-11	chi8	P	17	2	0.617619628261	0.628962271274
1	64	cylinder	4.0	4.297e-11	chi8	P	17	3	-0.575899958623	-0.592244353360
1	64	cylinder	4.0	4.297e-11	chi8	P	17	4	0.603454955288	0.624065191140
1	64	cylinder	4.0	4.297e-11	chi8	P	17	5	-0.574310296004	-0.594475335658
1	64	cylinder	4.0	4.297e-11	chi8	P	17	6	0.600705984458	0.623209171895
1	64	cylinder	4.0	4.297e-11	chi8	P	17	7	-0.574598085178	-0.595534071201
1	64	cylinder	4.0	4.297e-11	chi8	P	17	8	0.599724922223	0.622797893284
1	64	cylinder	4.0	4.297e-11	chi8	P	17	9	-0.575009176718	-0.596135891617
1	64	cylinder	4.0	4.297e-11	chi8	P	17	10	0.599223293995	0.622544241908
1	64	cylinder	4.0	4.297e-11	chi8	P	17	11	-0.575330516699	-0.596543505654
1	64	cylinder	4.0	4.297e-11	chi8	P	17	12	0.598923638120	0.622366631307
1	64	cylinder	4.0	4.297e-11	chi8	P	17	13	-0.575549227996	-0.596839644380
1	64	cylinder	4.0	4.297e-11	chi8	P	17	14	0.598744841116	0.622238784687
1	64	cylinder	4.0	4.297e-11	chi8	P	17	15	-0.575677185682	-0.597051561188
1	64	cylinder	4.0	4.297e-11	chi8	P	17	16	0.598656945027	0.622151877991
1	64	cylinder	4.0	4.297e-11	chi8	P	17	17	-0.575724713221	-0.597187921674
1	64	cylinder	4.0	4.297e-11	chi8	P	17	18	0.598647391186	0.622103414404
1	64	cylinder	4.0	4.297e-11	chi8	P	17	19	-0.575697516530	-0.597249763282
1	64	cylinder	4.0	4.297e-11	chi8	P	17	20	0.598711517031	0.622093946452
1	64	cylinder	4.0	4.297e-11	chi8	P	17	21	-0.575597044947	-0.597233619446
1	64	cylinder	4.0	4.297e-11	chi8	P	17	22	0.598849531993	0.622126237106
1	64	cylinder	4.0	4.297e-11	chi8	P	17	23	-0.575420916852	-0.597132078840
1	64	cylinder	4.0	4.297e-11	chi8	P	17	24	0.599065655294	0.622205299712
1	64	cylinder	4.0	4.297e-11	chi8	P	17	25	-0.575162878988	-0.596933270399
1	64	cylinder	4.0	4.297e-11	chi8	P	17	26	0.599368261891	0.622338916853
1	64	cylinder	4.0	4.297e-11	chi8	P	17	27	-0.574812194028	-0.596619580153
1	64	cylinder	4.0	4.297e-11	chi8	P	17	28	0.599770801958	0.622538636640
1	64	cylinder	4.0	4.297e-11	chi8	P	17	29	-0.574352302317	-0.596165429710
1	64	cylinder	4.0	4.297e-11	chi8	P	17	30	0.600293672829	0.622821474395
1	64	cylinder	4.0	4.297e-11	chi8	P	17	31	-0.573758404477	-0.595533575443
1	64	cylinder	4.0	4.297e-11	chi8	P	17	32	0.600967645649	0.623212836826
1	64	cylinder	4.0	4.297e-11	chi16	P	17	1	-0.599366634709	-0.601243923679
1	64	cylinder	4.0	4.297e-11	chi16	P	17	2	0.617619628261	0.612130820537
1	64	cylinder	4.0	4.297e-11	chi16	P	17	3	-0.575899958623	-0.576358595606
1	64	cylinder	4.0	4.297e-11	chi16	P	17	4	0.603454955288	0.606730123432
1	64	cylinder	4.0	4.297e-11	chi16	P	17	5	-0.574310296004	-0.577992394107
1	64	cylinder	4.0	4.297e-11	chi16	P	17	6	0.600705984458	0.605474337072
1	64	cylinder	4.0	4.297e-11	chi16	P	17	7	-0.574598085178	-0.579011209220
1	64	cylinder	4.0	4.297e-11	chi16	P	17	8	0.599724922223	0.604769832234
1	64	cylinder	4.0	4.297e-11	chi16	P	17	9	-0.575009176718	-0.579650066884
1	64	cylinder	4.0	4.297e-11	chi16	P	17	10	0.599223293995	0.604317856962
1	64	cylinder	4.0	4.297e-11	chi16	P	17	11	-0.575330516699	-0.580068904252
1	64	cylinder	4.0	4.297e-11	chi16	P	17	12	0.598923638120	0.604024256996
1	64	cylinder	4.0	4.297e-11	chi16	P	17	13	-0.575549227996	-0.580336568157
1	64	cylinder	4.0	4.297e-11	chi16	P	17	14	0.598744841116	0.603845070963
1	64	cylinder	4.0	4.297e-11	chi16	P	17	15	-0.575677185682	-0.580488987984
1	64	cylinder	4.0	4.297e-11	chi16	P	17	16	0.598656945027	0.603756387962
1	64	cylinder	4.0	4.297e-11	chi16	P	17	17	-0.575724713221	-0.580546157553
1	64	cylinder	4.0	4.297e-11	chi16	P	17	18	0.598647391186	0.603745033770
1	64	cylinder	4.0	4.297e-11	chi16	P	17	19	-0.575697516530	-0.580518599896
1	64	cylinder	4.0	4.297e-11	chi16	P	17	20	0.598711517031	0.603804706947
1	64	cylinder	4.0	4.297e-11	chi16	P	17	21	-0.575597044947	-0.580410359593
1	64	cylinder	4.0	4.297e-11	chi16	P	17	22	0.598849531993	0.603934166663
1	64	cylinder	4.0	4.297e-11	chi16	P	17	23	-0.575420916852	-0.580220390402
1	64	cylinder	4.0	4.297e-11	chi16	P	17	24	0.599065655294	0.604136501409
1	64	cylinder	4.0	4.297e-11	chi16	P	17	25	-0.575162878988	-0.579942959273
1	64	cylinder	4.0	4.297e-11	chi16	P	17	26	0.599368261891	0.604419161872
1	64	cylinder	4.0	4.297e-11	chi16	P	17	27	-0.574812194028	-0.579567254638
1	64	cylinder	4.0	4.297e-11	chi16	P	17	28	0.599770801958	0.604794723617
1	64	cylinder	4.0	4.297e-11	chi16	P	17	29	-0.574352302317	-0.579076126759
1	64	cylinder	4.0	4.297e-11	chi16	P	17	30	0.600293672829	0.605282580143
1	64	cylinder	4.0	4.297e-11	chi16	P	17	31	-0.573758404477	-0.578443607838
1	64	cylinder	4.0	4.297e-11	chi16	P	17	32	0.600967645649	0.605912108088
1	64	cylinder	4.0	4.297e-11	chi32	P	17	1	-0.599366634709	-0.599574182648
1	64	cylinder	4.0	4.297e-11	chi32	P	17	2	0.617619628261	0.616862461820
1	64	cylinder	4.0	4.297e-11	chi32	P	17	3	-0.575899958623	-0.575646628645
1	64	cylinder	4.0	4.297e-11	chi32	P	17	4	0.603454955288	0.603551108180
1	64	cylinder	4.0	4.297e-11	chi32	P	17	5	-0.574310296004	-0.574698562819
1	64	cylinder	4.0	4.297e-11	chi32	P	17	6	0.600705984458	0.601292003587
1	64	cylinder	4.0	4.297e-11	chi32	P	17	7	-0.574598085178	-0.575249902037
1	64	cylinder	4.0	4.297e-11	chi32	P	17	8	0.599724922223	0.600535610089
1	64	cylinder	4.0	4.297e-11	chi32	P	17	9	-0.575009176718	-0.575752214803
1	64	cylinder	4.0	4.297e-11	chi32	P	17	10	0.599223293995	0.600126200597
1	64	cylinder	4.0	4.297e-11	chi32	P	17	11	-0.575330516699	-0.576106281262
1	64	cylinder	4.0	4.297e-11	chi32	P	17	12	0.598923638120	0.599867665386
1	64	cylinder	4.0	4.297e-11	chi32	P	17	13	-0.575549227996	-0.576339214896
1	64	cylinder	4.0	4.297e-11	chi32	P	17	14	0.598744841116	0.599709135436
1	64	cylinder	4.0	4.297e-11	chi32	P	17	15	-0.575677185682	-0.576473882972
1	64	cylinder	4.0	4.297e-11	chi32	P	17	16	0.598656945027	0.599630908502
1	64	cylinder	4.0	4.297e-11	chi32	P	17	17	-0.575724713221	-0.576523234859
1	64	cylinder	4.0	4.297e-11	chi32	P	17	18	0.598647391186	0.599623980505
1	64	cylinder	4.0	4.297e-11	chi32	P	17	19	-0.575697516530	-0.576493583848
1	64	cylinder	4.0	4.297e-11	chi32	P	17	20	0.598711517031	0.599684949543
1	64	cylinder	4.0	4.297e-11	chi32	P	17	21	-0.575597044947	-0.576386580021
1	64	cylinder	4.0	4.297e-11	chi32	P	17	22	0.598849531993	0.599814437202
1	64	cylinder	4.0	4.297e-11	chi32	P	17	23	-0.575420916852	-0.576199969045
1	64	cylinder	4.0	4.297e-11	chi32	P	17	24	0.599065655294	0.600016737194
1	64	cylinder	4.0	4.297e-11	chi32	P	17	25	-0.575162878988	-0.575927590130
1	64	cylinder	4.0	4.297e-11	chi32	P	17	26	0.599368261891	0.600300162247
1	64	cylinder	4.0	4.297e-11	chi32	P	17	27	-0.574812194028	-0.575558753256
1	64	cylinder	4.0	4.297e-11	chi32	P	17	28	0.599770801958	0.600678052309
1	64	cylinder	4.0	4.297e-11	chi32	P	17	29	-0.574352302317	-0.575076892277
1	64	cylinder	4.0	4.297e-11	chi32	P	17	30	0.600293672829	0.601170691017
1	64	cylinder	4.0	4.297e-11	chi32	P	17	31	-0.573758404477	-0.574457144077
1	64	cylinder	4.0	4.297e-11	chi32	P	17	32	0.600967645649	0.601808753948
1	64	cylinder	4.0	4.297e-11	chi64	P	17	1	-0.599366634709	-0.599376304500
1	64	cylinder	4.0	4.297e-11	chi64	P	17	2	0.617619628261	0.617591669378
1	64	cylinder	4.0	4.297e-11	chi64	P	17	3	-0.575899958623	-0.575957993983
1	64	cylinder	4.0	4.297e-11	chi64	P	17	4	0.603454955288	0.603399880181
1	64	cylinder	4.0	4.297e-11	chi64	P	17	5	-0.574310296004	-0.574264992420
1	64	cylinder	4.0	4.297e-11	chi64	P	17	6	0.600705984458	0.600662989656
1	64	cylinder	4.0	4.297e-11	chi64	P	17	7	-0.574598085178	-0.574589118349
1	64	cylinder	4.0	4.297e-11	chi64	P	17	8	0.599724922223	0.599730968666
1	64	cylinder	4.0	4.297e-11	chi64	P	17	9	-0.575009176718	-0.575041303703
1	64	cylinder	4.0	4.297e-11	chi64	P	17	10	0.599223293995	0.599257550078
1	64	cylinder	4.0	4.297e-11	chi64	P	17	11	-0.575330516699	-0.575381095119
1	64	cylinder	4.0	4.297e-11	chi64	P	17	12	0.598923638120	0.598970567835
1	64	cylinder	4.0	4.297e-11	chi64	P	17	13	-0.575549227996	-0.575606037852
1	64	cylinder	4.0	4.297e-11	chi64	P	17	14	0.598744841116	0.598797403543
1	64	cylinder	4.0	4.297e-11	chi64	P	17	15	-0.575677185682	-0.575735593476
1	64	cylinder	4.0	4.297e-11	chi64	P	17	16	0.598656945027	0.598712051039
1	64	cylinder	4.0	4.297e-11	chi64	P	17	17	-0.575724713221	-0.575783156521
1	64	cylinder	4.0	4.297e-11	chi64	P	17	18	0.598647391186	0.598703469191
1	64	cylinder	4.0	4.297e-11	chi64	P	17	19	-0.575697516530	-0.575755423048
1	64	cylinder	4.0	4.297e-11	chi64	P	17	20	0.598711517031	0.598767592879
1	64	cylinder	4.0	4.297e-11	chi64	P	17	21	-0.575597044947	-0.575654085571
1	64	cylinder	4.0	4.297e-11	chi64	P	17	22	0.598849531993	0.598904901151
1	64	cylinder	4.0	4.297e-11	chi64	P	17	23	-0.575420916852	-0.575476769990
1	64	cylinder	4.0	4.297e-11	chi64	P	17	24	0.599065655294	0.599119747623
1	64	cylinder	4.0	4.297e-11	chi64	P	17	25	-0.575162878988	-0.575217149570
1	64	cylinder	4.0	4.297e-11	chi64	P	17	26	0.599368261891	0.599420549062
1	64	cylinder	4.0	4.297e-11	chi64	P	17	27	-0.574812194028	-0.574864293612
1	64	cylinder	4.0	4.297e-11	chi64	P	17	28	0.599770801958	0.599820633984
1	64	cylinder	4.0	4.297e-11	chi64	P	17	29	-0.574352302317	-0.574400876426
1	64	cylinder	4.0	4.297e-11	chi64	P	17	30	0.600293672829	0.600339251569
1	64	cylinder	4.0	4.297e-11	chi64	P	17	31	-0.573758404477	-0.573804342458
1	64	cylinder	4.0	4.297e-11	chi64	P	17	32	0.600967645649	0.601008839618
1	64	cylinder	4.0	4.297e-11	chi128	P	17	1	-0.599366634709	-0.599367151383
1	64	cylinder	4.0	4.297e-11	chi128	P	17	2	0.617619628261	0.617618021406
1	64	cylinder	4.0	4.297e-11	chi128	P	17	3	-0.575899958623	-0.575904975228
1	64	cylinder	4.0	4.297e-11	chi128	P	17	4	0.603454955288	0.603442361630
1	64	cylinder	4.0	4.297e-11	chi128	P	17	5	-0.574310296004	-0.574307846169
1	64	cylinder	4.0	4.297e-11	chi128	P	17	6	0.600705984458	0.600703007800
1	64	cylinder	4.0	4.297e-11	chi128	P	17	7	-0.574598085178	-0.574596638048
1	64	cylinder	4.0	4.297e-11	chi128	P	17	8	0.599724922223	0.599722891028
1	64	cylinder	4.0	4.297e-11	chi128	P	17	9	-0.575009176718	-0.575008142846
1	64	cylinder	4.0	4.297e-11	chi128	P	17	10	0.599223293995	0.599221665441
1	64	cylinder	4.0	4.297e-11	chi128	P	17	11	-0.575330516699	-0.575331379377
1	64	cylinder	4.0	4.297e-11	chi128	P	17	12	0.598923638120	0.598923523349
1	64	cylinder	4.0	4.297e-11	chi128	P	17	13	-0.575549227996	-0.575551432708
1	64	cylinder	4.0	4.297e-11	chi128	P	17	14	0.598744841116	0.598745657994
1	64	cylinder	4.0	4.297e-11	chi128	P	17	15	-0.575677185682	-0.575679909627
1	64	cylinder	4.0	4.297e-11	chi128	P	17	16	0.598656945027	0.598658273831
1	64	cylinder	4.0	4.297e-11	chi128	P	17	17	-0.575724713221	-0.575727502169
1	64	cylinder	4.0	4.297e-11	chi128	P	17	18	0.598647391186	0.598648992949
1	64	cylinder	4.0	4.297e-11	chi128	P	17	19	-0.575697516530	-0.575700191918
1	64	cylinder	4.0	4.297e-11	chi128	P	17	20	0.598711517031	0.598713254630
1	64	cylinder	4.0	4.297e-11	chi128	P	17	21	-0.575597044947	-0.575599593813
1	64	cylinder	4.0	4.297e-11	chi128	P	17	22	0.598849531993	0.598851335542
1	64	cylinder	4.0	4.297e-11	chi128	P	17	23	-0.575420916852	-0.575423430236
1	64	cylinder	4.0	4.297e-11	chi128	P	17	24	0.599065655294	0.599067479963
1	64	cylinder	4.0	4.297e-11	chi128	P	17	25	-0.575162878988	-0.575165260488
1	64	cylinder	4.0	4.297e-11	chi128	P	17	26	0.599368261891	0.599369950604
1	64	cylinder	4.0	4.297e-11	chi128	P	17	27	-0.574812194028	-0.574814452700
1	64	cylinder	4.0	4.297e-11	chi128	P	17	28	0.599770801958	0.599772328443
1	64	cylinder	4.0	4.297e-11	chi128	P	17	29	-0.574352302317	-0.574354467280
1	64	cylinder	4.0	4.297e-11	chi128	P	17	30	0.600293672829	0.600294996364
1	64	cylinder	4.0	4.297e-11	chi128	P	17	31	-0.573758404477	-0.573760480801
1	64	cylinder	4.0	4.297e-11	chi128	P	17	32	0.600967645649	0.600968764056
1	64	cylinder	4.0	4.297e-11	chi256	P	17	1	-0.599366634709	-0.599366640167
1	64	cylinder	4.0	4.297e-11	chi256	P	17	2	0.617619628261	0.617619446960
1	64	cylinder	4.0	4.297e-11	chi256	P	17	3	-0.575899958623	-0.575900057171
1	64	cylinder	4.0	4.297e-11	chi256	P	17	4	0.603454955288	0.603452754540
1	64	cylinder	4.0	4.297e-11	chi256	P	17	5	-0.574310296004	-0.574308810938
1	64	cylinder	4.0	4.297e-11	chi256	P	17	6	0.600705984458	0.600704020623
1	64	cylinder	4.0	4.297e-11	chi256	P	17	7	-0.574598085178	-0.574596913627
1	64	cylinder	4.0	4.297e-11	chi256	P	17	8	0.599724922223	0.599723902454
1	64	cylinder	4.0	4.297e-11	chi256	P	17	9	-0.575009176718	-0.575008543622
1	64	cylinder	4.0	4.297e-11	chi256	P	17	10	0.599223293995	0.599222737583
1	64	cylinder	4.0	4.297e-11	chi256	P	17	11	-0.575330516699	-0.575330155087
1	64	cylinder	4.0	4.297e-11	chi256	P	17	12	0.598923638120	0.598923333952
1	64	cylinder	4.0	4.297e-11	chi256	P	17	13	-0.575549227996	-0.575549056421
1	64	cylinder	4.0	4.297e-11	chi256	P	17	14	0.598744841116	0.598744705673
1	64	cylinder	4.0	4.297e-11	chi256	P	17	15	-0.575677185682	-0.575677151965
1	64	cylinder	4.0	4.297e-11	chi256	P	17	16	0.598656945027	0.598656906365
1	64	cylinder	4.0	4.297e-11	chi256	P	17	17	-0.575724713221	-0.575724754768
1	64	cylinder	4.0	4.297e-11	chi256	P	17	18	0.598647391186	0.598647398051
1	64	cylinder	4.0	4.297e-11	chi256	P	17	19	-0.575697516530	-0.575697590331
1	64	cylinder	4.0	4.297e-11	chi256	P	17	20	0.598711517031	0.598711545137
1	64	cylinder	4.0	4.297e-11	chi256	P	17	21	-0.575597044947	-0.575597126806
1	64	cylinder	4.0	4.297e-11	chi256	P	17	22	0.598849531993	0.598849568947
1	64	cylinder	4.0	4.297e-11	chi256	P	17	23	-0.575420916852	-0.575420994346
1	64	cylinder	4.0	4.297e-11	chi256	P	17	24	0.599065655294	0.599065692052
1	64	cylinder	4.0	4.297e-11	chi256	P	17	25	-0.575162878988	-0.575162952162
1	64	cylinder	4.0	4.297e-11	chi256	P	17	26	0.599368261891	0.599368293240
1	64	cylinder	4.0	4.297e-11	chi256	P	17	27	-0.574812194028	-0.574812265188
1	64	cylinder	4.0	4.297e-11	chi256	P	17	28	0.599770801958	0.599770820519
1	64	cylinder	4.0	4.297e-11	chi256	P	17	29	-0.574352302317	-0.574352375888
1	64	cylinder	4.0	4.297e-11	chi256	P	17	30	0.600293672829	0.600293671084
1	64	cylinder	4.0	4.297e-11	chi256	P	17	31	-0.573758404477	-0.573758485093
1	64	cylinder	4.0	4.297e-11	chi256	P	17	32	0.600967645649	0.600967616783
1	64	cylinder	4.0	4.297e-11	chi512	P	17	1	-0.599366634709	-0.599366634774
1	64	cylinder	4.0	4.297e-11	chi512	P	17	2	0.617619628261	0.617619624575
1	64	cylinder	4.0	4.297e-11	chi512	P	17	3	-0.575899958623	-0.575899957833
1	64	cylinder	4.0	4.297e-11	chi512	P	17	4	0.603454955288	0.603454821944
1	64	cylinder	4.0	4.297e-11	chi512	P	17	5	-0.574310296004	-0.574310353145
1	64	cylinder	4.0	4.297e-11	chi512	P	17	6	0.600705984458	0.600706032964
1	64	cylinder	4.0	4.297e-11	chi512	P	17	7	-0.574598085178	-0.574598124389
1	64	cylinder	4.0	4.297e-11	chi512	P	17	8	0.599724922223	0.599724914785
1	64	cylinder	4.0	4.297e-11	chi512	P	17	9	-0.575009176718	-0.575009158893
1	64	cylinder	4.0	4.297e-11	chi512	P	17	10	0.599223293995	0.599223255987
1	64	cylinder	4.0	4.297e-11	chi512	P	17	11	-0.575330516699	-0.575330479519
1	64	cylinder	4.0	4.297e-11	chi512	P	17	12	0.598923638120	0.598923593503
1	64	cylinder	4.0	4.297e-11	chi512	P	17	13	-0.575549227996	-0.575549197722
1	64	cylinder	4.0	4.297e-11	chi512	P	17	14	0.598744841116	0.598744805512
1	64	cylinder	4.0	4.297e-11	chi512	P	17	15	-0.575677185682	-0.575677167572
1	64	cylinder	4.0	4.297e-11	chi512	P	17	16	0.598656945027	0.598656920463
1	64	cylinder	4.0	4.297e-11	chi512	P	17	17	-0.575724713221	-0.575724705339
1	64	cylinder	4.0	4.297e-11	chi512	P	17	18	0.598647391186	0.598647374538
1	64	cylinder	4.0	4.297e-11	chi512	P	17	19	-0.575697516530	-0.575697515811
1	64	cylinder	4.0	4.297e-11	chi512	P	17	20	0.598711517031	0.598711504798
1	64	cylinder	4.0	4.297e-11	chi512	P	17	21	-0.575597044947	-0.575597048587
1	64	cylinder	4.0	4.297e-11	chi512	P	17	22	0.598849531993	0.598849522219
1	64	cylinder	4.0	4.297e-11	chi512	P	17	23	-0.575420916852	-0.575420922623
1	64	cylinder	4.0	4.297e-11	chi512	P	17	24	0.599065655294	0.599065647267
1	64	cylinder	4.0	4.297e-11	chi512	P	17	25	-0.575162878988	-0.575162885220
1	64	cylinder	4.0	4.297e-11	chi512	P	17	26	0.599368261891	0.599368255238
1	64	cylinder	4.0	4.297e-11	chi512	P	17	27	-0.574812194028	-0.574812200028
1	64	cylinder	4.0	4.297e-11	chi512	P	17	28	0.599770801958	0.599770796601
1	64	cylinder	4.0	4.297e-11	chi512	P	17	29	-0.574352302317	-0.574352306773
1	64	cylinder	4.0	4.297e-11	chi512	P	17	30	0.600293672829	0.600293668867
1	64	cylinder	4.0	4.297e-11	chi512	P	17	31	-0.573758404477	-0.573758408019
1	64	cylinder	4.0	4.297e-11	chi512	P	17	32	0.600967645649	0.600967642138
1	64	cylinder	4.0	4.297e-11	UHF	P	18	1	-0.598685649752	-0.591305404661
1	64	cylinder	4.0	4.297e-11	UHF	P	18	2	0.567399666340	0.614559638158
1	64	cylinder	4.0	4.297e-11	UHF	P	18	3	-0.574107458557	-0.608963234296
1	64	cylinder	4.0	4.297e-11	UHF	P	18	4	0.552980045250	0.609739662893
1	64	cylinder	4.0	4.297e-11	UHF	P	18	5	-0.571657790383	-0.609552566421
1	64	cylinder	4.0	4.297e-11	UHF	P	18	6	0.550790344657	0.609584356144
1	64	cylinder	4.0	4.297e-11	UHF	P	18	7	-0.571283779198	-0.609576678943
1	64	cylinder	4.0	4.297e-11	UHF	P	18	8	0.550329415394	0.609578109272
1	64	cylinder	4.0	4.297e-11	UHF	P	18	9	-0.571200103576	-0.609577764574
1	64	cylinder	4.0	4.297e-11	UHF	P	18	10	0.550226086479	0.609577832071
1	64	cylinder	4.0	4.297e-11	UHF	P	18	11	-0.571173042801	-0.609577815874
1	64	cylinder	4.0	4.297e-11	UHF	P	18	12	0.550196976966	0.609577819153
1	64	cylinder	4.0	4.297e-11	UHF	P	18	13	-0.571176211576	-0.609577818368
1	64	cylinder	4.0	4.297e-11	UHF	P	18	14	0.550165015164	0.609577818530
1	64	cylinder	4.0	4.297e-11	UHF	P	18	15	-0.571213528325	-0.609577818491
1	64	cylinder	4.0	4.297e-11	UHF	P	18	16	0.550103413889	0.609577818499
1	64	cylinder	4.0	4.297e-11	UHF	P	18	17	-0.571292082815	-0.609577818498
1	64	cylinder	4.0	4.297e-11	UHF	P	18	18	0.549999627677	0.609577818498
1	64	cylinder	4.0	4.297e-11	UHF	P	18	19	-0.571418757662	-0.609577818497
1	64	cylinder	4.0	4.297e-11	UHF	P	18	20	0.549845103636	0.609577818498
1	64	cylinder	4.0	4.297e-11	UHF	P	18	21	-0.571600719016	-0.609577818498
1	64	cylinder	4.0	4.297e-11	UHF	P	18	22	0.549631612201	0.609577818498
1	64	cylinder	4.0	4.297e-11	UHF	P	18	23	-0.571846440762	-0.609577818497
1	64	cylinder	4.0	4.297e-11	UHF	P	18	24	0.549349396745	0.609577818498
1	64	cylinder	4.0	4.297e-11	UHF	P	18	25	-0.572166858340	-0.609577818498
1	64	cylinder	4.0	4.297e-11	UHF	P	18	26	0.548985689693	0.609577818498
1	64	cylinder	4.0	4.297e-11	UHF	P	18	27	-0.572576819253	-0.609577818498
1	64	cylinder	4.0	4.297e-11	UHF	P	18	28	0.548522949835	0.609577818498
1	64	cylinder	4.0	4.297e-11	UHF	P	18	29	-0.573097204939	-0.609577818498
1	64	cylinder	4.0	4.297e-11	UHF	P	18	30	0.547936275549	0.609577818498
1	64	cylinder	4.0	4.297e-11	UHF	P	18	31	-0.573758404480	-0.609577818499
1	64	cylinder	4.0	4.297e-11	UHF	P	18	32	0.547189210196	0.609577818499
1	64	cylinder	4.0	4.297e-11	chi2	P	18	1	-0.598685649752	-1.000000000000
1	64	cylinder	4.0	4.297e-11	chi2	P	18	2	0.567399666340	1.000000000000
1	64	cylinder	4.0	4.297e-11	chi2	P	18	3	-0.574107458557	-1.000000000000
1	64	cylinder	4.0	4.297e-11	chi2	P	18	4	0.552980045250	1.000000000000
1	64	cylinder	4.0	4.297e-11	chi2	P	18	5	-0.571657790383	-1.000000000000
1	64	cylinder	4.0	4.297e-11	chi2	P	18	6	0.550790344657	1.000000000000
1	64	cylinder	4.0	4.297e-11	chi2	P	18	7	-0.571283779198	-1.000000000000
1	64	cylinder	4.0	4.297e-11	chi2	P	18	8	0.550329415394	1.000000000000
1	64	cylinder	4.0	4.297e-11	chi2	P	18	9	-0.571200103576	-1.000000000000
1	64	cylinder	4.0	4.297e-11	chi2	P	18	10	0.550226086479	1.000000000000
1	64	cylinder	4.0	4.297e-11	chi2	P	18	11	-0.571173042801	-1.000000000000
1	64	cylinder	4.0	4.297e-11	chi2	P	18	12	0.550196976966	1.000000000000
1	64	cylinder	4.0	4.297e-11	chi2	P	18	13	-0.571176211576	-1.000000000000
1	64	cylinder	4.0	4.297e-11	chi2	P	18	14	0.550165015164	1.000000000000
1	64	cylinder	4.0	4.297e-11	chi2	P	18	15	-0.571213528325	-1.000000000000
1	64	cylinder	4.0	4.297e-11	chi2	P	18	16	0.550103413889	1.000000000000
1	64	cylinder	4.0	4.297e-11	chi2	P	18	17	-0.571292082815	-1.000000000000
1	64	cylinder	4.0	4.297e-11	chi2	P	18	18	0.549999627677	1.000000000000
1	64	cylinder	4.0	4.297e-11	chi2	P	18	19	-0.571418757662	-1.000000000000
1	64	cylinder	4.0	4.297e-11	chi2	P	18	20	0.549845103636	1.000000000000
1	64	cylinder	4.0	4.297e-11	chi2	P	18	21	-0.571600719016	-1.000000000000
1	64	cylinder	4.0	4.297e-11	chi2	P	18	22	0.549631612201	1.000000000000
1	64	cylinder	4.0	4.297e-11	chi2	P	18	23	-0.571846440762	-1.000000000000
1	64	cylinder	4.0	4.297e-11	chi2	P	18	24	0.549349396745	1.000000000000
1	64	cylinder	4.0	4.297e-11	chi2	P	18	25	-0.572166858340	-1.000000000000
1	64	cylinder	4.0	4.297e-11	chi2	P	18	26	0.548985689693	1.000000000000
1	64	cylinder	4.0	4.297e-11	chi2	P	18	27	-0.572576819253	-1.000000000000
1	64	cylinder	4.0	4.297e-11	chi2	P	18	28	0.548522949835	1.000000000000
1	64	cylinder	4.0	4.297e-11	chi2	P	18	29	-0.573097204939	-1.000000000000
1	64	cylinder	4.0	4.297e-11	chi2	P	18	30	0.547936275549	1.000000000000
1	64	cylinder	4.0	4.297e-11	chi2	P	18	31	-0.573758404480	-1.000000000000
1	64	cylinder	4.0	4.297e-11	chi2	P	18	32	0.547189210196	1.000000000000
1	64	cylinder	4.0	4.297e-11	chi4	P	18	1	-0.598685649752	-0.754666452690
1	64	cylinder	4.0	4.297e-11	chi4	P	18	2	0.567399666340	0.577672530202
1	64	cylinder	4.0	4.297e-11	chi4	P	18	3	-0.574107458557	-0.754666452690
1	64	cylinder	4.0	4.297e-11	chi4	P	18	4	0.552980045250	0.570450437985
1	64	cylinder	4.0	4.297e-11	chi4	P	18	5	-0.571657790383	-0.754666452690
1	64	cylinder	4.0	4.297e-11	chi4	P	18	6	0.550790344657	0.570606579503
1	64	cylinder	4.0	4.297e-11	chi4	P	18	7	-0.571283779198	-0.754666452690
1	64	cylinder	4.0	4.297e-11	chi4	P	18	8	0.550329415394	0.570847624178
1	64	cylinder	4.0	4.297e-11	chi4	P	18	9	-0.571200103576	-0.754666452690
1	64	cylinder	4.0	4.297e-11	chi4	P	18	10	0.550226086479	0.571049244347
1	64	cylinder	4.0	4.297e-11	chi4	P	18	11	-0.571173042801	-0.754666452690
1	64	cylinder	4.0	4.297e-11	chi4	P	18	12	0.550196976966	0.571214508216
1	64	cylinder	4.0	4.297e-11	chi4	P	18	13	-0.571176211576	-0.754666452690
1	64	cylinder	4.0	4.297e-11	chi4	P	18	14	0.550165015164	0.571346919204
1	64	cylinder	4.0	4.297e-11	chi4	P	18	15	-0.571213528325	-0.754666452690
1	64	cylinder	4.0	4.297e-11	chi4	P	18	16	0.550103413889	0.571448433652
1	64	cylinder	4.0	4.297e-11	chi4	P	18	17	-0.571292082815	-0.754666452690
1	64	cylinder	4.0	4.297e-11	chi4	P	18	18	0.549999627677	0.571519571557
1	64	cylinder	4.0	4.297e-11	chi4	P	18	19	-0.571418757662	-0.754666452690
1	64	cylinder	4.0	4.297e-11	chi4	P	18	20	0.549845103636	0.571559400221
1	64	cylinder	4.0	4.297e-11	chi4	P	18	21	-0.571600719016	-0.754666452690
1	64	cylinder	4.0	4.297e-11	chi4	P	18	22	0.549631612201	0.571565341343
1	64	cylinder	4.0	4.297e-11	chi4	P	18	23	-0.571846440762	-0.754666452690
1	64	cylinder	4.0	4.297e-11	chi4	P	18	24	0.549349396745	0.571532746919
1	64	cylinder	4.0	4.297e-11	chi4	P	18	25	-0.572166858340	-0.754666452690
1	64	cylinder	4.0	4.297e-11	chi4	P	18	26	0.548985689693	0.571454128946
1	64	cylinder	4.0	4.297e-11	chi4	P	18	27	-0.572576819253	-0.754666452690
1	64	cylinder	4.0	4.297e-11	chi4	P	18	28	0.548522949835	0.571317802122
1	64	cylinder	4.0	4.297e-11	chi4	P	18	29	-0.573097204939	-0.754666452690
1	64	cylinder	4.0	4.297e-11	chi4	P	18	30	0.547936275549	0.571105453106
1	64	cylinder	4.0	4.297e-11	chi4	P	18	31	-0.573758404480	-0.754666452690
1	64	cylinder	4.0	4.297e-11	chi4	P	18	32	0.547189210196	0.570787572548
1	64	cylinder	4.0	4.297e-11	chi8	P	18	1	-0.598685649752	-0.608499329042
1	64	cylinder	4.0	4.297e-11	chi8	P	18	2	0.567399666340	0.574766396497
1	64	cylinder	4.0	4.297e-11	chi8	P	18	3	-0.574107458557	-0.590661821309
1	64	cylinder	4.0	4.297e-11	chi8	P	18	4	0.552980045250	0.568426465186
1	64	cylinder	4.0	4.297e-11	chi8	P	18	5	-0.571657790383	-0.591838861526
1	64	cylinder	4.0	4.297e-11	chi8	P	18	6	0.550790344657	0.567316917954
1	64	cylinder	4.0	4.297e-11	chi8	P	18	7	-0.571283779198	-0.592078447220
1	64	cylinder	4.0	4.297e-11	chi8	P	18	8	0.550329415394	0.567262057775
1	64	cylinder	4.0	4.297e-11	chi8	P	18	9	-0.571200103576	-0.592025774114
1	64	cylinder	4.0	4.297e-11	chi8	P	18	10	0.550226086479	0.567460912126
1	64	cylinder	4.0	4.297e-11	chi8	P	18	11	-0.571173042801	-0.591913743190
1	64	cylinder	4.0	4.297e-11	chi8	P	18	12	0.550196976966	0.567685191095
1	64	cylinder	4.0	4.297e-11	chi8	P	18	13	-0.571176211576	-0.591809465768
1	64	cylinder	4.0	4.297e-11	chi8	P	18	14	0.550165015164	0.567869179597
1	64	cylinder	4.0	4.297e-11	chi8	P	18	15	-0.571213528325	-0.591732117514
1	64	cylinder	4.0	4.297e-11	chi8	P	18	16	0.550103413889	0.567993463220
1	64	cylinder	4.0	4.297e-11	chi8	P	18	17	-0.571292082815	-0.591687660297
1	64	cylinder	4.0	4.297e-11	chi8	P	18	18	0.549999627677	0.568050607863
1	64	cylinder	4.0	4.297e-11	chi8	P	18	19	-0.571418757662	-0.591679162045
1	64	cylinder	4.0	4.297e-11	chi8	P	18	20	0.549845103636	0.568034734083
1	64	cylinder	4.0	4.297e-11	chi8	P	18	21	-0.571600719016	-0.591710031342
1	64	cylinder	4.0	4.297e-11	chi8	P	18	22	0.549631612201	0.567937996498
1	64	cylinder	4.0	4.297e-11	chi8	P	18	23	-0.571846440762	-0.591785277454
1	64	cylinder	4.0	4.297e-11	chi8	P	18	24	0.549349396745	0.567748857768
1	64	cylinder	4.0	4.297e-11	chi8	P	18	25	-0.572166858340	-0.591912377183
1	64	cylinder	4.0	4.297e-11	chi8	P	18	26	0.548985689693	0.567450488463
1	64	cylinder	4.0	4.297e-11	chi8	P	18	27	-0.572576819253	-0.592102337268
1	64	cylinder	4.0	4.297e-11	chi8	P	18	28	0.548522949835	0.567018536898
1	64	cylinder	4.0	4.297e-11	chi8	P	18	29	-0.573097204939	-0.592371348372
1	64	cylinder	4.0	4.297e-11	chi8	P	18	30	0.547936275549	0.566417572894
1	64	cylinder	4.0	4.297e-11	chi8	P	18	31	-0.573758404480	-0.592743577303
1	64	cylinder	4.0	4.297e-11	chi8	P	18	32	0.547189210196	0.565595092950
1	64	cylinder	4.0	4.297e-11	chi16	P	18	1	-0.598685649752	-0.600562077667
1	64	cylinder	4.0	4.297e-11	chi16	P	18	2	0.567399666340	0.562699994863
1	64	cylinder	4.0	4.297e-11	chi16	P	18	3	-0.574107458557	-0.574633872586
1	64	cylinder	4.0	4.297e-11	chi16	P	18	4	0.552980045250	0.555488947298
1	64	cylinder	4.0	4.297e-11	chi16	P	18	5	-0.571657790383	-0.575381400707
1	64	cylinder	4.0	4.297e-11	chi16	P	18	6	0.550790344657	0.554799729777
1	64	cylinder	4.0	4.297e-11	chi16	P	18	7	-0.571283779198	-0.575723526419
1	64	cylinder	4.0	4.297e-11	chi16	P	18	8	0.550329415394	0.554574247043
1	64	cylinder	4.0	4.297e-11	chi16	P	18	9	-0.571200103576	-0.575857008522
1	64	cylinder	4.0	4.297e-11	chi16	P	18	10	0.550226086479	0.554484034701
1	64	cylinder	4.0	4.297e-11	chi16	P	18	11	-0.571173042801	-0.575918000174
1	64	cylinder	4.0	4.297e-11	chi16	P	18	12	0.550196976966	0.554437600629
1	64	cylinder	4.0	4.297e-11	chi16	P	18	13	-0.571176211576	-0.575960291378
1	64	cylinder	4.0	4.297e-11	chi16	P	18	14	0.550165015164	0.554392910245
1	64	cylinder	4.0	4.297e-11	chi16	P	18	15	-0.571213528325	-0.576011219652
1	64	cylinder	4.0	4.297e-11	chi16	P	18	16	0.550103413889	0.554326187727
1	64	cylinder	4.0	4.297e-11	chi16	P	18	17	-0.571292082815	-0.576087387201
1	64	cylinder	4.0	4.297e-11	chi16	P	18	18	0.549999627677	0.554221881774
1	64	cylinder	4.0	4.297e-11	chi16	P	18	19	-0.571418757662	-0.576200543469
1	64	cylinder	4.0	4.297e-11	chi16	P	18	20	0.549845103636	0.554068108902
1	64	cylinder	4.0	4.297e-11	chi16	P	18	21	-0.571600719016	-0.576360571190
1	64	cylinder	4.0	4.297e-11	chi16	P	18	22	0.549631612201	0.553854014246
1	64	cylinder	4.0	4.297e-11	chi16	P	18	23	-0.571846440762	-0.576577413240
1	64	cylinder	4.0	4.297e-11	chi16	P	18	24	0.549349396745	0.553567877340
1	64	cylinder	4.0	4.297e-11	chi16	P	18	25	-0.572166858340	-0.576862649504
1	64	cylinder	4.0	4.297e-11	chi16	P	18	26	0.548985689693	0.553195378289
1	64	cylinder	4.0	4.297e-11	chi16	P	18	27	-0.572576819253	-0.577231161554
1	64	cylinder	4.0	4.297e-11	chi16	P	18	28	0.548522949835	0.552717566188
1	64	cylinder	4.0	4.297e-11	chi16	P	18	29	-0.573097204939	-0.577703326905
1	64	cylinder	4.0	4.297e-11	chi16	P	18	30	0.547936275549	0.552107978298
1	64	cylinder	4.0	4.297e-11	chi16	P	18	31	-0.573758404480	-0.578308402063
1	64	cylinder	4.0	4.297e-11	chi16	P	18	32	0.547189210196	0.551328017195
1	64	cylinder	4.0	4.297e-11	chi32	P	18	1	-0.598685649752	-0.598919165715
1	64	cylinder	4.0	4.297e-11	chi32	P	18	2	0.567399666340	0.565810029122
1	64	cylinder	4.0	4.297e-11	chi32	P	18	3	-0.574107458557	-0.573884533468
1	64	cylinder	4.0	4.297e-11	chi32	P	18	4	0.552980045250	0.552674441055
1	64	cylinder	4.0	4.297e-11	chi32	P	18	5	-0.571657790383	-0.572102297510
1	64	cylinder	4.0	4.297e-11	chi32	P	18	6	0.550790344657	0.550988111911
1	64	cylinder	4.0	4.297e-11	chi32	P	18	7	-0.571283779198	-0.571994164731
1	64	cylinder	4.0	4.297e-11	chi32	P	18	8	0.550329415394	0.550738881897
1	64	cylinder	4.0	4.297e-11	chi32	P	18	9	-0.571200103576	-0.571999304376
1	64	cylinder	4.0	4.297e-11	chi32	P	18	10	0.550226086479	0.550704466484
1	64	cylinder	4.0	4.297e-11	chi32	P	18	11	-0.571173042801	-0.572001455186
1	64	cylinder	4.0	4.297e-11	chi32	P	18	12	0.550196976966	0.550693604167
1	64	cylinder	4.0	4.297e-11	chi32	P	18	13	-0.571176211576	-0.572014556285
1	64	cylinder	4.0	4.297e-11	chi32	P	18	14	0.550165015164	0.550663678322
1	64	cylinder	4.0	4.297e-11	chi32	P	18	15	-0.571213528325	-0.572053344347
1	64	cylinder	4.0	4.297e-11	chi32	P	18	16	0.550103413889	0.550598980626
1	64	cylinder	4.0	4.297e-11	chi32	P	18	17	-0.571292082815	-0.572127326391
1	64	cylinder	4.0	4.297e-11	chi32	P	18	18	0.549999627677	0.550490164187
1	64	cylinder	4.0	4.297e-11	chi32	P	18	19	-0.571418757662	-0.572243828208
1	64	cylinder	4.0	4.297e-11	chi32	P	18	20	0.549845103636	0.550329315040
1	64	cylinder	4.0	4.297e-11	chi32	P	18	21	-0.571600719016	-0.572410101511
1	64	cylinder	4.0	4.297e-11	chi32	P	18	22	0.549631612201	0.550108026508
1	64	cylinder	4.0	4.297e-11	chi32	P	18	23	-0.571846440762	-0.572634673487
1	64	cylinder	4.0	4.297e-11	chi32	P	18	24	0.549349396745	0.549816129628
1	64	cylinder	4.0	4.297e-11	chi32	P	18	25	-0.572166858340	-0.572928534016
1	64	cylinder	4.0	4.297e-11	chi32	P	18	26	0.548985689693	0.549440405018
1	64	cylinder	4.0	4.297e-11	chi32	P	18	27	-0.572576819253	-0.573306575880
1	64	cylinder	4.0	4.297e-11	chi32	P	18	28	0.548522949835	0.548962882075
1	64	cylinder	4.0	4.297e-11	chi32	P	18	29	-0.573097204939	-0.573789712602
1	64	cylinder	4.0	4.297e-11	chi32	P	18	30	0.547936275549	0.548358264341
1	64	cylinder	4.0	4.297e-11	chi32	P	18	31	-0.573758404480	-0.574408354454
1	64	cylinder	4.0	4.297e-11	chi32	P	18	32	0.547189210196	0.547589720826
1	64	cylinder	4.0	4.297e-11	chi64	P	18	1	-0.598685649752	-0.598696380375
1	64	cylinder	4.0	4.297e-11	chi64	P	18	2	0.567399666340	0.567217937027
1	64	cylinder	4.0	4.297e-11	chi64	P	18	3	-0.574107458557	-0.574172495546
1	64	cylinder	4.0	4.297e-11	chi64	P	18	4	0.552980045250	0.552994545966
1	64	cylinder	4.0	4.297e-11	chi64	P	18	5	-0.571657790383	-0.571612964982
1	64	cylinder	4.0	4.297e-11	chi64	P	18	6	0.550790344657	0.550739582586
1	64	cylinder	4.0	4.297e-11	chi64	P	18	7	-0.571283779198	-0.571280074175
1	64	cylinder	4.0	4.297e-11	chi64	P	18	8	0.550329415394	0.550321025738
1	64	cylinder	4.0	4.297e-11	chi64	P	18	9	-0.571200103576	-0.571238592988
1	64	cylinder	4.0	4.297e-11	chi64	P	18	10	0.550226086479	0.550246537344
1	64	cylinder	4.0	4.297e-11	chi64	P	18	11	-0.571173042801	-0.571229462156
1	64	cylinder	4.0	4.297e-11	chi64	P	18	12	0.550196976966	0.550230174712
1	64	cylinder	4.0	4.297e-11	chi64	P	18	13	-0.571176211576	-0.571238121291
1	64	cylinder	4.0	4.297e-11	chi64	P	18	14	0.550165015164	0.550203382597
1	64	cylinder	4.0	4.297e-11	chi64	P	18	15	-0.571213528325	-0.571276444239
1	64	cylinder	4.0	4.297e-11	chi64	P	18	16	0.550103413889	0.550143692882
1	64	cylinder	4.0	4.297e-11	chi64	P	18	17	-0.571292082815	-0.571354612172
1	64	cylinder	4.0	4.297e-11	chi64	P	18	18	0.549999627677	0.550040243619
1	64	cylinder	4.0	4.297e-11	chi64	P	18	19	-0.571418757662	-0.571480440335
1	64	cylinder	4.0	4.297e-11	chi64	P	18	20	0.549845103636	0.549885146641
1	64	cylinder	4.0	4.297e-11	chi64	P	18	21	-0.571600719016	-0.571661276788
1	64	cylinder	4.0	4.297e-11	chi64	P	18	22	0.549631612201	0.549670471694
1	64	cylinder	4.0	4.297e-11	chi64	P	18	23	-0.571846440762	-0.571905551050
1	64	cylinder	4.0	4.297e-11	chi64	P	18	24	0.549349396745	0.549386597873
1	64	cylinder	4.0	4.297e-11	chi64	P	18	25	-0.572166858340	-0.572224079439
1	64	cylinder	4.0	4.297e-11	chi64	P	18	26	0.548985689693	0.549020714353
1	64	cylinder	4.0	4.297e-11	chi64	P	18	27	-0.572576819253	-0.572631473522
1	64	cylinder	4.0	4.297e-11	chi64	P	18	28	0.548522949835	0.548554636244
1	64	cylinder	4.0	4.297e-11	chi64	P	18	29	-0.573097204939	-0.573147422373
1	64	cylinder	4.0	4.297e-11	chi64	P	18	30	0.547936275549	0.547965677607
1	64	cylinder	4.0	4.297e-11	chi64	P	18	31	-0.573758404480	-0.573803823228
1	64	cylinder	4.0	4.297e-11	chi64	P	18	32	0.547189210196	0.547214961431
1	64	cylinder	4.0	4.297e-11	chi128	P	18	1	-0.598685649752	-0.598686199888
1	64	cylinder	4.0	4.297e-11	chi128	P	18	2	0.567399666340	0.567395858778
1	64	cylinder	4.0	4.297e-11	chi128	P	18	3	-0.574107458557	-0.574112616226
1	64	cylinder	4.0	4.297e-11	chi128	P	18	4	0.552980045250	0.552972593440
1	64	cylinder	4.0	4.297e-11	chi128	P	18	5	-0.571657790383	-0.571655562834
1	64	cylinder	4.0	4.297e-11	chi128	P	18	6	0.550790344657	0.550787645547
1	64	cylinder	4.0	4.297e-11	chi128	P	18	7	-0.571283779198	-0.571281957000
1	64	cylinder	4.0	4.297e-11	chi128	P	18	8	0.550329415394	0.550326198031
1	64	cylinder	4.0	4.297e-11	chi128	P	18	9	-0.571200103576	-0.571200052516
1	64	cylinder	4.0	4.297e-11	chi128	P	18	10	0.550226086479	0.550223510774
1	64	cylinder	4.0	4.297e-11	chi128	P	18	11	-0.571173042801	-0.571173456971
1	64	cylinder	4.0	4.297e-11	chi128	P	18	12	0.550196976966	0.550195748749
1	64	cylinder	4.0	4.297e-11	chi128	P	18	13	-0.571176211576	-0.571177998462
1	64	cylinder	4.0	4.297e-11	chi128	P	18	14	0.550165015164	0.550164779882
1	64	cylinder	4.0	4.297e-11	chi128	P	18	15	-0.571213528325	-0.571216038786
1	64	cylinder	4.0	4.297e-11	chi128	P	18	16	0.550103413889	0.550103755911
1	64	cylinder	4.0	4.297e-11	chi128	P	18	17	-0.571292082815	-0.571294802236
1	64	cylinder	4.0	4.297e-11	chi128	P	18	18	0.549999627677	0.550000312048
1	64	cylinder	4.0	4.297e-11	chi128	P	18	19	-0.571418757662	-0.571421441828
1	64	cylinder	4.0	4.297e-11	chi128	P	18	20	0.549845103636	0.549846013964
1	64	cylinder	4.0	4.297e-11	chi128	P	18	21	-0.571600719016	-0.571603308393
1	64	cylinder	4.0	4.297e-11	chi128	P	18	22	0.549631612201	0.549632717070
1	64	cylinder	4.0	4.297e-11	chi128	P	18	23	-0.571846440762	-0.571848880108
1	64	cylinder	4.0	4.297e-11	chi128	P	18	24	0.549349396745	0.549350567838
1	64	cylinder	4.0	4.297e-11	chi128	P	18	25	-0.572166858340	-0.572169207770
1	64	cylinder	4.0	4.297e-11	chi128	P	18	26	0.548985689693	0.548986796501
1	64	cylinder	4.0	4.297e-11	chi128	P	18	27	-0.572576819253	-0.572579063444
1	64	cylinder	4.0	4.297e-11	chi128	P	18	28	0.548522949835	0.548523921296
1	64	cylinder	4.0	4.297e-11	chi128	P	18	29	-0.573097204939	-0.573099374929
1	64	cylinder	4.0	4.297e-11	chi128	P	18	30	0.547936275549	0.547937064731
1	64	cylinder	4.0	4.297e-11	chi128	P	18	31	-0.573758404480	-0.573760476786
1	64	cylinder	4.0	4.297e-11	chi128	P	18	32	0.547189210196	0.547189793901
1	64	cylinder	4.0	4.297e-11	chi256	P	18	1	-0.598685649752	-0.598685656107
1	64	cylinder	4.0	4.297e-11	chi256	P	18	2	0.567399666340	0.567399535078
1	64	cylinder	4.0	4.297e-11	chi256	P	18	3	-0.574107458557	-0.574107633874
1	64	cylinder	4.0	4.297e-11	chi256	P	18	4	0.552980045250	0.552977979709
1	64	cylinder	4.0	4.297e-11	chi256	P	18	5	-0.571657790383	-0.571655877281
1	64	cylinder	4.0	4.297e-11	chi256	P	18	6	0.550790344657	0.550788419158
1	64	cylinder	4.0	4.297e-11	chi256	P	18	7	-0.571283779198	-0.571282441819
1	64	cylinder	4.0	4.297e-11	chi256	P	18	8	0.550329415394	0.550328415589
1	64	cylinder	4.0	4.297e-11	chi256	P	18	9	-0.571200103576	-0.571199424755
1	64	cylinder	4.0	4.297e-11	chi256	P	18	10	0.550226086479	0.550225538897
1	64	cylinder	4.0	4.297e-11	chi256	P	18	11	-0.571173042801	-0.571172685145
1	64	cylinder	4.0	4.297e-11	chi256	P	18	12	0.550196976966	0.550196715211
1	64	cylinder	4.0	4.297e-11	chi256	P	18	13	-0.571176211576	-0.571176023807
1	64	cylinder	4.0	4.297e-11	chi256	P	18	14	0.550165015164	0.550164889837
1	64	cylinder	4.0	4.297e-11	chi256	P	18	15	-0.571213528325	-0.571213465221
1	64	cylinder	4.0	4.297e-11	chi256	P	18	16	0.550103413889	0.550103334097
1	64	cylinder	4.0	4.297e-11	chi256	P	18	17	-0.571292082815	-0.571292108196
1	64	cylinder	4.0	4.297e-11	chi256	P	18	18	0.549999627677	0.549999560507
1	64	cylinder	4.0	4.297e-11	chi256	P	18	19	-0.571418757662	-0.571418828581
1	64	cylinder	4.0	4.297e-11	chi256	P	18	20	0.549845103636	0.549845043618
1	64	cylinder	4.0	4.297e-11	chi256	P	18	21	-0.571600719016	-0.571600803855
1	64	cylinder	4.0	4.297e-11	chi256	P	18	22	0.549631612201	0.549631560413
1	64	cylinder	4.0	4.297e-11	chi256	P	18	23	-0.571846440762	-0.571846523931
1	64	cylinder	4.0	4.297e-11	chi256	P	18	24	0.549349396745	0.549349352543
1	64	cylinder	4.0	4.297e-11	chi256	P	18	25	-0.572166858340	-0.572166932834
1	64	cylinder	4.0	4.297e-11	chi256	P	18	26	0.548985689693	0.548985651082
1	64	cylinder	4.0	4.297e-11	chi256	P	18	27	-0.572576819253	-0.572576887921
1	64	cylinder	4.0	4.297e-11	chi256	P	18	28	0.548522949835	0.548522912666
1	64	cylinder	4.0	4.297e-11	chi256	P	18	29	-0.573097204939	-0.573097275410
1	64	cylinder	4.0	4.297e-11	chi256	P	18	30	0.547936275549	0.547936233451
1	64	cylinder	4.0	4.297e-11	chi256	P	18	31	-0.573758404480	-0.573758486359
1	64	cylinder	4.0	4.297e-11	chi256	P	18	32	0.547189210196	0.547189157937
1	64	cylinder	4.0	4.297e-11	chi512	P	18	1	-0.598685649752	-0.598685649827
1	64	cylinder	4.0	4.297e-11	chi512	P	18	2	0.567399666340	0.567399663977
1	64	cylinder	4.0	4.297e-11	chi512	P	18	3	-0.574107458557	-0.574107453844
1	64	cylinder	4.0	4.297e-11	chi512	P	18	4	0.552980045250	0.552979889908
1	64	cylinder	4.0	4.297e-11	chi512	P	18	5	-0.571657790383	-0.571657854469
1	64	cylinder	4.0	4.297e-11	chi512	P	18	6	0.550790344657	0.550790405771
1	64	cylinder	4.0	4.297e-11	chi512	P	18	7	-0.571283779198	-0.571283805934
1	64	cylinder	4.0	4.297e-11	chi512	P	18	8	0.550329415394	0.550329380520
1	64	cylinder	4.0	4.297e-11	chi512	P	18	9	-0.571200103576	-0.571200088602
1	64	cylinder	4.0	4.297e-11	chi512	P	18	10	0.550226086479	0.550226027565
1	64	cylinder	4.0	4.297e-11	chi512	P	18	11	-0.571173042801	-0.571173007885
1	64	cylinder	4.0	4.297e-11	chi512	P	18	12	0.550196976966	0.550196925387
1	64	cylinder	4.0	4.297e-11	chi512	P	18	13	-0.571176211576	-0.571176182853
1	64	cylinder	4.0	4.297e-11	chi512	P	18	14	0.550165015164	0.550164979836
1	64	cylinder	4.0	4.297e-11	chi512	P	18	15	-0.571213528325	-0.571213510402
1	64	cylinder	4.0	4.297e-11	chi512	P	18	16	0.550103413889	0.550103393700
1	64	cylinder	4.0	4.297e-11	chi512	P	18	17	-0.571292082815	-0.571292074048
1	64	cylinder	4.0	4.297e-11	chi512	P	18	18	0.549999627677	0.549999617245
1	64	cylinder	4.0	4.297e-11	chi512	P	18	19	-0.571418757662	-0.571418755525
1	64	cylinder	4.0	4.297e-11	chi512	P	18	20	0.549845103636	0.549845097714
1	64	cylinder	4.0	4.297e-11	chi512	P	18	21	-0.571600719016	-0.571600721154
1	64	cylinder	4.0	4.297e-11	chi512	P	18	22	0.549631612201	0.549631607569
1	64	cylinder	4.0	4.297e-11	chi512	P	18	23	-0.571846440762	-0.571846445235
1	64	cylinder	4.0	4.297e-11	chi512	P	18	24	0.549349396745	0.549349392301
1	64	cylinder	4.0	4.297e-11	chi512	P	18	25	-0.572166858340	-0.572166863798
1	64	cylinder	4.0	4.297e-11	chi512	P	18	26	0.548985689693	0.548985685147
1	64	cylinder	4.0	4.297e-11	chi512	P	18	27	-0.572576819253	-0.572576824575
1	64	cylinder	4.0	4.297e-11	chi512	P	18	28	0.548522949835	0.548522946466
1	64	cylinder	4.0	4.297e-11	chi512	P	18	29	-0.573097204939	-0.573097209152
1	64	cylinder	4.0	4.297e-11	chi512	P	18	30	0.547936275549	0.547936272997
1	64	cylinder	4.0	4.297e-11	chi512	P	18	31	-0.573758404480	-0.573758408009
1	64	cylinder	4.0	4.297e-11	chi512	P	18	32	0.547189210196	0.547189207690
1	64	cylinder	4.0	4.297e-11	UHF	Q	17	1	-0.000000000000	0.768963851335
1	64	cylinder	4.0	4.297e-11	UHF	Q	17	2	-0.575897292549	-0.783938542347
1	64	cylinder	4.0	4.297e-11	UHF	Q	17	3	0.000000000000	-0.780360964114
1	64	cylinder	4.0	4.297e-11	UHF	Q	17	4	0.509916117747	0.780858286342
1	64	cylinder	4.0	4.297e-11	UHF	Q	17	5	-0.000000000001	0.780738475205
1	64	cylinder	4.0	4.297e-11	UHF	Q	17	6	-0.481397856028	-0.780758834823
1	64	cylinder	4.0	4.297e-11	UHF	Q	17	7	0.000000000001	-0.780753916739
1	64	cylinder	4.0	4.297e-11	UHF	Q	17	8	0.465023500848	0.780754833540
1	64	cylinder	4.0	4.297e-11	UHF	Q	17	9	-0.000000000001	0.780754612149
1	64	cylinder	4.0	4.297e-11	UHF	Q	17	10	-0.454413600814	-0.780754655571
1	64	cylinder	4.0	4.297e-11	UHF	Q	17	11	0.000000000002	-0.780754645104
1	64	cylinder	4.0	4.297e-11	UHF	Q	17	12	0.447143547111	0.780754647224
1	64	cylinder	4.0	4.297e-11	UHF	Q	17	13	-0.000000000002	0.780754646714
1	64	cylinder	4.0	4.297e-11	UHF	Q	17	14	-0.442070684469	-0.780754646819
1	64	cylinder	4.0	4.297e-11	UHF	Q	17	15	0.000000000003	-0.780754646794
1	64	cylinder	4.0	4.297e-11	UHF	Q	17	16	0.438583688500	0.780754646800
1	64	cylinder	4.0	4.297e-11	UHF	Q	17	17	-0.000000000003	0.780754646798
1	64	cylinder	4.0	4.297e-11	UHF	Q	17	18	-0.436329738350	-0.780754646799
1	64	cylinder	4.0	4.297e-11	UHF	Q	17	19	0.000000000002	-0.780754646799
1	64	cylinder	4.0	4.297e-11	UHF	Q	17	20	0.435097620498	0.780754646799
1	64	cylinder	4.0	4.297e-11	UHF	Q	17	21	0.000000000002	0.780754646799
1	64	cylinder	4.0	4.297e-11	UHF	Q	17	22	-0.434761961014	-0.780754646799
1	64	cylinder	4.0	4.297e-11	UHF	Q	17	23	-0.000000000002	-0.780754646799
1	64	cylinder	4.0	4.297e-11	UHF	Q	17	24	0.435255016448	0.780754646799
1	64	cylinder	4.0	4.297e-11	UHF	Q	17	25	0.000000000001	0.780754646799
1	64	cylinder	4.0	4.297e-11	UHF	Q	17	26	-0.436552550127	-0.780754646799
1	64	cylinder	4.0	4.297e-11	UHF	Q	17	27	-0.000000000002	-0.780754646799
1	64	cylinder	4.0	4.297e-11	UHF	Q	17	28	0.438668085165	0.780754646799
1	64	cylinder	4.0	4.297e-11	UHF	Q	17	29	0.000000000001	0.780754646799
1	64	cylinder	4.0	4.297e-11	UHF	Q	17	30	-0.441653390837	-0.780754646799
1	64	cylinder	4.0	4.297e-11	UHF	Q	17	31	-0.000000000000	-0.780754646799
1	64	cylinder	4.0	4.297e-11	UHF	Q	17	32	0.445605269411	0.780754646799
1	64	cylinder	4.0	4.297e-11	chi2	Q	17	1	-0.000000000000	-0.000000000042
1	64	cylinder	4.0	4.297e-11	chi2	Q	17	2	-0.575897292549	-1.000000000000
1	64	cylinder	4.0	4.297e-11	chi2	Q	17	3	0.000000000000	0.000000000050
1	64	cylinder	4.0	4.297e-11	chi2	Q	17	4	0.509916117747	1.000000000000
1	64	cylinder	4.0	4.297e-11	chi2	Q	17	5	-0.000000000001	-0.000000000047
1	64	cylinder	4.0	4.297e-11	chi2	Q	17	6	-0.481397856028	-1.000000000000
1	64	cylinder	4.0	4.297e-11	chi2	Q	17	7	0.000000000001	0.000000000053
1	64	cylinder	4.0	4.297e-11	chi2	Q	17	8	0.465023500848	1.000000000000
1	64	cylinder	4.0	4.297e-11	chi2	Q	17	9	-0.000000000001	-0.000000000057
1	64	cylinder	4.0	4.297e-11	chi2	Q	17	10	-0.454413600814	-1.000000000000
1	64	cylinder	4.0	4.297e-11	chi2	Q	17	11	0.000000000002	0.000000000060
1	64	cylinder	4.0	4.297e-11	chi2	Q	17	12	0.447143547111	1.000000000000
1	64	cylinder	4.0	4.297e-11	chi2	Q	17	13	-0.000000000002	-0.000000000061
1	64	cylinder	4.0	4.297e-11	chi2	Q	17	14	-0.442070684469	-1.000000000000
1	64	cylinder	4.0	4.297e-11	chi2	Q	17	15	0.000000000003	0.000000000062
1	64	cylinder	4.0	4.297e-11	chi2	Q	17	16	0.438583688500	1.000000000000
1	64	cylinder	4.0	4.297e-11	chi2	Q	17	17	-0.000000000003	-0.000000000063
1	64	cylinder	4.0	4.297e-11	chi2	Q	17	18	-0.436329738350	-1.000000000000
1	64	cylinder	4.0	4.297e-11	chi2	Q	17	19	0.000000000002	0.000000000061
1	64	cylinder	4.0	4.297e-11	chi2	Q	17	20	0.435097620498	1.000000000000
1	64	cylinder	4.0	4.297e-11	chi2	Q	17	21	0.000000000002	-0.000000000054
1	64	cylinder	4.0	4.297e-11	chi2	Q	17	22	-0.434761961014	-1.000000000000
1	64	cylinder	4.0	4.297e-11	chi2	Q	17	23	-0.000000000002	0.000000000030
1	64	cylinder	4.0	4.297e-11	chi2	Q	17	24	0.435255016448	1.000000000000
1	64	cylinder	4.0	4.297e-11	chi2	Q	17	25	0.000000000001	0.000000000030
1	64	cylinder	4.0	4.297e-11	chi2	Q	17	26	-0.436552550127	-1.000000000000
1	64	cylinder	4.0	4.297e-11	chi2	Q	17	27	-0.000000000002	-0.000000000038
1	64	cylinder	4.0	4.297e-11	chi2	Q	17	28	0.438668085165	1.000000000000
1	64	cylinder	4.0	4.297e-11	chi2	Q	17	29	0.000000000001	-0.000000000002
1	64	cylinder	4.0	4.297e-11	chi2	Q	17	30	-0.441653390837	-1.000000000000
1	64	cylinder	4.0	4.297e-11	chi2	Q	17	31	-0.000000000000	-0.000000000000
1	64	cylinder	4.0	4.297e-11	chi2	Q	17	32	0.445605269411	1.000000000000
1	64	cylinder	4.0	4.297e-11	chi4	Q	17	1	-0.000000000000	0.000000000005
1	64	cylinder	4.0	4.297e-11	chi4	Q	17	2	-0.575897292549	-0.724448650166
1	64	cylinder	4.0	4.297e-11	chi4	Q	17	3	0.000000000000	-0.000000000001
1	64	cylinder	4.0	4.297e-11	chi4	Q	17	4	0.509916117747	0.719761511395
1	64	cylinder	4.0	4.297e-11	chi4	Q	17	5	-0.000000000001	0.000000000003
1	64	cylinder	4.0	4.297e-11	chi4	Q	17	6	-0.481397856028	-0.718400799488
1	64	cylinder	4.0	4.297e-11	chi4	Q	17	7	0.000000000001	-0.000000000005
1	64	cylinder	4.0	4.297e-11	chi4	Q	17	8	0.465023500848	0.717309651256
1	64	cylinder	4.0	4.297e-11	chi4	Q	17	9	-0.000000000001	-0.000000000002
1	64	cylinder	4.0	4.297e-11	chi4	Q	17	10	-0.454413600814	-0.716398374902
1	64	cylinder	4.0	4.297e-11	chi4	Q	17	11	0.000000000002	-0.000000000005
1	64	cylinder	4.0	4.297e-11	chi4	Q	17	12	0.447143547111	0.715641562709
1	64	cylinder	4.0	4.297e-11	chi4	Q	17	13	-0.000000000002	0.000000000004
1	64	cylinder	4.0	4.297e-11	chi4	Q	17	14	-0.442070684469	-0.715022841616
1	64	cylinder	4.0	4.297e-11	chi4	Q	17	15	0.000000000003	-0.000000000004
1	64	cylinder	4.0	4.297e-11	chi4	Q	17	16	0.438583688500	0.714532319294
1	64	cylinder	4.0	4.297e-11	chi4	Q	17	17	-0.000000000003	0.000000000004
1	64	cylinder	4.0	4.297e-11	chi4	Q	17	18	-0.436329738350	-0.714165757342
1	64	cylinder	4.0	4.297e-11	chi4	Q	17	19	0.000000000002	-0.000000000001
1	64	cylinder	4.0	4.297e-11	chi4	Q	17	20	0.435097620498	0.713924387739
1	64	cylinder	4.0	4.297e-11	chi4	Q	17	21	0.000000000002	0.000000000002
1	64	cylinder	4.0	4.297e-11	chi4	Q	17	22	-0.434761961014	-0.713815342508
1	64	cylinder	4.0	4.297e-11	chi4	Q	17	23	-0.000000000002	0.000000000001
1	64	cylinder	4.0	4.297e-11	chi4	Q	17	24	0.435255016448	0.713852800281
1	64	cylinder	4.0	4.297e-11	chi4	Q	17	25	0.000000000001	0.000000000003
1	64	cylinder	4.0	4.297e-11	chi4	Q	17	26	-0.436552550127	-0.714060142422
1	64	cylinder	4.0	4.297e-11	chi4	Q	17	27	-0.000000000002	0.000000000002
1	64	cylinder	4.0	4.297e-11	chi4	Q	17	28	0.438668085165	0.714473696025
1	64	cylinder	4.0	4.297e-11	chi4	Q	17	29	0.000000000001	-0.000000000002
1	64	cylinder	4.0	4.297e-11	chi4	Q	17	30	-0.441653390837	-0.715149211727
1	64	cylinder	4.0	4.297e-11	chi4	Q	17	31	-0.000000000000	0.000000000002
1	64	cylinder	4.0	4.297e-11	chi4	Q	17	32	0.445605269411	0.716173403707
1	64	cylinder	4.0	4.297e-11	chi8	Q	17	1	-0.000000000000	-0.000000000006
1	64	cylinder	4.0	4.297e-11	chi8	Q	17	2	-0.575897292549	-0.588478418762
1	64	cylinder	4.0	4.297e-11	chi8	Q	17	3	0.000000000000	0.000000000004
1	64	cylinder	4.0	4.297e-11	chi8	Q	17	4	0.509916117747	0.540353143500
1	64	cylinder	4.0	4.297e-11	chi8	Q	17	5	-0.000000000001	-0.000000000002
1	64	cylinder	4.0	4.297e-11	chi8	Q	17	6	-0.481397856028	-0.525247868448
1	64	cylinder	4.0	4.297e-11	chi8	Q	17	7	0.000000000001	0.000000000001
1	64	cylinder	4.0	4.297e-11	chi8	Q	17	8	0.465023500848	0.519888806799
1	64	cylinder	4.0	4.297e-11	chi8	Q	17	9	-0.000000000001	-0.000000000001
1	64	cylinder	4.0	4.297e-11	chi8	Q	17	10	-0.454413600814	-0.517579208193
1	64	cylinder	4.0	4.297e-11	chi8	Q	17	11	0.000000000002	-0.000000000000
1	64	cylinder	4.0	4.297e-11	chi8	Q	17	12	0.447143547111	0.516333164003
1	64	cylinder	4.0	4.297e-11	chi8	Q	17	13	-0.000000000002	0.000000000000
1	64	cylinder	4.0	4.297e-11	chi8	Q	17	14	-0.442070684469	-0.515549334364
1	64	cylinder	4.0	4.297e-11	chi8	Q	17	15	0.000000000003	-0.000000000001
1	64	cylinder	4.0	4.297e-11	chi8	Q	17	16	0.438583688500	0.515043047442
1	64	cylinder	4.0	4.297e-11	chi8	Q	17	17	-0.000000000003	0.000000000000
1	64	cylinder	4.0	4.297e-11	chi8	Q	17	18	-0.436329738350	-0.514760120970
1	64	cylinder	4.0	4.297e-11	chi8	Q	17	19	0.000000000002	0.000000000000
1	64	cylinder	4.0	4.297e-11	chi8	Q	17	20	0.435097620498	0.514691449182
1	64	cylinder	4.0	4.297e-11	chi8	Q	17	21	0.000000000002	0.000000000000
1	64	cylinder	4.0	4.297e-11	chi8	Q	17	22	-0.434761961014	-0.514847893705
1	64	cylinder	4.0	4.297e-11	chi8	Q	17	23	-0.000000000002	0.000000000000
1	64	cylinder	4.0	4.297e-11	chi8	Q	17	24	0.435255016448	0.515253973266
1	64	cylinder	4.0	4.297e-11	chi8	Q	17	25	0.000000000001	0.000000000000
1	64	cylinder	4.0	4.297e-11	chi8	Q	17	26	-0.436552550127	-0.515948155682
1	64	cylinder	4.0	4.297e-11	chi8	Q	17	27	-0.000000000002	-0.000000000000
1	64	cylinder	4.0	4.297e-11	chi8	Q	17	28	0.438668085165	0.516986511828
1	64	cylinder	4.0	4.297e-11	chi8	Q	17	29	0.000000000001	-0.000000000000
1	64	cylinder	4.0	4.297e-11	chi8	Q	17	30	-0.441653390837	-0.518449567426
1	64	cylinder	4.0	4.297e-11	chi8	Q	17	31	-0.000000000000	0.000000000000
1	64	cylinder	4.0	4.297e-11	chi8	Q	17	32	0.445605269411	0.520453834052
1	64	cylinder	4.0	4.297e-11	chi16	Q	17	1	-0.000000000000	-0.000000000001
1	64	cylinder	4.0	4.297e-11	chi16	Q	17	2	-0.575897292549	-0.573068243428
1	64	cylinder	4.0	4.297e-11	chi16	Q	17	3	0.000000000000	0.000000000001
1	64	cylinder	4.0	4.297e-11	chi16	Q	17	4	0.509916117747	0.511162688283
1	64	cylinder	4.0	4.297e-11	chi16	Q	17	5	-0.000000000001	-0.000000000001
1	64	cylinder	4.0	4.297e-11	chi16	Q	17	6	-0.481397856028	-0.480040033215
1	64	cylinder	4.0	4.297e-11	chi16	Q	17	7	0.000000000001	0.000000000001
1	64	cylinder	4.0	4.297e-11	chi16	Q	17	8	0.465023500848	0.462081491964
1	64	cylinder	4.0	4.297e-11	chi16	Q	17	9	-0.000000000001	0.000000000000
1	64	cylinder	4.0	4.297e-11	chi16	Q	17	10	-0.454413600814	-0.451107549395
1	64	cylinder	4.0	4.297e-11	chi16	Q	17	11	0.000000000002	-0.000000000000
1	64	cylinder	4.0	4.297e-11	chi16	Q	17	12	0.447143547111	0.444223452214
1	64	cylinder	4.0	4.297e-11	chi16	Q	17	13	-0.000000000002	0.000000000000
1	64	cylinder	4.0	4.297e-11	chi16	Q	17	14	-0.442070684469	-0.439922986231
1	64	cylinder	4.0	4.297e-11	chi16	Q	17	15	0.000000000003	-0.000000000000
1	64	cylinder	4.0	4.297e-11	chi16	Q	17	16	0.438583688500	0.437367061917
1	64	cylinder	4.0	4.297e-11	chi16	Q	17	17	-0.000000000003	-0.000000000000
1	64	cylinder	4.0	4.297e-11	chi16	Q	17	18	-0.436329738350	-0.436068544808
1	64	cylinder	4.0	4.297e-11	chi16	Q	17	19	0.000000000002	-0.000000000000
1	64	cylinder	4.0	4.297e-11	chi16	Q	17	20	0.435097620498	0.435740817547
1	64	cylinder	4.0	4.297e-11	chi16	Q	17	21	0.000000000002	0.000000000000
1	64	cylinder	4.0	4.297e-11	chi16	Q	17	22	-0.434761961014	-0.436219468156
1	64	cylinder	4.0	4.297e-11	chi16	Q	17	23	-0.000000000002	-0.000000000000
1	64	cylinder	4.0	4.297e-11	chi16	Q	17	24	0.435255016448	0.437419919982
1	64	cylinder	4.0	4.297e-11	chi16	Q	17	25	0.000000000001	-0.000000000000
1	64	cylinder	4.0	4.297e-11	chi16	Q	17	26	-0.436552550127	-0.439314501969
1	64	cylinder	4.0	4.297e-11	chi16	Q	17	27	-0.000000000002	-0.000000000000
1	64	cylinder	4.0	4.297e-11	chi16	Q	17	28	0.438668085165	0.441921285172
1	64	cylinder	4.0	4.297e-11	chi16	Q	17	29	0.000000000001	0.000000000000
1	64	cylinder	4.0	4.297e-11	chi16	Q	17	30	-0.441653390837	-0.445301317406
1	64	cylinder	4.0	4.297e-11	chi16	Q	17	31	-0.000000000000	-0.000000000000
1	64	cylinder	4.0	4.297e-11	chi16	Q	17	32	0.445605269411	0.449563558049
1	64	cylinder	4.0	4.297e-11	chi32	Q	17	1	-0.000000000000	-0.000000000001
1	64	cylinder	4.0	4.297e-11	chi32	Q	17	2	-0.575897292549	-0.576275578565
1	64	cylinder	4.0	4.297e-11	chi32	Q	17	3	0.000000000000	0.000000000001
1	64	cylinder	4.0	4.297e-11	chi32	Q	17	4	0.509916117747	0.509302780336
1	64	cylinder	4.0	4.297e-11	chi32	Q	17	5	-0.000000000001	-0.000000000000
1	64	cylinder	4.0	4.297e-11	chi32	Q	17	6	-0.481397856028	-0.480827131845
1	64	cylinder	4.0	4.297e-11	chi32	Q	17	7	0.000000000001	0.000000000000
1	64	cylinder	4.0	4.297e-11	chi32	Q	17	8	0.465023500848	0.464200427281
1	64	cylinder	4.0	4.297e-11	chi32	Q	17	9	-0.000000000001	-0.000000000000
1	64	cylinder	4.0	4.297e-11	chi32	Q	17	10	-0.454413600814	-0.453345439399
1	64	cylinder	4.0	4.297e-11	chi32	Q	17	11	0.000000000002	0.000000000000
1	64	cylinder	4.0	4.297e-11	chi32	Q	17	12	0.447143547111	0.445972067724
1	64	cylinder	4.0	4.297e-11	chi32	Q	17	13	-0.000000000002	-0.000000000000
1	64	cylinder	4.0	4.297e-11	chi32	Q	17	14	-0.442070684469	-0.440942421558
1	64	cylinder	4.0	4.297e-11	chi32	Q	17	15	0.000000000003	0.000000000000
1	64	cylinder	4.0	4.297e-11	chi32	Q	17	16	0.438583688500	0.437612182435
1	64	cylinder	4.0	4.297e-11	chi32	Q	17	17	-0.000000000003	-0.000000000000
1	64	cylinder	4.0	4.297e-11	chi32	Q	17	18	-0.436329738350	-0.435591112038
1	64	cylinder	4.0	4.297e-11	chi32	Q	17	19	0.000000000002	0.000000000000
1	64	cylinder	4.0	4.297e-11	chi32	Q	17	20	0.435097620498	0.434635463671
1	64	cylinder	4.0	4.297e-11	chi32	Q	17	21	0.000000000002	-0.000000000000
1	64	cylinder	4.0	4.297e-11	chi32	Q	17	22	-0.434761961014	-0.434594080276
1	64	cylinder	4.0	4.297e-11	chi32	Q	17	23	-0.000000000002	0.000000000000
1	64	cylinder	4.0	4.297e-11	chi32	Q	17	24	0.435255016448	0.435379857289
1	64	cylinder	4.0	4.297e-11	chi32	Q	17	25	0.000000000001	-0.000000000000
1	64	cylinder	4.0	4.297e-11	chi32	Q	17	26	-0.436552550127	-0.436954704949
1	64	cylinder	4.0	4.297e-11	chi32	Q	17	27	-0.000000000002	0.000000000000
1	64	cylinder	4.0	4.297e-11	chi32	Q	17	28	0.438668085165	0.439322818180
1	64	cylinder	4.0	4.297e-11	chi32	Q	17	29	0.000000000001	0.000000000000
1	64	cylinder	4.0	4.297e-11	chi32	Q	17	30	-0.441653390837	-0.442530286122
1	64	cylinder	4.0	4.297e-11	chi32	Q	17	31	-0.000000000000	0.000000000000
1	64	cylinder	4.0	4.297e-11	chi32	Q	17	32	0.445605269411	0.446671157308
1	64	cylinder	4.0	4.297e-11	chi64	Q	17	1	-0.000000000000	-0.000000000000
1	64	cylinder	4.0	4.297e-11	chi64	Q	17	2	-0.575897292549	-0.575893683885
1	64	cylinder	4.0	4.297e-11	chi64	Q	17	3	0.000000000000	0.000000000000
1	64	cylinder	4.0	4.297e-11	chi64	Q	17	4	0.509916117747	0.509831362714
1	64	cylinder	4.0	4.297e-11	chi64	Q	17	5	-0.000000000001	0.000000000000
1	64	cylinder	4.0	4.297e-11	chi64	Q	17	6	-0.481397856028	-0.481358328355
1	64	cylinder	4.0	4.297e-11	chi64	Q	17	7	0.000000000001	0.000000000000
1	64	cylinder	4.0	4.297e-11	chi64	Q	17	8	0.465023500848	0.464962105975
1	64	cylinder	4.0	4.297e-11	chi64	Q	17	9	-0.000000000001	0.000000000000
1	64	cylinder	4.0	4.297e-11	chi64	Q	17	10	-0.454413600814	-0.454318442543
1	64	cylinder	4.0	4.297e-11	chi64	Q	17	11	0.000000000002	-0.000000000000
1	64	cylinder	4.0	4.297e-11	chi64	Q	17	12	0.447143547111	0.447007351386
1	64	cylinder	4.0	4.297e-11	chi64	Q	17	13	-0.000000000002	0.000000000001
1	64	cylinder	4.0	4.297e-11	chi64	Q	17	14	-0.442070684469	-0.441886920892
1	64	cylinder	4.0	4.297e-11	chi64	Q	17	15	0.000000000003	-0.000000000001
1	64	cylinder	4.0	4.297e-11	chi64	Q	17	16	0.438583688500	0.438350856402
1	64	cylinder	4.0	4.297e-11	chi64	Q	17	17	-0.000000000003	0.000000000001
1	64	cylinder	4.0	4.297e-11	chi64	Q	17	18	-0.436329738350	-0.436052532997
1	64	cylinder	4.0	4.297e-11	chi64	Q	17	19	0.000000000002	-0.000000000001
1	64	cylinder	4.0	4.297e-11	chi64	Q	17	20	0.435097620498	0.434785628921
1	64	cylinder	4.0	4.297e-11	chi64	Q	17	21	0.000000000002	0.000000000001
1	64	cylinder	4.0	4.297e-11	chi64	Q	17	22	-0.434761961014	-0.434427656020
1	64	cylinder	4.0	4.297e-11	chi64	Q	17	23	-0.000000000002	-0.000000000001
1	64	cylinder	4.0	4.297e-11	chi64	Q	17	24	0.435255016448	0.434911954398
1	64	cylinder	4.0	4.297e-11	chi64	Q	17	25	0.000000000001	0.000000000001
1	64	cylinder	4.0	4.297e-11	chi64	Q	17	26	-0.436552550127	-0.436214035318
1	64	cylinder	4.0	4.297e-11	chi64	Q	17	27	-0.000000000002	-0.000000000000
1	64	cylinder	4.0	4.297e-11	chi64	Q	17	28	0.438668085165	0.438346275093
1	64	cylinder	4.0	4.297e-11	chi64	Q	17	29	0.000000000001	0.000000000000
1	64	cylinder	4.0	4.297e-11	chi64	Q	17	30	-0.441653390837	-0.441358902329
1	64	cylinder	4.0	4.297e-11	chi64	Q	17	31	-0.000000000000	-0.000000000000
1	64	cylinder	4.0	4.297e-11	chi64	Q	17	32	0.445605269411	0.445346755755
1	64	cylinder	4.0	4.297e-11	chi128	Q	17	1	-0.000000000000	-0.000000000000
1	64	cylinder	4.0	4.297e-11	chi128	Q	17	2	-0.575897292549	-0.575896381283
1	64	cylinder	4.0	4.297e-11	chi128	Q	17	3	0.000000000000	0.000000000000
1	64	cylinder	4.0	4.297e-11	chi128	Q	17	4	0.509916117747	0.509906067767
1	64	cylinder	4.0	4.297e-11	chi128	Q	17	5	-0.000000000001	0.000000000000
1	64	cylinder	4.0	4.297e-11	chi128	Q	17	6	-0.481397856028	-0.481390656782
1	64	cylinder	4.0	4.297e-11	chi128	Q	17	7	0.000000000001	0.000000000000
1	64	cylinder	4.0	4.297e-11	chi128	Q	17	8	0.465023500848	0.465015823017
1	64	cylinder	4.0	4.297e-11	chi128	Q	17	9	-0.000000000001	0.000000000000
1	64	cylinder	4.0	4.297e-11	chi128	Q	17	10	-0.454413600814	-0.454395860650
1	64	cylinder	4.0	4.297e-11	chi128	Q	17	11	0.000000000002	0.000000000000
1	64	cylinder	4.0	4.297e-11	chi128	Q	17	12	0.447143547111	0.447122321546
1	64	cylinder	4.0	4.297e-11	chi128	Q	17	13	-0.000000000002	0.000000000000
1	64	cylinder	4.0	4.297e-11	chi128	Q	17	14	-0.442070684469	-0.442050021207
1	64	cylinder	4.0	4.297e-11	chi128	Q	17	15	0.000000000003	-0.000000000000
1	64	cylinder	4.0	4.297e-11	chi128	Q	17	16	0.438583688500	0.438565895183
1	64	cylinder	4.0	4.297e-11	chi128	Q	17	17	-0.000000000003	0.000000000000
1	64	cylinder	4.0	4.297e-11	chi128	Q	17	18	-0.436329738350	-0.436313656040
1	64	cylinder	4.0	4.297e-11	chi128	Q	17	19	0.000000000002	-0.000000000000
1	64	cylinder	4.0	4.297e-11	chi128	Q	17	20	0.435097620498	0.435080719333
1	64	cylinder	4.0	4.297e-11	chi128	Q	17	21	0.000000000002	0.000000000000
1	64	cylinder	4.0	4.297e-11	chi128	Q	17	22	-0.434761961014	-0.434741828847
1	64	cylinder	4.0	4.297e-11	chi128	Q	17	23	-0.000000000002	-0.000000000000
1	64	cylinder	4.0	4.297e-11	chi128	Q	17	24	0.435255016448	0.435230233686
1	64	cylinder	4.0	4.297e-11	chi128	Q	17	25	0.000000000001	0.000000000000
1	64	cylinder	4.0	4.297e-11	chi128	Q	17	26	-0.436552550127	-0.436522222650
1	64	cylinder	4.0	4.297e-11	chi128	Q	17	27	-0.000000000002	-0.000000000000
1	64	cylinder	4.0	4.297e-11	chi128	Q	17	28	0.438668085165	0.438632773714
1	64	cylinder	4.0	4.297e-11	chi128	Q	17	29	0.000000000001	0.000000000000
1	64	cylinder	4.0	4.297e-11	chi128	Q	17	30	-0.441653390837	-0.441614637753
1	64	cylinder	4.0	4.297e-11	chi128	Q	17	31	-0.000000000000	-0.000000000000
1	64	cylinder	4.0	4.297e-11	chi128	Q	17	32	0.445605269411	0.445564928311
1	64	cylinder	4.0	4.297e-11	chi256	Q	17	1	-0.000000000000	-0.000000000000
1	64	cylinder	4.0	4.297e-11	chi256	Q	17	2	-0.575897292549	-0.575897271022
1	64	cylinder	4.0	4.297e-11	chi256	Q	17	3	0.000000000000	0.000000000000
1	64	cylinder	4.0	4.297e-11	chi256	Q	17	4	0.509916117747	0.509915496244
1	64	cylinder	4.0	4.297e-11	chi256	Q	17	5	-0.000000000001	-0.000000000000
1	64	cylinder	4.0	4.297e-11	chi256	Q	17	6	-0.481397856028	-0.481396290865
1	64	cylinder	4.0	4.297e-11	chi256	Q	17	7	0.000000000001	0.000000000000
1	64	cylinder	4.0	4.297e-11	chi256	Q	17	8	0.465023500848	0.465022846692
1	64	cylinder	4.0	4.297e-11	chi256	Q	17	9	-0.000000000001	0.000000000000
1	64	cylinder	4.0	4.297e-11	chi256	Q	17	10	-0.454413600814	-0.454414026036
1	64	cylinder	4.0	4.297e-11	chi256	Q	17	11	0.000000000002	-0.000000000000
1	64	cylinder	4.0	4.297e-11	chi256	Q	17	12	0.447143547111	0.447142969759
1	64	cylinder	4.0	4.297e-11	chi256	Q	17	13	-0.000000000002	0.000000000000
1	64	cylinder	4.0	4.297e-11	chi256	Q	17	14	-0.442070684469	-0.442069054271
1	64	cylinder	4.0	4.297e-11	chi256	Q	17	15	0.000000000003	-0.000000000000
1	64	cylinder	4.0	4.297e-11	chi256	Q	17	16	0.438583688500	0.438581896271
1	64	cylinder	4.0	4.297e-11	chi256	Q	17	17	-0.000000000003	0.000000000000
1	64	cylinder	4.0	4.297e-11	chi256	Q	17	18	-0.436329738350	-0.436328519991
1	64	cylinder	4.0	4.297e-11	chi256	Q	17	19	0.000000000002	-0.000000000000
1	64	cylinder	4.0	4.297e-11	chi256	Q	17	20	0.435097620498	0.435097167907
1	64	cylinder	4.0	4.297e-11	chi256	Q	17	21	0.000000000002	0.000000000000
1	64	cylinder	4.0	4.297e-11	chi256	Q	17	22	-0.434761961014	-0.434761970516
1	64	cylinder	4.0	4.297e-11	chi256	Q	17	23	-0.000000000002	-0.000000000000
1	64	cylinder	4.0	4.297e-11	chi256	Q	17	24	0.435255016448	0.435254922314
1	64	cylinder	4.0	4.297e-11	chi256	Q	17	25	0.000000000001	0.000000000000
1	64	cylinder	4.0	4.297e-11	chi256	Q	17	26	-0.436552550127	-0.436551769839
1	64	cylinder	4.0	4.297e-11	chi256	Q	17	27	-0.000000000002	-0.000000000000
1	64	cylinder	4.0	4.297e-11	chi256	Q	17	28	0.438668085165	0.438666148116
1	64	cylinder	4.0	4.297e-11	chi256	Q	17	29	0.000000000001	-0.000000000000
1	64	cylinder	4.0	4.297e-11	chi256	Q	17	30	-0.441653390837	-0.441650072422
1	64	cylinder	4.0	4.297e-11	chi256	Q	17	31	-0.000000000000	0.000000000000
1	64	cylinder	4.0	4.297e-11	chi256	Q	17	32	0.445605269411	0.445600578862
1	64	cylinder	4.0	4.297e-11	chi512	Q	17	1	-0.000000000000	-0.000000000000
1	64	cylinder	4.0	4.297e-11	chi512	Q	17	2	-0.575897292549	-0.575897292279
1	64	cylinder	4.0	4.297e-11	chi512	Q	17	3	0.000000000000	0.000000000000
1	64	cylinder	4.0	4.297e-11	chi512	Q	17	4	0.509916117747	0.509916089025
1	64	cylinder	4.0	4.297e-11	chi512	Q	17	5	-0.000000000001	0.000000000000
1	64	cylinder	4.0	4.297e-11	chi512	Q	17	6	-0.481397856028	-0.481397813577
1	64	cylinder	4.0	4.297e-11	chi512	Q	17	7	0.000000000001	0.000000000000
1	64	cylinder	4.0	4.297e-11	chi512	Q	17	8	0.465023500848	0.465023447353
1	64	cylinder	4.0	4.297e-11	chi512	Q	17	9	-0.000000000001	-0.000000000000
1	64	cylinder	4.0	4.297e-11	chi512	Q	17	10	-0.454413600814	-0.454413556203
1	64	cylinder	4.0	4.297e-11	chi512	Q	17	11	0.000000000002	-0.000000000001
1	64	cylinder	4.0	4.297e-11	chi512	Q	17	12	0.447143547111	0.447143496465
1	64	cylinder	4.0	4.297e-11	chi512	Q	17	13	-0.000000000002	0.000000000000
1	64	cylinder	4.0	4.297e-11	chi512	Q	17	14	-0.442070684469	-0.442070639107
1	64	cylinder	4.0	4.297e-11	chi512	Q	17	15	0.000000000003	-0.000000000000
1	64	cylinder	4.0	4.297e-11	chi512	Q	17	16	0.438583688500	0.438583622131
1	64	cylinder	4.0	4.297e-11	chi512	Q	17	17	-0.000000000003	0.000000000000
1	64	cylinder	4.0	4.297e-11	chi512	Q	17	18	-0.436329738350	-0.436329637597
1	64	cylinder	4.0	4.297e-11	chi512	Q	17	19	0.000000000002	-0.000000000000
1	64	cylinder	4.0	4.297e-11	chi512	Q	17	20	0.435097620498	0.435097488683
1	64	cylinder	4.0	4.297e-11	chi512	Q	17	21	0.000000000002	0.000000000000
1	64	cylinder	4.0	4.297e-11	chi512	Q	17	22	-0.434761961014	-0.434761832789
1	64	cylinder	4.0	4.297e-11	chi512	Q	17	23	-0.000000000002	-0.000000000000
1	64	cylinder	4.0	4.297e-11	chi512	Q	17	24	0.435255016448	0.435254921528
1	64	cylinder	4.0	4.297e-11	chi512	Q	17	25	0.000000000001	0.000000000000
1	64	cylinder	4.0	4.297e-11	chi512	Q	17	26	-0.436552550127	-0.436552510082
1	64	cylinder	4.0	4.297e-11	chi512	Q	17	27	-0.000000000002	-0.000000000000
1	64	cylinder	4.0	4.297e-11	chi512	Q	17	28	0.438668085165	0.438668080499
1	64	cylinder	4.0	4.297e-11	chi512	Q	17	29	0.000000000001	-0.000000000000
1	64	cylinder	4.0	4.297e-11	chi512	Q	17	30	-0.441653390837	-0.441653390670
1	64	cylinder	4.0	4.297e-11	chi512	Q	17	31	-0.000000000000	0.000000000000
1	64	cylinder	4.0	4.297e-11	chi512	Q	17	32	0.445605269411	0.445605224850
1	64	cylinder	4.0	4.297e-11	UHF	Q	18	1	0.000000000000	-0.768963851335
1	64	cylinder	4.0	4.297e-11	UHF	Q	18	2	-0.453901060594	-0.783938542346
1	64	cylinder	4.0	4.297e-11	UHF	Q	18	3	-0.000000000000	0.780360964114
1	64	cylinder	4.0	4.297e-11	UHF	Q	18	4	0.340671798239	0.780858286314
1	64	cylinder	4.0	4.297e-11	UHF	Q	18	5	0.000000000000	-0.780738475185
1	64	cylinder	4.0	4.297e-11	UHF	Q	18	6	-0.281539978253	-0.780758834959
1	64	cylinder	4.0	4.297e-11	UHF	Q	18	7	0.000000000003	0.780753915778
1	64	cylinder	4.0	4.297e-11	UHF	Q	18	8	0.242247260160	0.780754833505
1	64	cylinder	4.0	4.297e-11	UHF	Q	18	9	0.000000000001	-0.780754612022
1	64	cylinder	4.0	4.297e-11	UHF	Q	18	10	-0.213140974937	-0.780754655570
1	64	cylinder	4.0	4.297e-11	UHF	Q	18	11	0.000000000001	0.780754645092
1	64	cylinder	4.0	4.297e-11	UHF	Q	18	12	0.190192190148	0.780754647225
1	64	cylinder	4.0	4.297e-11	UHF	Q	18	13	0.000000000004	-0.780754646714
1	64	cylinder	4.0	4.297e-11	UHF	Q	18	14	-0.171334474402	-0.780754646819
1	64	cylinder	4.0	4.297e-11	UHF	Q	18	15	-0.000000000003	0.780754646794
1	64	cylinder	4.0	4.297e-11	UHF	Q	18	16	0.155365061828	0.780754646800
1	64	cylinder	4.0	4.297e-11	UHF	Q	18	17	-0.000000000001	-0.780754646798
1	64	cylinder	4.0	4.297e-11	UHF	Q	18	18	-0.141521072565	-0.780754646799
1	64	cylinder	4.0	4.297e-11	UHF	Q	18	19	0.000000000000	0.780754646798
1	64	cylinder	4.0	4.297e-11	UHF	Q	18	20	0.129287069346	0.780754646798
1	64	cylinder	4.0	4.297e-11	UHF	Q	18	21	0.000000000001	-0.780754646798
1	64	cylinder	4.0	4.297e-11	UHF	Q	18	22	-0.118296999385	-0.780754646798
1	64	cylinder	4.0	4.297e-11	UHF	Q	18	23	-0.000000000001	0.780754646798
1	64	cylinder	4.0	4.297e-11	UHF	Q	18	24	0.108279720709	0.780754646798
1	64	cylinder	4.0	4.297e-11	UHF	Q	18	25	0.000000000001	-0.780754646798
1	64	cylinder	4.0	4.297e-11	UHF	Q	18	26	-0.099026563037	-0.780754646798
1	64	cylinder	4.0	4.297e-11	UHF	Q	18	27	-0.000000000001	0.780754646798
1	64	cylinder	4.0	4.297e-11	UHF	Q	18	28	0.090370776058	0.780754646798
1	64	cylinder	4.0	4.297e-11	UHF	Q	18	29	0.000000000000	-0.780754646799
1	64	cylinder	4.0	4.297e-11	UHF	Q	18	30	-0.082173639869	-0.780754646799
1	64	cylinder	4.0	4.297e-11	UHF	Q	18	31	0.000000000000	0.780754646799
1	64	cylinder	4.0	4.297e-11	UHF	Q	18	32	0.074314288614	0.780754646799
1	64	cylinder	4.0	4.297e-11	chi2	Q	18	1	0.000000000000	0.000000000042
1	64	cylinder	4.0	4.297e-11	chi2	Q	18	2	-0.453901060594	-0.000000000000
1	64	cylinder	4.0	4.297e-11	chi2	Q	18	3	-0.000000000000	-0.000000000042
1	64	cylinder	4.0	4.297e-11	chi2	Q	18	4	0.340671798239	0.000000000000
1	64	cylinder	4.0	4.297e-11	chi2	Q	18	5	0.000000000000	0.000000000042
1	64	cylinder	4.0	4.297e-11	chi2	Q	18	6	-0.281539978253	-0.000000000000
1	64	cylinder	4.0	4.297e-11	chi2	Q	18	7	0.000000000003	-0.000000000042
1	64	cylinder	4.0	4.297e-11	chi2	Q	18	8	0.242247260160	0.000000000000
1	64	cylinder	4.0	4.297e-11	chi2	Q	18	9	0.000000000001	0.000000000042
1	64	cylinder	4.0	4.297e-11	chi2	Q	18	10	-0.213140974937	-0.000000000000
1	64	cylinder	4.0	4.297e-11	chi2	Q	18	11	0.000000000001	-0.000000000042
1	64	cylinder	4.0	4.297e-11	chi2	Q	18	12	0.190192190148	0.000000000000
1	64	cylinder	4.0	4.297e-11	chi2	Q	18	13	0.000000000004	0.000000000042
1	64	cylinder	4.0	4.297e-11	chi2	Q	18	14	-0.171334474402	-0.000000000000
1	64	cylinder	4.0	4.297e-11	chi2	Q	18	15	-0.000000000003	-0.000000000042
1	64	cylinder	4.0	4.297e-11	chi2	Q	18	16	0.155365061828	0.000000000000
1	64	cylinder	4.0	4.297e-11	chi2	Q	18	17	-0.000000000001	0.000000000042
1	64	cylinder	4.0	4.297e-11	chi2	Q	18	18	-0.141521072565	-0.000000000000
1	64	cylinder	4.0	4.297e-11	chi2	Q	18	19	0.000000000000	-0.000000000042
1	64	cylinder	4.0	4.297e-11	chi2	Q	18	20	0.129287069346	0.000000000000
1	64	cylinder	4.0	4.297e-11	chi2	Q	18	21	0.000000000001	0.000000000042
1	64	cylinder	4.0	4.297e-11	chi2	Q	18	22	-0.118296999385	-0.000000000000
1	64	cylinder	4.0	4.297e-11	chi2	Q	18	23	-0.000000000001	-0.000000000042
1	64	cylinder	4.0	4.297e-11	chi2	Q	18	24	0.108279720709	-0.000000000000
1	64	cylinder	4.0	4.297e-11	chi2	Q	18	25	0.000000000001	0.000000000042
1	64	cylinder	4.0	4.297e-11	chi2	Q	18	26	-0.099026563037	0.000000000000
1	64	cylinder	4.0	4.297e-11	chi2	Q	18	27	-0.000000000001	-0.000000000042
1	64	cylinder	4.0	4.297e-11	chi2	Q	18	28	0.090370776058	0.000000000000
1	64	cylinder	4.0	4.297e-11	chi2	Q	18	29	0.000000000000	0.000000000042
1	64	cylinder	4.0	4.297e-11	chi2	Q	18	30	-0.082173639869	0.000000000000
1	64	cylinder	4.0	4.297e-11	chi2	Q	18	31	0.000000000000	-0.000000000042
1	64	cylinder	4.0	4.297e-11	chi2	Q	18	32	0.074314288614	-0.000000000000
1	64	cylinder	4.0	4.297e-11	chi4	Q	18	1	0.000000000000	-0.000000000005
1	64	cylinder	4.0	4.297e-11	chi4	Q	18	2	-0.453901060594	-0.392013711519
1	64	cylinder	4.0	4.297e-11	chi4	Q	18	3	-0.000000000000	0.000000000006
1	64	cylinder	4.0	4.297e-11	chi4	Q	18	4	0.340671798239	0.176272970882
1	64	cylinder	4.0	4.297e-11	chi4	Q	18	5	0.000000000000	-0.000000000006
1	64	cylinder	4.0	4.297e-11	chi4	Q	18	6	-0.281539978253	-0.079676261486
1	64	cylinder	4.0	4.297e-11	chi4	Q	18	7	0.000000000003	0.000000000006
1	64	cylinder	4.0	4.297e-11	chi4	Q	18	8	0.242247260160	0.036169500340
1	64	cylinder	4.0	4.297e-11	chi4	Q	18	9	0.000000000001	-0.000000000006
1	64	cylinder	4.0	4.297e-11	chi4	Q	18	10	-0.213140974937	-0.016478101392
1	64	cylinder	4.0	4.297e-11	chi4	Q	18	11	0.000000000001	0.000000000006
1	64	cylinder	4.0	4.297e-11	chi4	Q	18	12	0.190192190148	0.007529243630
1	64	cylinder	4.0	4.297e-11	chi4	Q	18	13	0.000000000004	-0.000000000006
1	64	cylinder	4.0	4.297e-11	chi4	Q	18	14	-0.171334474402	-0.003448541525
1	64	cylinder	4.0	4.297e-11	chi4	Q	18	15	-0.000000000003	0.000000000006
1	64	cylinder	4.0	4.297e-11	chi4	Q	18	16	0.155365061828	0.001582485291
1	64	cylinder	4.0	4.297e-11	chi4	Q	18	17	-0.000000000001	-0.000000000006
1	64	cylinder	4.0	4.297e-11	chi4	Q	18	18	-0.141521072565	-0.000727199459
1	64	cylinder	4.0	4.297e-11	chi4	Q	18	19	0.000000000000	0.000000000006
1	64	cylinder	4.0	4.297e-11	chi4	Q	18	20	0.129287069346	0.000334476856
1	64	cylinder	4.0	4.297e-11	chi4	Q	18	21	0.000000000001	-0.000000000006
1	64	cylinder	4.0	4.297e-11	chi4	Q	18	22	-0.118296999385	-0.000153905901
1	64	cylinder	4.0	4.297e-11	chi4	Q	18	23	-0.000000000001	0.000000000006
1	64	cylinder	4.0	4.297e-11	chi4	Q	18	24	0.108279720709	0.000070806922
1	64	cylinder	4.0	4.297e-11	chi4	Q	18	25	0.000000000001	-0.000000000006
1	64	cylinder	4.0	4.297e-11	chi4	Q	18	26	-0.099026563037	-0.000032549339
1	64	cylinder	4.0	4.297e-11	chi4	Q	18	27	-0.000000000001	0.000000000006
1	64	cylinder	4.0	4.297e-11	chi4	Q	18	28	0.090370776058	0.000014938482
1	64	cylinder	4.0	4.297e-11	chi4	Q	18	29	0.000000000000	-0.000000000006
1	64	cylinder	4.0	4.297e-11	chi4	Q	18	30	-0.082173639869	-0.000006837887
1	64	cylinder	4.0	4.297e-11	chi4	Q	18	31	0.000000000000	0.000000000006
1	64	cylinder	4.0	4.297e-11	chi4	Q	18	32	0.074314288614	0.000003117351
1	64	cylinder	4.0	4.297e-11	chi8	Q	18	1	0.000000000000	-0.000000000011
1	64	cylinder	4.0	4.297e-11	chi8	Q	18	2	-0.453901060594	-0.438567849124
1	64	cylinder	4.0	4.297e-11	chi8	Q	18	3	-0.000000000000	0.000000000001
1	64	cylinder	4.0	4.297e-11	chi8	Q	18	4	0.340671798239	0.291756902421
1	64	cylinder	4.0	4.297e-11	chi8	Q	18	5	0.000000000000	-0.000000000001
1	64	cylinder	4.0	4.297e-11	chi8	Q	18	6	-0.281539978253	-0.197811930829
1	64	cylinder	4.0	4.297e-11	chi8	Q	18	7	0.000000000003	0.000000000001
1	64	cylinder	4.0	4.297e-11	chi8	Q	18	8	0.242247260160	0.134765222641
1	64	cylinder	4.0	4.297e-11	chi8	Q	18	9	0.000000000001	-0.000000000001
1	64	cylinder	4.0	4.297e-11	chi8	Q	18	10	-0.213140974937	-0.092103820677
1	64	cylinder	4.0	4.297e-11	chi8	Q	18	11	0.000000000001	0.000000000001
1	64	cylinder	4.0	4.297e-11	chi8	Q	18	12	0.190192190148	0.063100739291
1	64	cylinder	4.0	4.297e-11	chi8	Q	18	13	0.000000000004	-0.000000000000
1	64	cylinder	4.0	4.297e-11	chi8	Q	18	14	-0.171334474402	-0.043310502476
1	64	cylinder	4.0	4.297e-11	chi8	Q	18	15	-0.000000000003	0.000000000000
1	64	cylinder	4.0	4.297e-11	chi8	Q	18	16	0.155365061828	0.029765885169
1	64	cylinder	4.0	4.297e-11	chi8	Q	18	17	-0.000000000001	-0.000000000000
1	64	cylinder	4.0	4.297e-11	chi8	Q	18	18	-0.141521072565	-0.020473009758
1	64	cylinder	4.0	4.297e-11	chi8	Q	18	19	0.000000000000	0.000000000000
1	64	cylinder	4.0	4.297e-11	chi8	Q	18	20	0.129287069346	0.014084687288
1	64	cylinder	4.0	4.297e-11	chi8	Q	18	21	0.000000000001	-0.000000000000
1	64	cylinder	4.0	4.297e-11	chi8	Q	18	22	-0.118296999385	-0.009686440516
1	64	cylinder	4.0	4.297e-11	chi8	Q	18	23	-0.000000000001	0.000000000000
1	64	cylinder	4.0	4.297e-11	chi8	Q	18	24	0.108279720709	0.006655058614
1	64	cylinder	4.0	4.297e-11	chi8	Q	18	25	0.000000000001	-0.000000000000
1	64	cylinder	4.0	4.297e-11	chi8	Q	18	26	-0.099026563037	-0.004564388585
1	64	cylinder	4.0	4.297e-11	chi8	Q	18	27	-0.000000000001	0.000000000000
1	64	cylinder	4.0	4.297e-11	chi8	Q	18	28	0.090370776058	0.003122182925
1	64	cylinder	4.0	4.297e-11	chi8	Q	18	29	0.000000000000	-0.000000000000
1	64	cylinder	4.0	4.297e-11	chi8	Q	18	30	-0.082173639869	-0.002127530286
1	64	cylinder	4.0	4.297e-11	chi8	Q	18	31	0.000000000000	0.000000000000
1	64	cylinder	4.0	4.297e-11	chi8	Q	18	32	0.074314288614	0.001442022226
1	64	cylinder	4.0	4.297e-11	chi16	Q	18	1	0.000000000000	-0.000000000001
1	64	cylinder	4.0	4.297e-11	chi16	Q	18	2	-0.453901060594	-0.449547473370
1	64	cylinder	4.0	4.297e-11	chi16	Q	18	3	-0.000000000000	0.000000000000
1	64	cylinder	4.0	4.297e-11	chi16	Q	18	4	0.340671798239	0.336339836687
1	64	cylinder	4.0	4.297e-11	chi16	Q	18	5	0.000000000000	-0.000000000000
1	64	cylinder	4.0	4.297e-11	chi16	Q	18	6	-0.281539978253	-0.282223491830
1	64	cylinder	4.0	4.297e-11	chi16	Q	18	7	0.000000000003	-0.000000000000
1	64	cylinder	4.0	4.297e-11	chi16	Q	18	8	0.242247260160	0.243976871358
1	64	cylinder	4.0	4.297e-11	chi16	Q	18	9	0.000000000001	0.000000000000
1	64	cylinder	4.0	4.297e-11	chi16	Q	18	10	-0.213140974937	-0.212875632397
1	64	cylinder	4.0	4.297e-11	chi16	Q	18	11	0.000000000001	-0.000000000000
1	64	cylinder	4.0	4.297e-11	chi16	Q	18	12	0.190192190148	0.186444782326
1	64	cylinder	4.0	4.297e-11	chi16	Q	18	13	0.000000000004	0.000000000000
1	64	cylinder	4.0	4.297e-11	chi16	Q	18	14	-0.171334474402	-0.163608496156
1	64	cylinder	4.0	4.297e-11	chi16	Q	18	15	-0.000000000003	-0.000000000000
1	64	cylinder	4.0	4.297e-11	chi16	Q	18	16	0.155365061828	0.143702692190
1	64	cylinder	4.0	4.297e-11	chi16	Q	18	17	-0.000000000001	0.000000000000
1	64	cylinder	4.0	4.297e-11	chi16	Q	18	18	-0.141521072565	-0.126241083923
1	64	cylinder	4.0	4.297e-11	chi16	Q	18	19	0.000000000000	0.000000000000
1	64	cylinder	4.0	4.297e-11	chi16	Q	18	20	0.129287069346	0.110843110070
1	64	cylinder	4.0	4.297e-11	chi16	Q	18	21	0.000000000001	0.000000000000
1	64	cylinder	4.0	4.297e-11	chi16	Q	18	22	-0.118296999385	-0.097202238131
1	64	cylinder	4.0	4.297e-11	chi16	Q	18	23	-0.000000000001	-0.000000000000
1	64	cylinder	4.0	4.297e-11	chi16	Q	18	24	0.108279720709	0.085067379012
1	64	cylinder	4.0	4.297e-11	chi16	Q	18	25	0.000000000001	0.000000000000
1	64	cylinder	4.0	4.297e-11	chi16	Q	18	26	-0.099026563037	-0.074230200338
1	64	cylinder	4.0	4.297e-11	chi16	Q	18	27	-0.000000000001	-0.000000000000
1	64	cylinder	4.0	4.297e-11	chi16	Q	18	28	0.090370776058	0.064515824538
1	64	cylinder	4.0	4.297e-11	chi16	Q	18	29	0.000000000000	0.000000000000
1	64	cylinder	4.0	4.297e-11	chi16	Q	18	30	-0.082173639869	-0.055775707338
1	64	cylinder	4.0	4.297e-11	chi16	Q	18	31	0.000000000000	-0.000000000000
1	64	cylinder	4.0	4.297e-11	chi16	Q	18	32	0.074314288614	0.047881951527
1	64	cylinder	4.0	4.297e-11	chi32	Q	18	1	0.000000000000	-0.000000000001
1	64	cylinder	4.0	4.297e-11	chi32	Q	18	2	-0.453901060594	-0.453008575705
1	64	cylinder	4.0	4.297e-11	chi32	Q	18	3	-0.000000000000	0.000000000001
1	64	cylinder	4.0	4.297e-11	chi32	Q	18	4	0.340671798239	0.338704598652
1	64	cylinder	4.0	4.297e-11	chi32	Q	18	5	0.000000000000	-0.000000000000
1	64	cylinder	4.0	4.297e-11	chi32	Q	18	6	-0.281539978253	-0.279162503274
1	64	cylinder	4.0	4.297e-11	chi32	Q	18	7	0.000000000003	0.000000000000
1	64	cylinder	4.0	4.297e-11	chi32	Q	18	8	0.242247260160	0.240388845514
1	64	cylinder	4.0	4.297e-11	chi32	Q	18	9	0.000000000001	-0.000000000000
1	64	cylinder	4.0	4.297e-11	chi32	Q	18	10	-0.213140974937	-0.211368300204
1	64	cylinder	4.0	4.297e-11	chi32	Q	18	11	0.000000000001	-0.000000000000
1	64	cylinder	4.0	4.297e-11	chi32	Q	18	12	0.190192190148	0.187784899941
1	64	cylinder	4.0	4.297e-11	chi32	Q	18	13	0.000000000004	0.000000000000
1	64	cylinder	4.0	4.297e-11	chi32	Q	18	14	-0.171334474402	-0.167717922049
1	64	cylinder	4.0	4.297e-11	chi32	Q	18	15	-0.000000000003	-0.000000000000
1	64	cylinder	4.0	4.297e-11	chi32	Q	18	16	0.155365061828	0.150193423612
1	64	cylinder	4.0	4.297e-11	chi32	Q	18	17	-0.000000000001	0.000000000000
1	64	cylinder	4.0	4.297e-11	chi32	Q	18	18	-0.141521072565	-0.134647208518
1	64	cylinder	4.0	4.297e-11	chi32	Q	18	19	0.000000000000	0.000000000000
1	64	cylinder	4.0	4.297e-11	chi32	Q	18	20	0.129287069346	0.120710886113
1	64	cylinder	4.0	4.297e-11	chi32	Q	18	21	0.000000000001	0.000000000000
1	64	cylinder	4.0	4.297e-11	chi32	Q	18	22	-0.118296999385	-0.108120342069
1	64	cylinder	4.0	4.297e-11	chi32	Q	18	23	-0.000000000001	-0.000000000000
1	64	cylinder	4.0	4.297e-11	chi32	Q	18	24	0.108279720709	0.096673257647
1	64	cylinder	4.0	4.297e-11	chi32	Q	18	25	0.000000000001	0.000000000000
1	64	cylinder	4.0	4.297e-11	chi32	Q	18	26	-0.099026563037	-0.086207415551
1	64	cylinder	4.0	4.297e-11	chi32	Q	18	27	-0.000000000001	-0.000000000000
1	64	cylinder	4.0	4.297e-11	chi32	Q	18	28	0.090370776058	0.076588366186
1	64	cylinder	4.0	4.297e-11	chi32	Q	18	29	0.000000000000	0.000000000000
1	64	cylinder	4.0	4.297e-11	chi32	Q	18	30	-0.082173639869	-0.067701571928
1	64	cylinder	4.0	4.297e-11	chi32	Q	18	31	0.000000000000	-0.000000000000
1	64	cylinder	4.0	4.297e-11	chi32	Q	18	32	0.074314288614	0.059446767040
1	64	cylinder	4.0	4.297e-11	chi64	Q	18	1	0.000000000000	-0.000000000000
1	64	cylinder	4.0	4.297e-11	chi64	Q	18	2	-0.453901060594	-0.453812007183
1	64	cylinder	4.0	4.297e-11	chi64	Q	18	3	-0.000000000000	0.000000000000
1	64	cylinder	4.0	4.297e-11	chi64	Q	18	4	0.340671798239	0.340565144760
1	64	cylinder	4.0	4.297e-11	chi64	Q	18	5	0.000000000000	-0.000000000000
1	64	cylinder	4.0	4.297e-11	chi64	Q	18	6	-0.281539978253	-0.281414474341
1	64	cylinder	4.0	4.297e-11	chi64	Q	18	7	0.000000000003	-0.000000000000
1	64	cylinder	4.0	4.297e-11	chi64	Q	18	8	0.242247260160	0.242061864701
1	64	cylinder	4.0	4.297e-11	chi64	Q	18	9	0.000000000001	0.000000000000
1	64	cylinder	4.0	4.297e-11	chi64	Q	18	10	-0.213140974937	-0.212906430126
1	64	cylinder	4.0	4.297e-11	chi64	Q	18	11	0.000000000001	-0.000000000000
1	64	cylinder	4.0	4.297e-11	chi64	Q	18	12	0.190192190148	0.189979930274
1	64	cylinder	4.0	4.297e-11	chi64	Q	18	13	0.000000000004	0.000000000000
1	64	cylinder	4.0	4.297e-11	chi64	Q	18	14	-0.171334474402	-0.171195193186
1	64	cylinder	4.0	4.297e-11	chi64	Q	18	15	-0.000000000003	-0.000000000000
1	64	cylinder	4.0	4.297e-11	chi64	Q	18	16	0.155365061828	0.155304328806
1	64	cylinder	4.0	4.297e-11	chi64	Q	18	17	-0.000000000001	0.000000000000
1	64	cylinder	4.0	4.297e-11	chi64	Q	18	18	-0.141521072565	-0.141507676218
1	64	cylinder	4.0	4.297e-11	chi64	Q	18	19	0.000000000000	-0.000000000000
1	64	cylinder	4.0	4.297e-11	chi64	Q	18	20	0.129287069346	0.129269168715
1	64	cylinder	4.0	4.297e-11	chi64	Q	18	21	0.000000000001	0.000000000000
1	64	cylinder	4.0	4.297e-11	chi64	Q	18	22	-0.118296999385	-0.118216208494
1	64	cylinder	4.0	4.297e-11	chi64	Q	18	23	-0.000000000001	-0.000000000000
1	64	cylinder	4.0	4.297e-11	chi64	Q	18	24	0.108279720709	0.108080962391
1	64	cylinder	4.0	4.297e-11	chi64	Q	18	25	0.000000000001	0.000000000000
1	64	cylinder	4.0	4.297e-11	chi64	Q	18	26	-0.099026563037	-0.098664194908
1	64	cylinder	4.0	4.297e-11	chi64	Q	18	27	-0.000000000001	-0.000000000000
1	64	cylinder	4.0	4.297e-11	chi64	Q	18	28	0.090370776058	0.089812023037
1	64	cylinder	4.0	4.297e-11	chi64	Q	18	29	0.000000000000	0.000000000000
1	64	cylinder	4.0	4.297e-11	chi64	Q	18	30	-0.082173639869	-0.081400395286
1	64	cylinder	4.0	4.297e-11	chi64	Q	18	31	0.000000000000	-0.000000000000
1	64	cylinder	4.0	4.297e-11	chi64	Q	18	32	0.074314288614	0.073323069063
1	64	cylinder	4.0	4.297e-11	chi128	Q	18	1	0.000000000000	0.000000000000
1	64	cylinder	4.0	4.297e-11	chi128	Q	18	2	-0.453901060594	-0.453899124791
1	64	cylinder	4.0	4.297e-11	chi128	Q	18	3	-0.000000000000	-0.000000000000
1	64	cylinder	4.0	4.297e-11	chi128	Q	18	4	0.340671798239	0.340654085443
1	64	cylinder	4.0	4.297e-11	chi128	Q	18	5	0.000000000000	0.000000000000
1	64	cylinder	4.0	4.297e-11	chi128	Q	18	6	-0.281539978253	-0.281523293916
1	64	cylinder	4.0	4.297e-11	chi128	Q	18	7	0.000000000003	-0.000000000000
1	64	cylinder	4.0	4.297e-11	chi128	Q	18	8	0.242247260160	0.242228644328
1	64	cylinder	4.0	4.297e-11	chi128	Q	18	9	0.000000000001	0.000000000000
1	64	cylinder	4.0	4.297e-11	chi128	Q	18	10	-0.213140974937	-0.213135093535
1	64	cylinder	4.0	4.297e-11	chi128	Q	18	11	0.000000000001	-0.000000000000
1	64	cylinder	4.0	4.297e-11	chi128	Q	18	12	0.190192190148	0.190185359442
1	64	cylinder	4.0	4.297e-11	chi128	Q	18	13	0.000000000004	0.000000000000
1	64	cylinder	4.0	4.297e-11	chi128	Q	18	14	-0.171334474402	-0.171313496371
1	64	cylinder	4.0	4.297e-11	chi128	Q	18	15	-0.000000000003	-0.000000000000
1	64	cylinder	4.0	4.297e-11	chi128	Q	18	16	0.155365061828	0.155330001501
1	64	cylinder	4.0	4.297e-11	chi128	Q	18	17	-0.000000000001	0.000000000000
1	64	cylinder	4.0	4.297e-11	chi128	Q	18	18	-0.141521072565	-0.141479964869
1	64	cylinder	4.0	4.297e-11	chi128	Q	18	19	0.000000000000	-0.000000000000
1	64	cylinder	4.0	4.297e-11	chi128	Q	18	20	0.129287069346	0.129249268171
1	64	cylinder	4.0	4.297e-11	chi128	Q	18	21	0.000000000001	0.000000000000
1	64	cylinder	4.0	4.297e-11	chi128	Q	18	22	-0.118296999385	-0.118269116595
1	64	cylinder	4.0	4.297e-11	chi128	Q	18	23	-0.000000000001	-0.000000000000
1	64	cylinder	4.0	4.297e-11	chi128	Q	18	24	0.108279720709	0.108263174553
1	64	cylinder	4.0	4.297e-11	chi128	Q	18	25	0.000000000001	0.000000000000
1	64	cylinder	4.0	4.297e-11	chi128	Q	18	26	-0.099026563037	-0.099020843367
1	64	cylinder	4.0	4.297e-11	chi128	Q	18	27	-0.000000000001	-0.000000000000
1	64	cylinder	4.0	4.297e-11	chi128	Q	18	28	0.090370776058	0.090369597854
1	64	cylinder	4.0	4.297e-11	chi128	Q	18	29	0.000000000000	0.000000000000
1	64	cylinder	4.0	4.297e-11	chi128	Q	18	30	-0.082173639869	-0.082169204390
1	64	cylinder	4.0	4.297e-11	chi128	Q	18	31	0.000000000000	-0.000000000000
1	64	cylinder	4.0	4.297e-11	chi128	Q	18	32	0.074314288614	0.074298220223
1	64	cylinder	4.0	4.297e-11	chi256	Q	18	1	0.000000000000	0.000000000000
1	64	cylinder	4.0	4.297e-11	chi256	Q	18	2	-0.453901060594	-0.453901023008
1	64	cylinder	4.0	4.297e-11	chi256	Q	18	3	-0.000000000000	-0.000000000000
1	64	cylinder	4.0	4.297e-11	chi256	Q	18	4	0.340671798239	0.340671019052
1	64	cylinder	4.0	4.297e-11	chi256	Q	18	5	0.000000000000	0.000000000000
1	64	cylinder	4.0	4.297e-11	chi256	Q	18	6	-0.281539978253	-0.281539355869
1	64	cylinder	4.0	4.297e-11	chi256	Q	18	7	0.000000000003	-0.000000000000
1	64	cylinder	4.0	4.297e-11	chi256	Q	18	8	0.242247260160	0.242246530898
1	64	cylinder	4.0	4.297e-11	chi256	Q	18	9	0.000000000001	0.000000000000
1	64	cylinder	4.0	4.297e-11	chi256	Q	18	10	-0.213140974937	-0.213138164892
1	64	cylinder	4.0	4.297e-11	chi256	Q	18	11	0.000000000001	-0.000000000000
1	64	cylinder	4.0	4.297e-11	chi256	Q	18	12	0.190192190148	0.190191521490
1	64	cylinder	4.0	4.297e-11	chi256	Q	18	13	0.000000000004	0.000000000000
1	64	cylinder	4.0	4.297e-11	chi256	Q	18	14	-0.171334474402	-0.171336160155
1	64	cylinder	4.0	4.297e-11	chi256	Q	18	15	-0.000000000003	-0.000000000000
1	64	cylinder	4.0	4.297e-11	chi256	Q	18	16	0.155365061828	0.155366640390
1	64	cylinder	4.0	4.297e-11	chi256	Q	18	17	-0.000000000001	0.000000000000
1	64	cylinder	4.0	4.297e-11	chi256	Q	18	18	-0.141521072565	-0.141520408394
1	64	cylinder	4.0	4.297e-11	chi256	Q	18	19	0.000000000000	-0.000000000000
1	64	cylinder	4.0	4.297e-11	chi256	Q	18	20	0.129287069346	0.129283586376
1	64	cylinder	4.0	4.297e-11	chi256	Q	18	21	0.000000000001	0.000000000000
1	64	cylinder	4.0	4.297e-11	chi256	Q	18	22	-0.118296999385	-0.118291534625
1	64	cylinder	4.0	4.297e-11	chi256	Q	18	23	-0.000000000001	-0.000000000000
1	64	cylinder	4.0	4.297e-11	chi256	Q	18	24	0.108279720709	0.108273834511
1	64	cylinder	4.0	4.297e-11	chi256	Q	18	25	0.000000000001	0.000000000000
1	64	cylinder	4.0	4.297e-11	chi256	Q	18	26	-0.099026563037	-0.099021899403
1	64	cylinder	4.0	4.297e-11	chi256	Q	18	27	-0.000000000001	-0.000000000000
1	64	cylinder	4.0	4.297e-11	chi256	Q	18	28	0.090370776058	0.090368512511
1	64	cylinder	4.0	4.297e-11	chi256	Q	18	29	0.000000000000	0.000000000000
1	64	cylinder	4.0	4.297e-11	chi256	Q	18	30	-0.082173639869	-0.082174165671
1	64	cylinder	4.0	4.297e-11	chi256	Q	18	31	0.000000000000	-0.000000000000
1	64	cylinder	4.0	4.297e-11	chi256	Q	18	32	0.074314288614	0.074317147465
1	64	cylinder	4.0	4.297e-11	chi512	Q	18	1	0.000000000000	0.000000000000
1	64	cylinder	4.0	4.297e-11	chi512	Q	18	2	-0.453901060594	-0.453901060050
1	64	cylinder	4.0	4.297e-11	chi512	Q	18	3	-0.000000000000	-0.000000000000
1	64	cylinder	4.0	4.297e-11	chi512	Q	18	4	0.340671798239	0.340671770808
1	64	cylinder	4.0	4.297e-11	chi512	Q	18	5	0.000000000000	0.000000000000
1	64	cylinder	4.0	4.297e-11	chi512	Q	18	6	-0.281539978253	-0.281539930723
1	64	cylinder	4.0	4.297e-11	chi512	Q	18	7	0.000000000003	-0.000000000000
1	64	cylinder	4.0	4.297e-11	chi512	Q	18	8	0.242247260160	0.242247183175
1	64	cylinder	4.0	4.297e-11	chi512	Q	18	9	0.000000000001	-0.000000000000
1	64	cylinder	4.0	4.297e-11	chi512	Q	18	10	-0.213140974937	-0.213140978378
1	64	cylinder	4.0	4.297e-11	chi512	Q	18	11	0.000000000001	-0.000000000000
1	64	cylinder	4.0	4.297e-11	chi512	Q	18	12	0.190192190148	0.190192065447
1	64	cylinder	4.0	4.297e-11	chi512	Q	18	13	0.000000000004	0.000000000000
1	64	cylinder	4.0	4.297e-11	chi512	Q	18	14	-0.171334474402	-0.171334286535
1	64	cylinder	4.0	4.297e-11	chi512	Q	18	15	-0.000000000003	-0.000000000000
1	64	cylinder	4.0	4.297e-11	chi512	Q	18	16	0.155365061828	0.155365040175
1	64	cylinder	4.0	4.297e-11	chi512	Q	18	17	-0.000000000001	0.000000000000
1	64	cylinder	4.0	4.297e-11	chi512	Q	18	18	-0.141521072565	-0.141521196899
1	64	cylinder	4.0	4.297e-11	chi512	Q	18	19	0.000000000000	-0.000000000000
1	64	cylinder	4.0	4.297e-11	chi512	Q	18	20	0.129287069346	0.129287246743
1	64	cylinder	4.0	4.297e-11	chi512	Q	18	21	0.000000000001	0.000000000000
1	64	cylinder	4.0	4.297e-11	chi512	Q	18	22	-0.118296999385	-0.118297071427
1	64	cylinder	4.0	4.297e-11	chi512	Q	18	23	-0.000000000001	-0.000000000000
1	64	cylinder	4.0	4.297e-11	chi512	Q	18	24	0.108279720709	0.108279563888
1	64	cylinder	4.0	4.297e-11	chi512	Q	18	25	0.000000000001	-0.000000000000
1	64	cylinder	4.0	4.297e-11	chi512	Q	18	26	-0.099026563037	-0.099026159920
1	64	cylinder	4.0	4.297e-11	chi512	Q	18	27	-0.000000000001	0.000000000000
1	64	cylinder	4.0	4.297e-11	chi512	Q	18	28	0.090370776058	0.090370237580
1	64	cylinder	4.0	4.297e-11	chi512	Q	18	29	0.000000000000	-0.000000000001
1	64	cylinder	4.0	4.297e-11	chi512	Q	18	30	-0.082173639869	-0.082173150086
1	64	cylinder	4.0	4.297e-11	chi512	Q	18	31	0.000000000000	0.000000000000
1	64	cylinder	4.0	4.297e-11	chi512	Q	18	32	0.074314288614	0.074314023539
