L	chi_prior	observable	pure	true	Delta	prior_fid	G_emp	G_theo	G_exact
8	2	ZZ onsite(i0)	true	-0.5997268274586702	0.4002731725413322	0.3492339834967116	1.9021630966943166	2.191320722143629	2.191320722143629
8	4	ZZ onsite(i0)	true	-0.5997268274586702	0.03399473575710443	0.7090687033420932	29.501762169960184	43.88820590902357	43.888205909023505
8	8	ZZ onsite(i0)	true	-0.5997268274586702	-0.0024518932361988766	0.9911066542184783	36.97837370522394	50.88644702853715	50.88644702853706
8	16	ZZ onsite(i0)	true	-0.5997268274586702	0.00022972894840522784	0.9994305686369004	36.64685293084447	50.928540802716206	50.928540802716114
8	32	ZZ onsite(i0)	true	-0.5997268274586702	-8.051428061373045e-6	0.9999952345001748	36.67824995079604	50.92891345523448	50.92891345523438
8	2	ZZ up-up r=1	true	-0.3435038447528071	-0.03991426631994649	0.3492339834967116	12.06716220467327	11.10808554939306	11.108085549393047
8	4	ZZ up-up r=1	true	-0.3435038447528071	-0.30286557777647194	0.7090687033420932	1.261760026793714	1.2584092795556285	1.2584092795556283
8	8	ZZ up-up r=1	true	-0.3435038447528071	-0.0016475788418109372	0.9911066542184783	14.095364968556884	12.88805475393713	12.888054753937112
8	16	ZZ up-up r=1	true	-0.3435038447528071	-0.000402831176740559	0.9994305686369004	14.094985236129105	12.891369716915449	12.891369716915431
8	32	ZZ up-up r=1	true	-0.3435038447528071	-1.0932248446671178e-5	0.9999952345001748	14.093855871981788	12.891580386388911	12.891580386388892
8	2	ZZ up-up r=2	true	0.12932021245876324	-0.17426936597409748	0.3492339834967116	0.7972460143568579	0.6706361453751551	0.6706361453751555
8	4	ZZ up-up r=2	true	0.12932021245876324	0.16680825995793794	0.7090687033420932	0.7388530330210153	0.7145236201037506	0.7145236201037508
8	8	ZZ up-up r=2	true	0.12932021245876324	0.00886367550283633	0.9911066542184783	2.28863987872898	2.4941221461399725	2.4941221461399707
8	16	ZZ up-up r=2	true	0.12932021245876324	0.005094836609105938	0.9994305686369004	2.3072544274128255	2.5059557881573764	2.505955788157375
8	32	ZZ up-up r=2	true	0.12932021245876324	-6.836552219408043e-5	0.9999952345001748	2.325720455379779	2.511835112926981	2.5118351129269794
8	2	ZZ up-up r=4	true	0.08748887395276257	0.0006181556917795317	0.3492339834967116	1.6525044519768761	1.6855728248775594	1.6855728248775586
8	4	ZZ up-up r=4	true	0.08748887395276257	0.0890639831786536	0.7090687033420932	0.9859419436044193	0.9854374777584506	0.9854374777584506
8	8	ZZ up-up r=4	true	0.08748887395276257	0.008383481327555856	0.9911066542184783	1.641670400124451	1.6750849468772675	1.6750849468772668
8	16	ZZ up-up r=4	true	0.08748887395276257	0.008570344868763277	0.9994305686369004	1.6412074526117373	1.6746127037785754	1.674612703778575
8	32	ZZ up-up r=4	true	0.08748887395276257	3.461408444786762e-5	0.9999952345001748	1.6526460329252843	1.6856303375868005	1.6856303375867998
8	2	DoubleOcc(i0)	false	0.10006829335605882	0.10006829335605882	0.3492339834967116	2.233688581775904	NaN	2.150099319185443
8	4	DoubleOcc(i0)	false	0.10006829335605882	0.008497890536941333	0.7090687033420932	23.852055644609898	NaN	25.96641545043382
8	8	DoubleOcc(i0)	false	0.10006829335605882	-0.0006129284067248886	0.9911066542184783	24.99955120325469	NaN	28.22603098256616
8	16	DoubleOcc(i0)	false	0.10006829335605882	5.699606320858086e-5	0.9994305686369004	25.05930943650846	NaN	28.238768991843273
8	32	DoubleOcc(i0)	false	0.10006829335605882	-1.9826742806428044e-6	0.9999952345001748	25.055052631550815	NaN	28.238881324577825
8	2	SzSz r=1	false	-0.06980119874879474	0.0060961958594204085	0.3492339834967116	6.050607447966734	NaN	7.5260526114880255
8	4	SzSz r=1	false	-0.06980119874879474	-0.06980119867658988	0.7090687033420932	1.0080046225457384	NaN	1.0121116471646983
8	8	SzSz r=1	false	-0.06980119874879474	6.087935529987265e-5	0.9911066542184783	7.196384387108842	NaN	9.025829227077196
8	16	SzSz r=1	false	-0.06980119874879474	-8.737790853095839e-5	0.9994305686369004	7.156796396546221	NaN	9.028456145578057
8	32	SzSz r=1	false	-0.06980119874879474	-8.843966930419112e-6	0.9999952345001748	7.149836164897066	NaN	9.028565667216718
8	2	hop bond(i0)	false	0.39096245326240264	0.39096245326240264	0.3492339834967116	1.0	NaN	1.0
8	4	hop bond(i0)	false	0.39096245326240264	0.13329675397410756	0.7090687033420932	6.801421650297388	NaN	6.0184818701762
8	8	hop bond(i0)	false	0.39096245326240264	0.002713691884959568	0.9911066542184783	23.32721650739465	NaN	17.69231334551741
8	16	hop bond(i0)	false	0.39096245326240264	0.00014330578156773743	0.9994305686369004	23.23788504460105	NaN	17.70651401004532
8	32	hop bond(i0)	false	0.39096245326240264	1.0389580956005062e-5	0.9999952345001748	23.232029081668298	NaN	17.70655354566174
16	2	ZZ onsite(i0)	true	-0.5985711769075246	0.4014288230924772	0.09698059126342236	2.1907963333901823	2.170926831600805	2.170926831600805
16	4	ZZ onsite(i0)	true	-0.5985711769075246	0.14172367952266662	0.40166697982000493	12.929155198591175	13.386137845604903	13.386137845604889
16	8	ZZ onsite(i0)	true	-0.5985711769075246	-0.0023760696648539303	0.9531865680300434	40.89110326403406	50.58978261328954	50.58978261328929
16	16	ZZ onsite(i0)	true	-0.5985711769075246	0.001584674758553617	0.9951081989418902	40.972047690332545	50.61174041147468	50.611740411474415
16	32	ZZ onsite(i0)	true	-0.5985711769075246	-8.63632165915007e-6	0.9998430858316643	40.956562693026996	50.62934498853827	50.629344988538016
16	2	ZZ up-up r=1	true	-0.3978020931111878	-0.055894218711241284	0.09698059126342236	11.576117907539443	13.3172693606656	13.317269360665563
16	4	ZZ up-up r=1	true	-0.3978020931111878	-0.3369403151572316	0.40166697982000493	1.3479605003254886	1.363563200280164	1.363563200280164
16	8	ZZ up-up r=1	true	-0.3978020931111878	-0.004365416601131489	0.9531865680300434	16.156525659057607	17.675208730288286	17.67520873028822
16	16	ZZ up-up r=1	true	-0.3978020931111878	-0.002431222838153946	0.9951081989418902	16.246261029229338	17.69973041564733	17.699730415647267
16	32	ZZ up-up r=1	true	-0.3978020931111878	-0.00012619531525920324	0.9998430858316643	16.339930885602172	17.710748506008326	17.710748506008265
16	2	ZZ up-up r=2	true	0.1283913205806059	-0.21351655381934062	0.09698059126342236	0.7720477158561135	0.4862665597316203	0.4862665597316207
16	4	ZZ up-up r=2	true	0.1283913205806059	0.18083395598402993	0.40166697982000493	0.6648225698584572	0.6294661499371742	0.6294661499371745
16	8	ZZ up-up r=2	true	0.1283913205806059	0.021539773213596514	0.9531865680300434	2.353019811273205	2.3896301479379423	2.389630147937938
16	16	ZZ up-up r=2	true	0.1283913205806059	0.0037850337676102186	0.9951081989418902	2.5758738552432106	2.4866130924629206	2.4866130924629157
16	32	ZZ up-up r=2	true	0.1283913205806059	0.00013984286520621336	0.9998430858316643	2.6127295793725036	2.489828380842139	2.4898283808421335
16	2	ZZ up-up r=4	true	0.08067412297410187	-0.036514733049122755	0.09698059126342236	1.4358636154753555	1.4136645919164275	1.4136645919164261
16	4	ZZ up-up r=4	true	0.08067412297410187	0.0843634158906637	0.40166697982000493	0.9665564269587668	0.9667173440535188	0.9667173440535188
16	8	ZZ up-up r=4	true	0.08067412297410187	0.004590308825422662	0.9531865680300434	1.5941676155893414	1.5793292276098254	1.579329227609823
16	16	ZZ up-up r=4	true	0.08067412297410187	-0.0012481949148564486	0.9951081989418902	1.5986023534859888	1.582086109684408	1.5820861096844057
16	32	ZZ up-up r=4	true	0.08067412297410187	0.0004782134948535799	0.9998430858316643	1.5983062775865713	1.5822742700986596	1.582274270098657
16	2	ZZ up-up r=8	true	0.046733523084740325	0.03512035851598236	0.09698059126342236	1.0932463360585472	1.0762976617084157	1.0762976617084157
16	4	ZZ up-up r=8	true	0.046733523084740325	0.046745569490398285	0.40166697982000493	0.9998998721008855	0.9999160299378421	0.9999160299378423
16	8	ZZ up-up r=8	true	0.046733523084740325	0.018532576158060997	0.9531865680300434	1.2021599586681986	1.1590961982208006	1.1590961982208003
16	16	ZZ up-up r=8	true	0.046733523084740325	0.008160579186856476	0.9951081989418902	1.2448550862639804	1.1875152742011357	1.1875152742011355
16	32	ZZ up-up r=8	true	0.046733523084740325	5.0301646101875985e-5	0.9998430858316643	1.2602689254701935	1.1945599594774818	1.1945599594774816
16	2	DoubleOcc(i0)	false	0.10035720699083878	0.10035720699083878	0.09698059126342236	2.3709230276579114	NaN	2.1306112363729643
16	4	DoubleOcc(i0)	false	0.10035720699083878	0.035430924763017596	0.40166697982000493	11.631547745348477	NaN	11.153637926792134
16	8	DoubleOcc(i0)	false	0.10035720699083878	-0.0005940260924663099	0.9531865680300434	21.398842611233402	NaN	28.084116847983378
16	16	DoubleOcc(i0)	false	0.10035720699083878	0.0003961657376894967	0.9951081989418902	21.548431836913245	NaN	28.09077311437066
16	32	DoubleOcc(i0)	false	0.10035720699083878	-2.1355930773514498e-6	0.9998430858316643	21.492395888370712	NaN	28.0961077508224
16	2	SzSz r=1	false	-0.08155351070738928	0.0039234578925973485	0.09698059126342236	13.868947758714997	NaN	10.260634582921442
16	4	SzSz r=1	false	-0.08155351070738928	-0.06633806621890569	0.40166697982000493	1.4238142290408653	NaN	1.4410600104451068
16	8	SzSz r=1	false	-0.08155351070738928	-0.0007871955720806373	0.9531865680300434	15.288156776412002	NaN	12.33392296950341
16	16	SzSz r=1	false	-0.08155351070738928	-0.0002420935805390878	0.9951081989418902	15.460930598437104	NaN	12.365347908066255
16	32	SzSz r=1	false	-0.08155351070738928	-3.8859564059551266e-5	0.9998430858316643	15.504481634660074	NaN	12.369447245705787
16	2	hop bond(i0)	false	0.42271506070158926	0.42271506070158926	0.09698059126342236	1.0	NaN	1.0
16	4	hop bond(i0)	false	0.42271506070158926	0.42271506070158926	0.40166697982000493	1.0	NaN	1.0
16	8	hop bond(i0)	false	0.42271506070158926	0.005699985292646148	0.9531865680300434	24.574255147714894	NaN	21.067659439904197
16	16	hop bond(i0)	false	0.42271506070158926	0.002180664315467873	0.9951081989418902	24.71729388948632	NaN	21.13349681554728
16	32	hop bond(i0)	false	0.42271506070158926	0.00010132668925577626	0.9998430858316643	24.764614311277285	NaN	21.144802006146826
32	2	ZZ onsite(i0)	true	-0.5988976957396768	0.4011023042603228	0.006920535726587194	2.3678369719814842	2.1766676500962294	2.176667650096229
32	4	ZZ onsite(i0)	true	-0.5988976957396768	0.16671361144756436	0.1445819364777215	12.094933199995287	10.451617546500518	10.451617546500511
32	8	ZZ onsite(i0)	true	-0.5988976957396768	-0.0005290395592509878	0.8481128991099744	55.108286821177835	50.711829035902745	50.711829035902575
32	16	ZZ onsite(i0)	true	-0.5988976957396768	0.002093283808987989	0.9812599726334363	55.50874933232904	50.68301473753181	50.683014737531636
32	32	ZZ onsite(i0)	true	-0.5988976957396768	0.00010070968091935306	0.9985852718262668	55.214054487390285	50.713724983502495	50.71372498350232
32	2	ZZ up-up r=1	true	-0.43610645883690113	-0.07166161792714831	0.006920535726587194	13.29461342880276	13.990069820556075	13.990069820556052
32	4	ZZ up-up r=1	true	-0.43610645883690113	-0.1353287140527214	0.1445819364777215	6.93293908562075	7.267265944818373	7.2672659448183685
32	8	ZZ up-up r=1	true	-0.43610645883690113	-0.01065892913243649	0.8481128991099744	21.816786897822777	21.606621004606673	21.60662100460662
32	16	ZZ up-up r=1	true	-0.43610645883690113	-0.005552670808767257	0.9812599726334363	22.218260747558528	21.80228546019369	21.802285460193634
32	32	ZZ up-up r=1	true	-0.43610645883690113	-0.0004648572297719644	0.9985852718262668	22.505592539866907	21.875551843730968	21.87555184373091
32	2	ZZ up-up r=2	true	0.12850048280850634	-0.2359443581009656	0.006920535726587194	0.5306811589976232	0.41323193316503737	0.4132319331650377
32	4	ZZ up-up r=2	true	0.12850048280850634	-0.00549426090420857	0.1445819364777215	2.298360388836524	2.4856281965320206	2.485628196532018
32	8	ZZ up-up r=2	true	0.12850048280850634	0.03209843101856444	0.8481128991099744	2.0444856092565473	2.28008657823908	2.280086578239078
32	16	ZZ up-up r=2	true	0.12850048280850634	0.006047762824895414	0.9812599726334363	2.257264534153181	2.484197714047309	2.484197714047306
32	32	ZZ up-up r=2	true	0.12850048280850634	0.000942850034250875	0.9985852718262668	2.2801720654482214	2.4922095753367874	2.4922095753367848
32	2	ZZ up-up r=4	true	0.08039426110678458	-0.05287316975975509	0.006920535726587194	1.4940988535623656	1.2624849146679722	1.2624849146679717
32	4	ZZ up-up r=4	true	0.08039426110678458	0.04711231429843289	0.1445819364777215	1.4793331146920208	1.3167658286737818	1.3167658286737813
32	8	ZZ up-up r=4	true	0.08039426110678458	0.0074164473142547815	0.8481128991099744	2.0012262649854873	1.5705187661547373	1.570518766154736
32	16	ZZ up-up r=4	true	0.08039426110678458	-0.0004001973601299724	0.9812599726334363	2.0328289124085965	1.578224710465823	1.5782247104658218
32	32	ZZ up-up r=4	true	0.08039426110678458	0.0007507832138867743	0.9985852718262668	2.0304050888870417	1.5781677369716003	1.5781677369715992
32	2	ZZ up-up r=8	true	0.04519440574614467	0.027401709388179082	0.006920535726587194	1.1509247964749802	1.107838879217618	1.1078388792176177
32	4	ZZ up-up r=8	true	0.04519440574614467	0.04184155624876292	0.1445819364777215	1.0285381390982336	1.0224860832262925	1.0224860832262928
32	8	ZZ up-up r=8	true	0.04519440574614467	0.013233901869637937	0.8481128991099744	1.2612892399245657	1.1637758580218147	1.163775858021814
32	16	ZZ up-up r=8	true	0.04519440574614467	0.003679378120225993	0.9812599726334363	1.323137358552299	1.1805067195513368	1.1805067195513366
32	32	ZZ up-up r=8	true	0.04519440574614467	0.00011659721317647254	0.9985852718262668	1.3424795691788474	1.181928772874639	1.1819287728746386
32	2	DoubleOcc(i0)	false	0.10027558849842566	0.10027558849842566	0.006920535726587194	2.377070695411172	NaN	2.136097530488921
32	4	DoubleOcc(i0)	false	0.10027558849842566	0.04167842430110158	0.1445819364777215	11.001749589640392	NaN	9.068189562292712
32	8	DoubleOcc(i0)	false	0.10027558849842566	-0.00012778872528834695	0.8481128991099744	33.503173728942706	NaN	28.135792163644393
32	16	DoubleOcc(i0)	false	0.10027558849842566	0.0005233429113786214	0.9812599726334363	33.68619350726669	NaN	28.12705323454065
32	32	DoubleOcc(i0)	false	0.10027558849842566	2.5175500816709828e-5	0.9985852718262668	33.55006087864355	NaN	28.136356373521984
32	2	SzSz r=1	false	-0.089877671060802	0.0012335391666362105	0.006920535726587194	12.22630318489964	NaN	12.539624210187506
32	4	SzSz r=1	false	-0.089877671060802	-0.01344381416931592	0.1445819364777215	8.496418000237862	NaN	8.870247797113034
32	8	SzSz r=1	false	-0.089877671060802	-0.002266590443979616	0.8481128991099744	14.789835625528884	NaN	15.030283875187456
32	16	SzSz r=1	false	-0.089877671060802	-0.0005904052587546171	0.9812599726334363	14.970526871756793	NaN	15.216830706651473
32	32	SzSz r=1	false	-0.089877671060802	-8.911212262568968e-5	0.9985852718262668	15.032640448722285	NaN	15.232773608045251
32	2	hop bond(i0)	false	0.44405745966245797	0.44405745966245797	0.006920535726587194	1.0	NaN	1.0
32	4	hop bond(i0)	false	0.44405745966245797	0.44405745966245797	0.1445819364777215	1.0	NaN	1.0
32	8	hop bond(i0)	false	0.44405745966245797	0.010902512268721132	0.8481128991099744	17.28503280894396	NaN	23.421512367299815
32	16	hop bond(i0)	false	0.44405745966245797	0.0034065688868793464	0.9812599726334363	17.6035009432276	NaN	23.710869343459336
32	32	hop bond(i0)	false	0.44405745966245797	0.0003551242078484451	0.9985852718262668	17.689883553645647	NaN	23.742259384547516
