W	LX	geometry	U	Hvar	state	kind	i	j	name	value
1	64	cylinder	8.0	1.088e-10	true	bond	32	33	Za	-0.000000000001
1	64	cylinder	8.0	1.088e-10	true	bond	32	33	Zab	-0.853426409758
1	64	cylinder	8.0	1.088e-10	true	bond	32	33	Zabc	-0.000000000001
1	64	cylinder	8.0	1.088e-10	true	bond	32	33	Zabcd	0.843732288540
1	64	cylinder	8.0	1.088e-10	true	bond	32	33	Zabd	0.000000000001
1	64	cylinder	8.0	1.088e-10	true	bond	32	33	Zac	-0.513298811596
1	64	cylinder	8.0	1.088e-10	true	bond	32	33	Zacd	0.000000000001
1	64	cylinder	8.0	1.088e-10	true	bond	32	33	Zad	0.448274171973
1	64	cylinder	8.0	1.088e-10	true	bond	32	33	Zb	0.000000000001
1	64	cylinder	8.0	1.088e-10	true	bond	32	33	Zbc	0.448274171973
1	64	cylinder	8.0	1.088e-10	true	bond	32	33	Zbcd	-0.000000000001
1	64	cylinder	8.0	1.088e-10	true	bond	32	33	Zbd	-0.513298811596
1	64	cylinder	8.0	1.088e-10	true	bond	32	33	Zc	0.000000000002
1	64	cylinder	8.0	1.088e-10	true	bond	32	33	Zcd	-0.853426409758
1	64	cylinder	8.0	1.088e-10	true	bond	32	33	Zd	-0.000000000002
1	64	cylinder	8.0	1.088e-10	true	bond	32	33	hopD	0.292082022482
1	64	cylinder	8.0	1.088e-10	true	bond	32	33	hopD_Za	-0.000000000000
1	64	cylinder	8.0	1.088e-10	true	bond	32	33	hopD_Zc	0.000000000000
1	64	cylinder	8.0	1.088e-10	true	bond	32	33	hopU	0.292082022482
1	64	cylinder	8.0	1.088e-10	true	bond	32	33	hopU_Zb	0.000000000000
1	64	cylinder	8.0	1.088e-10	true	bond	32	33	hopU_Zd	-0.000000000000
1	64	cylinder	8.0	1.088e-10	true	bond	33	34	Za	0.000000000002
1	64	cylinder	8.0	1.088e-10	true	bond	33	34	Zab	-0.853426409758
1	64	cylinder	8.0	1.088e-10	true	bond	33	34	Zabc	0.000000000002
1	64	cylinder	8.0	1.088e-10	true	bond	33	34	Zabcd	0.860455508646
1	64	cylinder	8.0	1.088e-10	true	bond	33	34	Zabd	-0.000000000002
1	64	cylinder	8.0	1.088e-10	true	bond	33	34	Zac	-0.619811493256
1	64	cylinder	8.0	1.088e-10	true	bond	33	34	Zacd	-0.000000000001
1	64	cylinder	8.0	1.088e-10	true	bond	33	34	Zad	0.545720072339
1	64	cylinder	8.0	1.088e-10	true	bond	33	34	Zb	-0.000000000002
1	64	cylinder	8.0	1.088e-10	true	bond	33	34	Zbc	0.545720072339
1	64	cylinder	8.0	1.088e-10	true	bond	33	34	Zbcd	0.000000000001
1	64	cylinder	8.0	1.088e-10	true	bond	33	34	Zbd	-0.619811493256
1	64	cylinder	8.0	1.088e-10	true	bond	33	34	Zc	-0.000000000002
1	64	cylinder	8.0	1.088e-10	true	bond	33	34	Zcd	-0.853438194326
1	64	cylinder	8.0	1.088e-10	true	bond	33	34	Zd	0.000000000002
1	64	cylinder	8.0	1.088e-10	true	bond	33	34	hopD	0.328624286691
1	64	cylinder	8.0	1.088e-10	true	bond	33	34	hopD_Za	0.000000000000
1	64	cylinder	8.0	1.088e-10	true	bond	33	34	hopD_Zc	-0.000000000000
1	64	cylinder	8.0	1.088e-10	true	bond	33	34	hopU	0.328624286691
1	64	cylinder	8.0	1.088e-10	true	bond	33	34	hopU_Zb	-0.000000000000
1	64	cylinder	8.0	1.088e-10	true	bond	33	34	hopU_Zd	0.000000000000
1	64	cylinder	8.0	1.088e-10	true	dist	32	33	FF	0.843732288540
1	64	cylinder	8.0	1.088e-10	true	dist	32	33	hopU	0.292082022482
1	64	cylinder	8.0	1.088e-10	true	dist	32	34	FF	0.730876822588
1	64	cylinder	8.0	1.088e-10	true	dist	32	34	hopU	-0.000000000000
1	64	cylinder	8.0	1.088e-10	true	dist	32	35	FF	0.728840282569
1	64	cylinder	8.0	1.088e-10	true	dist	32	35	hopU	-0.020783441360
1	64	cylinder	8.0	1.088e-10	true	dist	32	36	FF	0.728363453947
1	64	cylinder	8.0	1.088e-10	true	dist	32	36	hopU	-0.000000000001
1	64	cylinder	8.0	1.088e-10	true	dist	32	37	FF	0.728343430424
1	64	cylinder	8.0	1.088e-10	true	dist	32	37	hopU	0.002735130055
1	64	cylinder	8.0	1.088e-10	true	dist	32	38	FF	0.728360089712
1	64	cylinder	8.0	1.088e-10	true	dist	32	38	hopU	-0.000000000050
1	64	cylinder	8.0	1.088e-10	true	dist	32	39	FF	0.728310054598
1	64	cylinder	8.0	1.088e-10	true	dist	32	39	hopU	-0.000433106960
1	64	cylinder	8.0	1.088e-10	true	dist	32	40	FF	0.728376682972
1	64	cylinder	8.0	1.088e-10	true	dist	32	40	hopU	0.000000000012
1	64	cylinder	8.0	1.088e-10	true	dist	32	41	FF	0.728293364841
1	64	cylinder	8.0	1.088e-10	true	dist	32	41	hopU	0.000074990251
1	64	cylinder	8.0	1.088e-10	true	dist	32	42	FF	0.728392196126
1	64	cylinder	8.0	1.088e-10	true	dist	32	42	hopU	0.000000000022
1	64	cylinder	8.0	1.088e-10	true	dist	32	43	FF	0.728277008348
1	64	cylinder	8.0	1.088e-10	true	dist	32	43	hopU	-0.000013665138
1	64	cylinder	8.0	1.088e-10	true	dist	32	44	FF	0.728409198719
1	64	cylinder	8.0	1.088e-10	true	dist	32	44	hopU	-0.000000000110
1	64	cylinder	8.0	1.088e-10	true	dist	32	45	FF	0.728258177564
1	64	cylinder	8.0	1.088e-10	true	dist	32	45	hopU	0.000002567609
1	64	cylinder	8.0	1.088e-10	true	dist	32	46	FF	0.728429495129
1	64	cylinder	8.0	1.088e-10	true	dist	32	46	hopU	0.000000000049
1	64	cylinder	8.0	1.088e-10	true	dist	32	47	FF	0.728234954845
1	64	cylinder	8.0	1.088e-10	true	dist	32	47	hopU	-0.000000490968
1	64	cylinder	8.0	1.088e-10	true	dist	32	48	FF	0.728455082044
1	64	cylinder	8.0	1.088e-10	true	dist	32	48	hopU	-0.000000000014
1	64	cylinder	8.0	1.088e-10	true	dist	32	49	FF	0.728204846864
1	64	cylinder	8.0	1.088e-10	true	dist	32	49	hopU	0.000000094655
1	64	cylinder	8.0	1.088e-10	true	dist	32	50	FF	0.728488936165
1	64	cylinder	8.0	1.088e-10	true	dist	32	50	hopU	0.000000000004
1	64	cylinder	8.0	1.088e-10	true	dist	32	51	FF	0.728163838849
1	64	cylinder	8.0	1.088e-10	true	dist	32	51	hopU	-0.000000018262
1	64	cylinder	8.0	1.088e-10	true	dist	32	52	FF	0.728536118585
1	64	cylinder	8.0	1.088e-10	true	dist	32	52	hopU	-0.000000000001
1	64	cylinder	8.0	1.088e-10	true	dist	32	53	FF	0.728104726959
1	64	cylinder	8.0	1.088e-10	true	dist	32	53	hopU	0.000000003501
1	64	cylinder	8.0	1.088e-10	true	dist	32	54	FF	0.728606123708
1	64	cylinder	8.0	1.088e-10	true	dist	32	54	hopU	0.000000000000
1	64	cylinder	8.0	1.088e-10	true	dist	32	55	FF	0.728013186242
1	64	cylinder	8.0	1.088e-10	true	dist	32	55	hopU	-0.000000000662
1	64	cylinder	8.0	1.088e-10	true	dist	32	56	FF	0.728718893941
1	64	cylinder	8.0	1.088e-10	true	dist	32	56	hopU	-0.000000000000
1	64	cylinder	8.0	1.088e-10	true	dist	32	57	FF	0.727856768389
1	64	cylinder	8.0	1.088e-10	true	dist	32	57	hopU	0.000000000122
1	64	cylinder	8.0	1.088e-10	true	dist	32	58	FF	0.728923504952
1	64	cylinder	8.0	1.088e-10	true	dist	32	58	hopU	0.000000000000
1	64	cylinder	8.0	1.088e-10	true	dist	32	59	FF	0.727547462939
1	64	cylinder	8.0	1.088e-10	true	dist	32	59	hopU	-0.000000000021
1	64	cylinder	8.0	1.088e-10	true	dist	32	60	FF	0.729378570241
1	64	cylinder	8.0	1.088e-10	true	dist	32	60	hopU	-0.000000000000
1	64	cylinder	8.0	1.088e-10	true	dist	32	61	FF	0.726789549540
1	64	cylinder	8.0	1.088e-10	true	dist	32	61	hopU	0.000000000003
1	64	cylinder	8.0	1.088e-10	true	dist	32	62	FF	0.731064578079
1	64	cylinder	8.0	1.088e-10	true	dist	32	62	hopU	0.000000000000
1	64	cylinder	8.0	1.088e-10	true	dist	32	63	FF	0.725258567078
1	64	cylinder	8.0	1.088e-10	true	dist	32	63	hopU	-0.000000000000
1	64	cylinder	8.0	1.088e-10	UHF	bond	32	33	Za	-0.938535770251
1	64	cylinder	8.0	1.088e-10	UHF	bond	32	33	Zab	-0.880849392040
1	64	cylinder	8.0	1.088e-10	UHF	bond	32	33	Zabc	-0.881763464056
1	64	cylinder	8.0	1.088e-10	UHF	bond	32	33	Zabcd	0.882678484585
1	64	cylinder	8.0	1.088e-10	UHF	bond	32	33	Zabd	0.881763464053
1	64	cylinder	8.0	1.088e-10	UHF	bond	32	33	Zac	-0.939509704377
1	64	cylinder	8.0	1.088e-10	UHF	bond	32	33	Zacd	0.881763464055
1	64	cylinder	8.0	1.088e-10	UHF	bond	32	33	Zad	0.880849392040
1	64	cylinder	8.0	1.088e-10	UHF	bond	32	33	Zb	0.938535770251
1	64	cylinder	8.0	1.088e-10	UHF	bond	32	33	Zbc	0.880849392040
1	64	cylinder	8.0	1.088e-10	UHF	bond	32	33	Zbcd	-0.881763464054
1	64	cylinder	8.0	1.088e-10	UHF	bond	32	33	Zbd	-0.939509704375
1	64	cylinder	8.0	1.088e-10	UHF	bond	32	33	Zc	0.938535770251
1	64	cylinder	8.0	1.088e-10	UHF	bond	32	33	Zcd	-0.880849392040
1	64	cylinder	8.0	1.088e-10	UHF	bond	32	33	Zd	-0.938535770251
1	64	cylinder	8.0	1.088e-10	UHF	bond	32	33	hopD	0.242198910685
1	64	cylinder	8.0	1.088e-10	UHF	bond	32	33	hopD_Za	-0.227312341193
1	64	cylinder	8.0	1.088e-10	UHF	bond	32	33	hopD_Zc	0.227312341194
1	64	cylinder	8.0	1.088e-10	UHF	bond	32	33	hopU	0.242198910685
1	64	cylinder	8.0	1.088e-10	UHF	bond	32	33	hopU_Zb	0.227312341195
1	64	cylinder	8.0	1.088e-10	UHF	bond	32	33	hopU_Zd	-0.227312341193
1	64	cylinder	8.0	1.088e-10	UHF	bond	33	34	Za	0.938535770251
1	64	cylinder	8.0	1.088e-10	UHF	bond	33	34	Zab	-0.880849392040
1	64	cylinder	8.0	1.088e-10	UHF	bond	33	34	Zabc	0.881763464063
1	64	cylinder	8.0	1.088e-10	UHF	bond	33	34	Zabcd	0.882678484605
1	64	cylinder	8.0	1.088e-10	UHF	bond	33	34	Zabd	-0.881763464053
1	64	cylinder	8.0	1.088e-10	UHF	bond	33	34	Zac	-0.939509704376
1	64	cylinder	8.0	1.088e-10	UHF	bond	33	34	Zacd	-0.881763464056
1	64	cylinder	8.0	1.088e-10	UHF	bond	33	34	Zad	0.880849392040
1	64	cylinder	8.0	1.088e-10	UHF	bond	33	34	Zb	-0.938535770251
1	64	cylinder	8.0	1.088e-10	UHF	bond	33	34	Zbc	0.880849392045
1	64	cylinder	8.0	1.088e-10	UHF	bond	33	34	Zbcd	0.881763464058
1	64	cylinder	8.0	1.088e-10	UHF	bond	33	34	Zbd	-0.939509704374
1	64	cylinder	8.0	1.088e-10	UHF	bond	33	34	Zc	-0.938535770251
1	64	cylinder	8.0	1.088e-10	UHF	bond	33	34	Zcd	-0.880849392041
1	64	cylinder	8.0	1.088e-10	UHF	bond	33	34	Zd	0.938535770251
1	64	cylinder	8.0	1.088e-10	UHF	bond	33	34	hopD	0.242198910685
1	64	cylinder	8.0	1.088e-10	UHF	bond	33	34	hopD_Za	0.227312341194
1	64	cylinder	8.0	1.088e-10	UHF	bond	33	34	hopD_Zc	-0.227312341190
1	64	cylinder	8.0	1.088e-10	UHF	bond	33	34	hopU	0.242198910685
1	64	cylinder	8.0	1.088e-10	UHF	bond	33	34	hopU_Zb	-0.227312341194
1	64	cylinder	8.0	1.088e-10	UHF	bond	33	34	hopU_Zd	0.227312341194
1	64	cylinder	8.0	1.088e-10	UHF	dist	32	33	FF	0.882678484585
1	64	cylinder	8.0	1.088e-10	UHF	dist	32	33	hopU	0.242198910685
1	64	cylinder	8.0	1.088e-10	UHF	dist	32	34	FF	0.774385389297
1	64	cylinder	8.0	1.088e-10	UHF	dist	32	34	hopU	-0.029286405476
1	64	cylinder	8.0	1.088e-10	UHF	dist	32	35	FF	0.775993065280
1	64	cylinder	8.0	1.088e-10	UHF	dist	32	35	hopU	-0.007436065904
1	64	cylinder	8.0	1.088e-10	UHF	dist	32	36	FF	0.775892338123
1	64	cylinder	8.0	1.088e-10	UHF	dist	32	36	hopU	0.001370350112
1	64	cylinder	8.0	1.088e-10	UHF	dist	32	37	FF	0.775895860298
1	64	cylinder	8.0	1.088e-10	UHF	dist	32	37	hopU	0.000346047219
1	64	cylinder	8.0	1.088e-10	UHF	dist	32	38	FF	0.775895642907
1	64	cylinder	8.0	1.088e-10	UHF	dist	32	38	hopU	-0.000071239232
1	64	cylinder	8.0	1.088e-10	UHF	dist	32	39	FF	0.775895651935
1	64	cylinder	8.0	1.088e-10	UHF	dist	32	39	hopU	-0.000017940328
1	64	cylinder	8.0	1.088e-10	UHF	dist	32	40	FF	0.775895651440
1	64	cylinder	8.0	1.088e-10	UHF	dist	32	40	hopU	0.000003892182
1	64	cylinder	8.0	1.088e-10	UHF	dist	32	41	FF	0.775895651459
1	64	cylinder	8.0	1.088e-10	UHF	dist	32	41	hopU	0.000000963772
1	64	cylinder	8.0	1.088e-10	UHF	dist	32	42	FF	0.775895651456
1	64	cylinder	8.0	1.088e-10	UHF	dist	32	42	hopU	-0.000000215252
1	64	cylinder	8.0	1.088e-10	UHF	dist	32	43	FF	0.775895651457
1	64	cylinder	8.0	1.088e-10	UHF	dist	32	43	hopU	-0.000000052449
1	64	cylinder	8.0	1.088e-10	UHF	dist	32	44	FF	0.775895651457
1	64	cylinder	8.0	1.088e-10	UHF	dist	32	44	hopU	0.000000011920
1	64	cylinder	8.0	1.088e-10	UHF	dist	32	45	FF	0.775895651457
1	64	cylinder	8.0	1.088e-10	UHF	dist	32	45	hopU	0.000000002870
1	64	cylinder	8.0	1.088e-10	UHF	dist	32	46	FF	0.775895651457
1	64	cylinder	8.0	1.088e-10	UHF	dist	32	46	hopU	-0.000000000659
1	64	cylinder	8.0	1.088e-10	UHF	dist	32	47	FF	0.775895651457
1	64	cylinder	8.0	1.088e-10	UHF	dist	32	47	hopU	-0.000000000157
1	64	cylinder	8.0	1.088e-10	UHF	dist	32	48	FF	0.775895651457
1	64	cylinder	8.0	1.088e-10	UHF	dist	32	48	hopU	0.000000000036
1	64	cylinder	8.0	1.088e-10	UHF	dist	32	49	FF	0.775895651457
1	64	cylinder	8.0	1.088e-10	UHF	dist	32	49	hopU	0.000000000009
1	64	cylinder	8.0	1.088e-10	UHF	dist	32	50	FF	0.775895651457
1	64	cylinder	8.0	1.088e-10	UHF	dist	32	50	hopU	-0.000000000002
1	64	cylinder	8.0	1.088e-10	UHF	dist	32	51	FF	0.775895651457
1	64	cylinder	8.0	1.088e-10	UHF	dist	32	51	hopU	-0.000000000000
1	64	cylinder	8.0	1.088e-10	UHF	dist	32	52	FF	0.775895651457
1	64	cylinder	8.0	1.088e-10	UHF	dist	32	52	hopU	0.000000000000
1	64	cylinder	8.0	1.088e-10	UHF	dist	32	53	FF	0.775895651457
1	64	cylinder	8.0	1.088e-10	UHF	dist	32	53	hopU	0.000000000000
1	64	cylinder	8.0	1.088e-10	UHF	dist	32	54	FF	0.775895651457
1	64	cylinder	8.0	1.088e-10	UHF	dist	32	54	hopU	-0.000000000000
1	64	cylinder	8.0	1.088e-10	UHF	dist	32	55	FF	0.775895651457
1	64	cylinder	8.0	1.088e-10	UHF	dist	32	55	hopU	-0.000000000000
1	64	cylinder	8.0	1.088e-10	UHF	dist	32	56	FF	0.775895651458
1	64	cylinder	8.0	1.088e-10	UHF	dist	32	56	hopU	0.000000000000
1	64	cylinder	8.0	1.088e-10	UHF	dist	32	57	FF	0.775895651458
1	64	cylinder	8.0	1.088e-10	UHF	dist	32	57	hopU	0.000000000000
1	64	cylinder	8.0	1.088e-10	UHF	dist	32	58	FF	0.775895651676
1	64	cylinder	8.0	1.088e-10	UHF	dist	32	58	hopU	-0.000000000000
1	64	cylinder	8.0	1.088e-10	UHF	dist	32	59	FF	0.775895651116
1	64	cylinder	8.0	1.088e-10	UHF	dist	32	59	hopU	-0.000000000000
1	64	cylinder	8.0	1.088e-10	UHF	dist	32	60	FF	0.775895745178
1	64	cylinder	8.0	1.088e-10	UHF	dist	32	60	hopU	0.000000000000
1	64	cylinder	8.0	1.088e-10	UHF	dist	32	61	FF	0.775895026353
1	64	cylinder	8.0	1.088e-10	UHF	dist	32	61	hopU	0.000000000000
1	64	cylinder	8.0	1.088e-10	UHF	dist	32	62	FF	0.775948412069
1	64	cylinder	8.0	1.088e-10	UHF	dist	32	62	hopU	-0.000000000000
1	64	cylinder	8.0	1.088e-10	UHF	dist	32	63	FF	0.775106286150
1	64	cylinder	8.0	1.088e-10	UHF	dist	32	63	hopU	-0.000000000000
1	64	cylinder	8.0	1.088e-10	chi2	bond	32	33	Za	0.000000000147
1	64	cylinder	8.0	1.088e-10	chi2	bond	32	33	Zab	-1.000000000000
1	64	cylinder	8.0	1.088e-10	chi2	bond	32	33	Zabc	-0.000000000016
1	64	cylinder	8.0	1.088e-10	chi2	bond	32	33	Zabcd	1.000000000000
1	64	cylinder	8.0	1.088e-10	chi2	bond	32	33	Zabd	0.000000000016
1	64	cylinder	8.0	1.088e-10	chi2	bond	32	33	Zac	0.000000000000
1	64	cylinder	8.0	1.088e-10	chi2	bond	32	33	Zacd	-0.000000000147
1	64	cylinder	8.0	1.088e-10	chi2	bond	32	33	Zad	-0.000000000000
1	64	cylinder	8.0	1.088e-10	chi2	bond	32	33	Zb	-0.000000000147
1	64	cylinder	8.0	1.088e-10	chi2	bond	32	33	Zbc	-0.000000000000
1	64	cylinder	8.0	1.088e-10	chi2	bond	32	33	Zbcd	0.000000000147
1	64	cylinder	8.0	1.088e-10	chi2	bond	32	33	Zbd	0.000000000000
1	64	cylinder	8.0	1.088e-10	chi2	bond	32	33	Zc	0.000000000016
1	64	cylinder	8.0	1.088e-10	chi2	bond	32	33	Zcd	-1.000000000000
1	64	cylinder	8.0	1.088e-10	chi2	bond	32	33	Zd	-0.000000000016
1	64	cylinder	8.0	1.088e-10	chi2	bond	32	33	hopD	0.000000000000
1	64	cylinder	8.0	1.088e-10	chi2	bond	32	33	hopD_Za	0.000000000000
1	64	cylinder	8.0	1.088e-10	chi2	bond	32	33	hopD_Zc	0.000000000000
1	64	cylinder	8.0	1.088e-10	chi2	bond	32	33	hopU	0.000000000000
1	64	cylinder	8.0	1.088e-10	chi2	bond	32	33	hopU_Zb	0.000000000000
1	64	cylinder	8.0	1.088e-10	chi2	bond	32	33	hopU_Zd	0.000000000000
1	64	cylinder	8.0	1.088e-10	chi2	bond	33	34	Za	0.000000000016
1	64	cylinder	8.0	1.088e-10	chi2	bond	33	34	Zab	-1.000000000000
1	64	cylinder	8.0	1.088e-10	chi2	bond	33	34	Zabc	0.000000000016
1	64	cylinder	8.0	1.088e-10	chi2	bond	33	34	Zabcd	1.000000000000
1	64	cylinder	8.0	1.088e-10	chi2	bond	33	34	Zabd	-0.000000000016
1	64	cylinder	8.0	1.088e-10	chi2	bond	33	34	Zac	-1.000000000000
1	64	cylinder	8.0	1.088e-10	chi2	bond	33	34	Zacd	-0.000000000016
1	64	cylinder	8.0	1.088e-10	chi2	bond	33	34	Zad	1.000000000000
1	64	cylinder	8.0	1.088e-10	chi2	bond	33	34	Zb	-0.000000000016
1	64	cylinder	8.0	1.088e-10	chi2	bond	33	34	Zbc	1.000000000000
1	64	cylinder	8.0	1.088e-10	chi2	bond	33	34	Zbcd	0.000000000016
1	64	cylinder	8.0	1.088e-10	chi2	bond	33	34	Zbd	-1.000000000000
1	64	cylinder	8.0	1.088e-10	chi2	bond	33	34	Zc	-0.000000000016
1	64	cylinder	8.0	1.088e-10	chi2	bond	33	34	Zcd	-1.000000000000
1	64	cylinder	8.0	1.088e-10	chi2	bond	33	34	Zd	0.000000000016
1	64	cylinder	8.0	1.088e-10	chi2	bond	33	34	hopD	0.000000000000
1	64	cylinder	8.0	1.088e-10	chi2	bond	33	34	hopD_Za	0.000000000000
1	64	cylinder	8.0	1.088e-10	chi2	bond	33	34	hopD_Zc	0.000000000000
1	64	cylinder	8.0	1.088e-10	chi2	bond	33	34	hopU	0.000000000000
1	64	cylinder	8.0	1.088e-10	chi2	bond	33	34	hopU_Zb	0.000000000000
1	64	cylinder	8.0	1.088e-10	chi2	bond	33	34	hopU_Zd	0.000000000000
1	64	cylinder	8.0	1.088e-10	chi2	dist	32	33	FF	1.000000000000
1	64	cylinder	8.0	1.088e-10	chi2	dist	32	33	hopU	0.000000000000
1	64	cylinder	8.0	1.088e-10	chi2	dist	32	34	FF	1.000000000000
1	64	cylinder	8.0	1.088e-10	chi2	dist	32	34	hopU	0.000000000000
1	64	cylinder	8.0	1.088e-10	chi2	dist	32	35	FF	1.000000000000
1	64	cylinder	8.0	1.088e-10	chi2	dist	32	35	hopU	0.000000000000
1	64	cylinder	8.0	1.088e-10	chi2	dist	32	36	FF	1.000000000000
1	64	cylinder	8.0	1.088e-10	chi2	dist	32	36	hopU	0.000000000000
1	64	cylinder	8.0	1.088e-10	chi2	dist	32	37	FF	1.000000000000
1	64	cylinder	8.0	1.088e-10	chi2	dist	32	37	hopU	0.000000000000
1	64	cylinder	8.0	1.088e-10	chi2	dist	32	38	FF	1.000000000000
1	64	cylinder	8.0	1.088e-10	chi2	dist	32	38	hopU	0.000000000000
1	64	cylinder	8.0	1.088e-10	chi2	dist	32	39	FF	1.000000000000
1	64	cylinder	8.0	1.088e-10	chi2	dist	32	39	hopU	0.000000000000
1	64	cylinder	8.0	1.088e-10	chi2	dist	32	40	FF	1.000000000000
1	64	cylinder	8.0	1.088e-10	chi2	dist	32	40	hopU	0.000000000000
1	64	cylinder	8.0	1.088e-10	chi2	dist	32	41	FF	1.000000000000
1	64	cylinder	8.0	1.088e-10	chi2	dist	32	41	hopU	0.000000000000
1	64	cylinder	8.0	1.088e-10	chi2	dist	32	42	FF	1.000000000000
1	64	cylinder	8.0	1.088e-10	chi2	dist	32	42	hopU	0.000000000000
1	64	cylinder	8.0	1.088e-10	chi2	dist	32	43	FF	1.000000000000
1	64	cylinder	8.0	1.088e-10	chi2	dist	32	43	hopU	0.000000000000
1	64	cylinder	8.0	1.088e-10	chi2	dist	32	44	FF	1.000000000000
1	64	cylinder	8.0	1.088e-10	chi2	dist	32	44	hopU	0.000000000000
1	64	cylinder	8.0	1.088e-10	chi2	dist	32	45	FF	1.000000000000
1	64	cylinder	8.0	1.088e-10	chi2	dist	32	45	hopU	0.000000000000
1	64	cylinder	8.0	1.088e-10	chi2	dist	32	46	FF	1.000000000000
1	64	cylinder	8.0	1.088e-10	chi2	dist	32	46	hopU	0.000000000000
1	64	cylinder	8.0	1.088e-10	chi2	dist	32	47	FF	1.000000000000
1	64	cylinder	8.0	1.088e-10	chi2	dist	32	47	hopU	0.000000000000
1	64	cylinder	8.0	1.088e-10	chi2	dist	32	48	FF	1.000000000000
1	64	cylinder	8.0	1.088e-10	chi2	dist	32	48	hopU	0.000000000000
1	64	cylinder	8.0	1.088e-10	chi2	dist	32	49	FF	1.000000000000
1	64	cylinder	8.0	1.088e-10	chi2	dist	32	49	hopU	0.000000000000
1	64	cylinder	8.0	1.088e-10	chi2	dist	32	50	FF	1.000000000000
1	64	cylinder	8.0	1.088e-10	chi2	dist	32	50	hopU	0.000000000000
1	64	cylinder	8.0	1.088e-10	chi2	dist	32	51	FF	1.000000000000
1	64	cylinder	8.0	1.088e-10	chi2	dist	32	51	hopU	0.000000000000
1	64	cylinder	8.0	1.088e-10	chi2	dist	32	52	FF	1.000000000000
1	64	cylinder	8.0	1.088e-10	chi2	dist	32	52	hopU	0.000000000000
1	64	cylinder	8.0	1.088e-10	chi2	dist	32	53	FF	1.000000000000
1	64	cylinder	8.0	1.088e-10	chi2	dist	32	53	hopU	0.000000000000
1	64	cylinder	8.0	1.088e-10	chi2	dist	32	54	FF	1.000000000000
1	64	cylinder	8.0	1.088e-10	chi2	dist	32	54	hopU	0.000000000000
1	64	cylinder	8.0	1.088e-10	chi2	dist	32	55	FF	1.000000000000
1	64	cylinder	8.0	1.088e-10	chi2	dist	32	55	hopU	0.000000000000
1	64	cylinder	8.0	1.088e-10	chi2	dist	32	56	FF	1.000000000000
1	64	cylinder	8.0	1.088e-10	chi2	dist	32	56	hopU	0.000000000000
1	64	cylinder	8.0	1.088e-10	chi2	dist	32	57	FF	1.000000000000
1	64	cylinder	8.0	1.088e-10	chi2	dist	32	57	hopU	0.000000000000
1	64	cylinder	8.0	1.088e-10	chi2	dist	32	58	FF	1.000000000000
1	64	cylinder	8.0	1.088e-10	chi2	dist	32	58	hopU	0.000000000000
1	64	cylinder	8.0	1.088e-10	chi2	dist	32	59	FF	1.000000000000
1	64	cylinder	8.0	1.088e-10	chi2	dist	32	59	hopU	0.000000000000
1	64	cylinder	8.0	1.088e-10	chi2	dist	32	60	FF	1.000000000000
1	64	cylinder	8.0	1.088e-10	chi2	dist	32	60	hopU	0.000000000000
1	64	cylinder	8.0	1.088e-10	chi2	dist	32	61	FF	1.000000000000
1	64	cylinder	8.0	1.088e-10	chi2	dist	32	61	hopU	0.000000000000
1	64	cylinder	8.0	1.088e-10	chi2	dist	32	62	FF	1.000000000000
1	64	cylinder	8.0	1.088e-10	chi2	dist	32	62	hopU	0.000000000000
1	64	cylinder	8.0	1.088e-10	chi2	dist	32	63	FF	1.000000000000
1	64	cylinder	8.0	1.088e-10	chi2	dist	32	63	hopU	0.000000000000
1	64	cylinder	8.0	1.088e-10	chi4	bond	32	33	Za	0.000000000010
1	64	cylinder	8.0	1.088e-10	chi4	bond	32	33	Zab	-0.918675156091
1	64	cylinder	8.0	1.088e-10	chi4	bond	32	33	Zabc	0.000000000022
1	64	cylinder	8.0	1.088e-10	chi4	bond	32	33	Zabcd	0.845167095931
1	64	cylinder	8.0	1.088e-10	chi4	bond	32	33	Zabd	-0.000000000019
1	64	cylinder	8.0	1.088e-10	chi4	bond	32	33	Zac	-0.490465544510
1	64	cylinder	8.0	1.088e-10	chi4	bond	32	33	Zacd	-0.000000000009
1	64	cylinder	8.0	1.088e-10	chi4	bond	32	33	Zad	0.490465544510
1	64	cylinder	8.0	1.088e-10	chi4	bond	32	33	Zb	-0.000000000008
1	64	cylinder	8.0	1.088e-10	chi4	bond	32	33	Zbc	0.490465544509
1	64	cylinder	8.0	1.088e-10	chi4	bond	32	33	Zbcd	0.000000000008
1	64	cylinder	8.0	1.088e-10	chi4	bond	32	33	Zbd	-0.490465544509
1	64	cylinder	8.0	1.088e-10	chi4	bond	32	33	Zc	-0.000000000016
1	64	cylinder	8.0	1.088e-10	chi4	bond	32	33	Zcd	-0.918727337695
1	64	cylinder	8.0	1.088e-10	chi4	bond	32	33	Zd	0.000000000012
1	64	cylinder	8.0	1.088e-10	chi4	bond	32	33	hopD	0.000000000000
1	64	cylinder	8.0	1.088e-10	chi4	bond	32	33	hopD_Za	0.000000000000
1	64	cylinder	8.0	1.088e-10	chi4	bond	32	33	hopD_Zc	0.000000000000
1	64	cylinder	8.0	1.088e-10	chi4	bond	32	33	hopU	0.000000000000
1	64	cylinder	8.0	1.088e-10	chi4	bond	32	33	hopU_Zb	0.000000000000
1	64	cylinder	8.0	1.088e-10	chi4	bond	32	33	hopU_Zd	0.000000000000
1	64	cylinder	8.0	1.088e-10	chi4	bond	33	34	Za	-0.000000000016
1	64	cylinder	8.0	1.088e-10	chi4	bond	33	34	Zab	-0.918727337695
1	64	cylinder	8.0	1.088e-10	chi4	bond	33	34	Zabc	-0.000000000010
1	64	cylinder	8.0	1.088e-10	chi4	bond	33	34	Zabcd	1.000000000000
1	64	cylinder	8.0	1.088e-10	chi4	bond	33	34	Zabd	0.000000000014
1	64	cylinder	8.0	1.088e-10	chi4	bond	33	34	Zac	-0.643909467352
1	64	cylinder	8.0	1.088e-10	chi4	bond	33	34	Zacd	0.000000000012
1	64	cylinder	8.0	1.088e-10	chi4	bond	33	34	Zad	0.562636805047
1	64	cylinder	8.0	1.088e-10	chi4	bond	33	34	Zb	0.000000000012
1	64	cylinder	8.0	1.088e-10	chi4	bond	33	34	Zbc	0.562636805047
1	64	cylinder	8.0	1.088e-10	chi4	bond	33	34	Zbcd	-0.000000000016
1	64	cylinder	8.0	1.088e-10	chi4	bond	33	34	Zbd	-0.643909467352
1	64	cylinder	8.0	1.088e-10	chi4	bond	33	34	Zc	0.000000000014
1	64	cylinder	8.0	1.088e-10	chi4	bond	33	34	Zcd	-0.918727337695
1	64	cylinder	8.0	1.088e-10	chi4	bond	33	34	Zd	-0.000000000010
1	64	cylinder	8.0	1.088e-10	chi4	bond	33	34	hopD	0.333581201700
1	64	cylinder	8.0	1.088e-10	chi4	bond	33	34	hopD_Za	-0.000000000011
1	64	cylinder	8.0	1.088e-10	chi4	bond	33	34	hopD_Zc	0.000000000011
1	64	cylinder	8.0	1.088e-10	chi4	bond	33	34	hopU	0.333581201701
1	64	cylinder	8.0	1.088e-10	chi4	bond	33	34	hopU_Zb	-0.000000000006
1	64	cylinder	8.0	1.088e-10	chi4	bond	33	34	hopU_Zd	0.000000000006
1	64	cylinder	8.0	1.088e-10	chi4	dist	32	33	FF	0.845167095931
1	64	cylinder	8.0	1.088e-10	chi4	dist	32	33	hopU	0.000000000000
1	64	cylinder	8.0	1.088e-10	chi4	dist	32	34	FF	0.845167095931
1	64	cylinder	8.0	1.088e-10	chi4	dist	32	34	hopU	0.000000000000
1	64	cylinder	8.0	1.088e-10	chi4	dist	32	35	FF	0.844052470033
1	64	cylinder	8.0	1.088e-10	chi4	dist	32	35	hopU	0.000000000000
1	64	cylinder	8.0	1.088e-10	chi4	dist	32	36	FF	0.844052470033
1	64	cylinder	8.0	1.088e-10	chi4	dist	32	36	hopU	0.000000000000
1	64	cylinder	8.0	1.088e-10	chi4	dist	32	37	FF	0.844059233414
1	64	cylinder	8.0	1.088e-10	chi4	dist	32	37	hopU	0.000000000000
1	64	cylinder	8.0	1.088e-10	chi4	dist	32	38	FF	0.844059233414
1	64	cylinder	8.0	1.088e-10	chi4	dist	32	38	hopU	0.000000000000
1	64	cylinder	8.0	1.088e-10	chi4	dist	32	39	FF	0.844056347335
1	64	cylinder	8.0	1.088e-10	chi4	dist	32	39	hopU	0.000000000000
1	64	cylinder	8.0	1.088e-10	chi4	dist	32	40	FF	0.844056347335
1	64	cylinder	8.0	1.088e-10	chi4	dist	32	40	hopU	0.000000000000
1	64	cylinder	8.0	1.088e-10	chi4	dist	32	41	FF	0.844032957041
1	64	cylinder	8.0	1.088e-10	chi4	dist	32	41	hopU	0.000000000000
1	64	cylinder	8.0	1.088e-10	chi4	dist	32	42	FF	0.844032957041
1	64	cylinder	8.0	1.088e-10	chi4	dist	32	42	hopU	0.000000000000
1	64	cylinder	8.0	1.088e-10	chi4	dist	32	43	FF	0.843985155202
1	64	cylinder	8.0	1.088e-10	chi4	dist	32	43	hopU	0.000000000000
1	64	cylinder	8.0	1.088e-10	chi4	dist	32	44	FF	0.843985155202
1	64	cylinder	8.0	1.088e-10	chi4	dist	32	44	hopU	0.000000000000
1	64	cylinder	8.0	1.088e-10	chi4	dist	32	45	FF	0.843907132696
1	64	cylinder	8.0	1.088e-10	chi4	dist	32	45	hopU	0.000000000000
1	64	cylinder	8.0	1.088e-10	chi4	dist	32	46	FF	0.843907132696
1	64	cylinder	8.0	1.088e-10	chi4	dist	32	46	hopU	0.000000000000
1	64	cylinder	8.0	1.088e-10	chi4	dist	32	47	FF	0.843790109366
1	64	cylinder	8.0	1.088e-10	chi4	dist	32	47	hopU	0.000000000000
1	64	cylinder	8.0	1.088e-10	chi4	dist	32	48	FF	0.843790109366
1	64	cylinder	8.0	1.088e-10	chi4	dist	32	48	hopU	0.000000000000
1	64	cylinder	8.0	1.088e-10	chi4	dist	32	49	FF	0.843620556489
1	64	cylinder	8.0	1.088e-10	chi4	dist	32	49	hopU	0.000000000000
1	64	cylinder	8.0	1.088e-10	chi4	dist	32	50	FF	0.843620556489
1	64	cylinder	8.0	1.088e-10	chi4	dist	32	50	hopU	0.000000000000
1	64	cylinder	8.0	1.088e-10	chi4	dist	32	51	FF	0.843376901739
1	64	cylinder	8.0	1.088e-10	chi4	dist	32	51	hopU	0.000000000000
1	64	cylinder	8.0	1.088e-10	chi4	dist	32	52	FF	0.843376901739
1	64	cylinder	8.0	1.088e-10	chi4	dist	32	52	hopU	0.000000000000
1	64	cylinder	8.0	1.088e-10	chi4	dist	32	53	FF	0.843022976923
1	64	cylinder	8.0	1.088e-10	chi4	dist	32	53	hopU	0.000000000000
1	64	cylinder	8.0	1.088e-10	chi4	dist	32	54	FF	0.843022976923
1	64	cylinder	8.0	1.088e-10	chi4	dist	32	54	hopU	0.000000000000
1	64	cylinder	8.0	1.088e-10	chi4	dist	32	55	FF	0.842493722590
1	64	cylinder	8.0	1.088e-10	chi4	dist	32	55	hopU	0.000000000000
1	64	cylinder	8.0	1.088e-10	chi4	dist	32	56	FF	0.842493722590
1	64	cylinder	8.0	1.088e-10	chi4	dist	32	56	hopU	0.000000000000
1	64	cylinder	8.0	1.088e-10	chi4	dist	32	57	FF	0.841659789311
1	64	cylinder	8.0	1.088e-10	chi4	dist	32	57	hopU	0.000000000000
1	64	cylinder	8.0	1.088e-10	chi4	dist	32	58	FF	0.841659789311
1	64	cylinder	8.0	1.088e-10	chi4	dist	32	58	hopU	0.000000000000
1	64	cylinder	8.0	1.088e-10	chi4	dist	32	59	FF	0.840222201467
1	64	cylinder	8.0	1.088e-10	chi4	dist	32	59	hopU	0.000000000000
1	64	cylinder	8.0	1.088e-10	chi4	dist	32	60	FF	0.840222201467
1	64	cylinder	8.0	1.088e-10	chi4	dist	32	60	hopU	0.000000000000
1	64	cylinder	8.0	1.088e-10	chi4	dist	32	61	FF	0.837296525835
1	64	cylinder	8.0	1.088e-10	chi4	dist	32	61	hopU	0.000000000000
1	64	cylinder	8.0	1.088e-10	chi4	dist	32	62	FF	0.837296525835
1	64	cylinder	8.0	1.088e-10	chi4	dist	32	62	hopU	0.000000000000
1	64	cylinder	8.0	1.088e-10	chi4	dist	32	63	FF	0.829248061471
1	64	cylinder	8.0	1.088e-10	chi4	dist	32	63	hopU	0.000000000000
1	64	cylinder	8.0	1.088e-10	chi8	bond	32	33	Za	0.000000000014
1	64	cylinder	8.0	1.088e-10	chi8	bond	32	33	Zab	-0.857538050096
1	64	cylinder	8.0	1.088e-10	chi8	bond	32	33	Zabc	0.000000000045
1	64	cylinder	8.0	1.088e-10	chi8	bond	32	33	Zabcd	0.851126124852
1	64	cylinder	8.0	1.088e-10	chi8	bond	32	33	Zabd	-0.000000000044
1	64	cylinder	8.0	1.088e-10	chi8	bond	32	33	Zac	-0.504757785898
1	64	cylinder	8.0	1.088e-10	chi8	bond	32	33	Zacd	-0.000000000019
1	64	cylinder	8.0	1.088e-10	chi8	bond	32	33	Zad	0.440271473631
1	64	cylinder	8.0	1.088e-10	chi8	bond	32	33	Zb	-0.000000000014
1	64	cylinder	8.0	1.088e-10	chi8	bond	32	33	Zbc	0.440271473630
1	64	cylinder	8.0	1.088e-10	chi8	bond	32	33	Zbcd	0.000000000018
1	64	cylinder	8.0	1.088e-10	chi8	bond	32	33	Zbd	-0.504757785898
1	64	cylinder	8.0	1.088e-10	chi8	bond	32	33	Zc	-0.000000000012
1	64	cylinder	8.0	1.088e-10	chi8	bond	32	33	Zcd	-0.857529602005
1	64	cylinder	8.0	1.088e-10	chi8	bond	32	33	Zd	0.000000000012
1	64	cylinder	8.0	1.088e-10	chi8	bond	32	33	hopD	0.288240782043
1	64	cylinder	8.0	1.088e-10	chi8	bond	32	33	hopD_Za	-0.000000000003
1	64	cylinder	8.0	1.088e-10	chi8	bond	32	33	hopD_Zc	-0.000000000001
1	64	cylinder	8.0	1.088e-10	chi8	bond	32	33	hopU	0.288240782046
1	64	cylinder	8.0	1.088e-10	chi8	bond	32	33	hopU_Zb	0.000000000001
1	64	cylinder	8.0	1.088e-10	chi8	bond	32	33	hopU_Zd	0.000000000004
1	64	cylinder	8.0	1.088e-10	chi8	bond	33	34	Za	-0.000000000012
1	64	cylinder	8.0	1.088e-10	chi8	bond	33	34	Zab	-0.857529602005
1	64	cylinder	8.0	1.088e-10	chi8	bond	33	34	Zabc	0.000000000003
1	64	cylinder	8.0	1.088e-10	chi8	bond	33	34	Zabcd	0.862985672892
1	64	cylinder	8.0	1.088e-10	chi8	bond	33	34	Zabd	-0.000000000003
1	64	cylinder	8.0	1.088e-10	chi8	bond	33	34	Zac	-0.618050572694
1	64	cylinder	8.0	1.088e-10	chi8	bond	33	34	Zacd	0.000000000011
1	64	cylinder	8.0	1.088e-10	chi8	bond	33	34	Zad	0.546820667968
1	64	cylinder	8.0	1.088e-10	chi8	bond	33	34	Zb	0.000000000012
1	64	cylinder	8.0	1.088e-10	chi8	bond	33	34	Zbc	0.546820667968
1	64	cylinder	8.0	1.088e-10	chi8	bond	33	34	Zbcd	-0.000000000012
1	64	cylinder	8.0	1.088e-10	chi8	bond	33	34	Zbd	-0.618050572694
1	64	cylinder	8.0	1.088e-10	chi8	bond	33	34	Zc	-0.000000000001
1	64	cylinder	8.0	1.088e-10	chi8	bond	33	34	Zcd	-0.857564074501
1	64	cylinder	8.0	1.088e-10	chi8	bond	33	34	Zd	0.000000000001
1	64	cylinder	8.0	1.088e-10	chi8	bond	33	34	hopD	0.313419051273
1	64	cylinder	8.0	1.088e-10	chi8	bond	33	34	hopD_Za	-0.000000000001
1	64	cylinder	8.0	1.088e-10	chi8	bond	33	34	hopD_Zc	0.000000000003
1	64	cylinder	8.0	1.088e-10	chi8	bond	33	34	hopU	0.313419051274
1	64	cylinder	8.0	1.088e-10	chi8	bond	33	34	hopU_Zb	0.000000000000
1	64	cylinder	8.0	1.088e-10	chi8	bond	33	34	hopU_Zd	-0.000000000002
1	64	cylinder	8.0	1.088e-10	chi8	dist	32	33	FF	0.851126124852
1	64	cylinder	8.0	1.088e-10	chi8	dist	32	33	hopU	0.288240782046
1	64	cylinder	8.0	1.088e-10	chi8	dist	32	34	FF	0.737988489769
1	64	cylinder	8.0	1.088e-10	chi8	dist	32	34	hopU	0.000000000001
1	64	cylinder	8.0	1.088e-10	chi8	dist	32	35	FF	0.735613687517
1	64	cylinder	8.0	1.088e-10	chi8	dist	32	35	hopU	-0.005837470763
1	64	cylinder	8.0	1.088e-10	chi8	dist	32	36	FF	0.735454588666
1	64	cylinder	8.0	1.088e-10	chi8	dist	32	36	hopU	-0.000000000000
1	64	cylinder	8.0	1.088e-10	chi8	dist	32	37	FF	0.735350531932
1	64	cylinder	8.0	1.088e-10	chi8	dist	32	37	hopU	0.000162685529
1	64	cylinder	8.0	1.088e-10	chi8	dist	32	38	FF	0.735425235347
1	64	cylinder	8.0	1.088e-10	chi8	dist	32	38	hopU	0.000000000000
1	64	cylinder	8.0	1.088e-10	chi8	dist	32	39	FF	0.735321661339
1	64	cylinder	8.0	1.088e-10	chi8	dist	32	39	hopU	-0.000004681485
1	64	cylinder	8.0	1.088e-10	chi8	dist	32	40	FF	0.735409867978
1	64	cylinder	8.0	1.088e-10	chi8	dist	32	40	hopU	-0.000000000000
1	64	cylinder	8.0	1.088e-10	chi8	dist	32	41	FF	0.735281506823
1	64	cylinder	8.0	1.088e-10	chi8	dist	32	41	hopU	0.000000134903
1	64	cylinder	8.0	1.088e-10	chi8	dist	32	42	FF	0.735390182199
1	64	cylinder	8.0	1.088e-10	chi8	dist	32	42	hopU	0.000000000000
1	64	cylinder	8.0	1.088e-10	chi8	dist	32	43	FF	0.735225824335
1	64	cylinder	8.0	1.088e-10	chi8	dist	32	43	hopU	-0.000000003880
1	64	cylinder	8.0	1.088e-10	chi8	dist	32	44	FF	0.735360823649
1	64	cylinder	8.0	1.088e-10	chi8	dist	32	44	hopU	-0.000000000000
1	64	cylinder	8.0	1.088e-10	chi8	dist	32	45	FF	0.735150564487
1	64	cylinder	8.0	1.088e-10	chi8	dist	32	45	hopU	0.000000000111
1	64	cylinder	8.0	1.088e-10	chi8	dist	32	46	FF	0.735318791045
1	64	cylinder	8.0	1.088e-10	chi8	dist	32	46	hopU	0.000000000000
1	64	cylinder	8.0	1.088e-10	chi8	dist	32	47	FF	0.735050377005
1	64	cylinder	8.0	1.088e-10	chi8	dist	32	47	hopU	-0.000000000003
1	64	cylinder	8.0	1.088e-10	chi8	dist	32	48	FF	0.735261541908
1	64	cylinder	8.0	1.088e-10	chi8	dist	32	48	hopU	-0.000000000000
1	64	cylinder	8.0	1.088e-10	chi8	dist	32	49	FF	0.734917587490
1	64	cylinder	8.0	1.088e-10	chi8	dist	32	49	hopU	0.000000000000
1	64	cylinder	8.0	1.088e-10	chi8	dist	32	50	FF	0.735186361506
1	64	cylinder	8.0	1.088e-10	chi8	dist	32	50	hopU	0.000000000000
1	64	cylinder	8.0	1.088e-10	chi8	dist	32	51	FF	0.734740602189
1	64	cylinder	8.0	1.088e-10	chi8	dist	32	51	hopU	-0.000000000000
1	64	cylinder	8.0	1.088e-10	chi8	dist	32	52	FF	0.735090316821
1	64	cylinder	8.0	1.088e-10	chi8	dist	32	52	hopU	-0.000000000000
1	64	cylinder	8.0	1.088e-10	chi8	dist	32	53	FF	0.734500900537
1	64	cylinder	8.0	1.088e-10	chi8	dist	32	53	hopU	0.000000000000
1	64	cylinder	8.0	1.088e-10	chi8	dist	32	54	FF	0.734970975567
1	64	cylinder	8.0	1.088e-10	chi8	dist	32	54	hopU	0.000000000000
1	64	cylinder	8.0	1.088e-10	chi8	dist	32	55	FF	0.734166605565
1	64	cylinder	8.0	1.088e-10	chi8	dist	32	55	hopU	-0.000000000000
1	64	cylinder	8.0	1.088e-10	chi8	dist	32	56	FF	0.734829426334
1	64	cylinder	8.0	1.088e-10	chi8	dist	32	56	hopU	-0.000000000000
1	64	cylinder	8.0	1.088e-10	chi8	dist	32	57	FF	0.733676574465
1	64	cylinder	8.0	1.088e-10	chi8	dist	32	57	hopU	0.000000000000
1	64	cylinder	8.0	1.088e-10	chi8	dist	32	58	FF	0.734682516853
1	64	cylinder	8.0	1.088e-10	chi8	dist	32	58	hopU	0.000000000000
1	64	cylinder	8.0	1.088e-10	chi8	dist	32	59	FF	0.732892247384
1	64	cylinder	8.0	1.088e-10	chi8	dist	32	59	hopU	-0.000000000000
1	64	cylinder	8.0	1.088e-10	chi8	dist	32	60	FF	0.734625846150
1	64	cylinder	8.0	1.088e-10	chi8	dist	32	60	hopU	-0.000000000000
1	64	cylinder	8.0	1.088e-10	chi8	dist	32	61	FF	0.731416768538
1	64	cylinder	8.0	1.088e-10	chi8	dist	32	61	hopU	0.000000000000
1	64	cylinder	8.0	1.088e-10	chi8	dist	32	62	FF	0.735490748867
1	64	cylinder	8.0	1.088e-10	chi8	dist	32	62	hopU	0.000000000000
1	64	cylinder	8.0	1.088e-10	chi8	dist	32	63	FF	0.728791139320
1	64	cylinder	8.0	1.088e-10	chi8	dist	32	63	hopU	-0.000000000000
1	64	cylinder	8.0	1.088e-10	chi16	bond	32	33	Za	-0.000000000000
1	64	cylinder	8.0	1.088e-10	chi16	bond	32	33	Zab	-0.853511860359
1	64	cylinder	8.0	1.088e-10	chi16	bond	32	33	Zabc	-0.000000000000
1	64	cylinder	8.0	1.088e-10	chi16	bond	32	33	Zabcd	0.843390570891
1	64	cylinder	8.0	1.088e-10	chi16	bond	32	33	Zabd	-0.000000000000
1	64	cylinder	8.0	1.088e-10	chi16	bond	32	33	Zac	-0.512004963432
1	64	cylinder	8.0	1.088e-10	chi16	bond	32	33	Zacd	0.000000000000
1	64	cylinder	8.0	1.088e-10	chi16	bond	32	33	Zad	0.447331070493
1	64	cylinder	8.0	1.088e-10	chi16	bond	32	33	Zb	0.000000000000
1	64	cylinder	8.0	1.088e-10	chi16	bond	32	33	Zbc	0.447331070493
1	64	cylinder	8.0	1.088e-10	chi16	bond	32	33	Zbcd	0.000000000000
1	64	cylinder	8.0	1.088e-10	chi16	bond	32	33	Zbd	-0.512004963432
1	64	cylinder	8.0	1.088e-10	chi16	bond	32	33	Zc	0.000000000001
1	64	cylinder	8.0	1.088e-10	chi16	bond	32	33	Zcd	-0.853512575903
1	64	cylinder	8.0	1.088e-10	chi16	bond	32	33	Zd	-0.000000000001
1	64	cylinder	8.0	1.088e-10	chi16	bond	32	33	hopD	0.291458453444
1	64	cylinder	8.0	1.088e-10	chi16	bond	32	33	hopD_Za	0.000000000001
1	64	cylinder	8.0	1.088e-10	chi16	bond	32	33	hopD_Zc	-0.000000000001
1	64	cylinder	8.0	1.088e-10	chi16	bond	32	33	hopU	0.291458453445
1	64	cylinder	8.0	1.088e-10	chi16	bond	32	33	hopU_Zb	0.000000000001
1	64	cylinder	8.0	1.088e-10	chi16	bond	32	33	hopU_Zd	-0.000000000001
1	64	cylinder	8.0	1.088e-10	chi16	bond	33	34	Za	0.000000000001
1	64	cylinder	8.0	1.088e-10	chi16	bond	33	34	Zab	-0.853512575903
1	64	cylinder	8.0	1.088e-10	chi16	bond	33	34	Zabc	0.000000000000
1	64	cylinder	8.0	1.088e-10	chi16	bond	33	34	Zabcd	0.860381780389
1	64	cylinder	8.0	1.088e-10	chi16	bond	33	34	Zabd	-0.000000000001
1	64	cylinder	8.0	1.088e-10	chi16	bond	33	34	Zac	-0.619550151657
1	64	cylinder	8.0	1.088e-10	chi16	bond	33	34	Zacd	-0.000000000001
1	64	cylinder	8.0	1.088e-10	chi16	bond	33	34	Zad	0.545629425550
1	64	cylinder	8.0	1.088e-10	chi16	bond	33	34	Zb	-0.000000000001
1	64	cylinder	8.0	1.088e-10	chi16	bond	33	34	Zbc	0.545629425550
1	64	cylinder	8.0	1.088e-10	chi16	bond	33	34	Zbcd	0.000000000002
1	64	cylinder	8.0	1.088e-10	chi16	bond	33	34	Zbd	-0.619550151657
1	64	cylinder	8.0	1.088e-10	chi16	bond	33	34	Zc	-0.000000000002
1	64	cylinder	8.0	1.088e-10	chi16	bond	33	34	Zcd	-0.853522970178
1	64	cylinder	8.0	1.088e-10	chi16	bond	33	34	Zd	0.000000000002
1	64	cylinder	8.0	1.088e-10	chi16	bond	33	34	hopD	0.328547469364
1	64	cylinder	8.0	1.088e-10	chi16	bond	33	34	hopD_Za	0.000000000001
1	64	cylinder	8.0	1.088e-10	chi16	bond	33	34	hopD_Zc	-0.000000000001
1	64	cylinder	8.0	1.088e-10	chi16	bond	33	34	hopU	0.328547469364
1	64	cylinder	8.0	1.088e-10	chi16	bond	33	34	hopU_Zb	0.000000000001
1	64	cylinder	8.0	1.088e-10	chi16	bond	33	34	hopU_Zd	0.000000000000
1	64	cylinder	8.0	1.088e-10	chi16	dist	32	33	FF	0.843390570891
1	64	cylinder	8.0	1.088e-10	chi16	dist	32	33	hopU	0.291458453445
1	64	cylinder	8.0	1.088e-10	chi16	dist	32	34	FF	0.731356993731
1	64	cylinder	8.0	1.088e-10	chi16	dist	32	34	hopU	0.000000000001
1	64	cylinder	8.0	1.088e-10	chi16	dist	32	35	FF	0.728703940320
1	64	cylinder	8.0	1.088e-10	chi16	dist	32	35	hopU	-0.017404936476
1	64	cylinder	8.0	1.088e-10	chi16	dist	32	36	FF	0.728483791358
1	64	cylinder	8.0	1.088e-10	chi16	dist	32	36	hopU	-0.000000000000
1	64	cylinder	8.0	1.088e-10	chi16	dist	32	37	FF	0.728490520077
1	64	cylinder	8.0	1.088e-10	chi16	dist	32	37	hopU	0.001738904436
1	64	cylinder	8.0	1.088e-10	chi16	dist	32	38	FF	0.728504041384
1	64	cylinder	8.0	1.088e-10	chi16	dist	32	38	hopU	-0.000000000000
1	64	cylinder	8.0	1.088e-10	chi16	dist	32	39	FF	0.728456207123
1	64	cylinder	8.0	1.088e-10	chi16	dist	32	39	hopU	-0.000178557375
1	64	cylinder	8.0	1.088e-10	chi16	dist	32	40	FF	0.728519145750
1	64	cylinder	8.0	1.088e-10	chi16	dist	32	40	hopU	0.000000000000
1	64	cylinder	8.0	1.088e-10	chi16	dist	32	41	FF	0.728437723475
1	64	cylinder	8.0	1.088e-10	chi16	dist	32	41	hopU	0.000018364815
1	64	cylinder	8.0	1.088e-10	chi16	dist	32	42	FF	0.728533194877
1	64	cylinder	8.0	1.088e-10	chi16	dist	32	42	hopU	-0.000000000000
1	64	cylinder	8.0	1.088e-10	chi16	dist	32	43	FF	0.728420407884
1	64	cylinder	8.0	1.088e-10	chi16	dist	32	43	hopU	-0.000001884693
1	64	cylinder	8.0	1.088e-10	chi16	dist	32	44	FF	0.728548802280
1	64	cylinder	8.0	1.088e-10	chi16	dist	32	44	hopU	0.000000000000
1	64	cylinder	8.0	1.088e-10	chi16	dist	32	45	FF	0.728400513067
1	64	cylinder	8.0	1.088e-10	chi16	dist	32	45	hopU	0.000000192680
1	64	cylinder	8.0	1.088e-10	chi16	dist	32	46	FF	0.728567532791
1	64	cylinder	8.0	1.088e-10	chi16	dist	32	46	hopU	-0.000000000000
1	64	cylinder	8.0	1.088e-10	chi16	dist	32	47	FF	0.728375944435
1	64	cylinder	8.0	1.088e-10	chi16	dist	32	47	hopU	-0.000000019594
1	64	cylinder	8.0	1.088e-10	chi16	dist	32	48	FF	0.728591247429
1	64	cylinder	8.0	1.088e-10	chi16	dist	32	48	hopU	0.000000000000
1	64	cylinder	8.0	1.088e-10	chi16	dist	32	49	FF	0.728344153069
1	64	cylinder	8.0	1.088e-10	chi16	dist	32	49	hopU	0.000000001978
1	64	cylinder	8.0	1.088e-10	chi16	dist	32	50	FF	0.728622816069
1	64	cylinder	8.0	1.088e-10	chi16	dist	32	50	hopU	-0.000000000000
1	64	cylinder	8.0	1.088e-10	chi16	dist	32	51	FF	0.728301038748
1	64	cylinder	8.0	1.088e-10	chi16	dist	32	51	hopU	-0.000000000198
1	64	cylinder	8.0	1.088e-10	chi16	dist	32	52	FF	0.728667179576
1	64	cylinder	8.0	1.088e-10	chi16	dist	32	52	hopU	0.000000000000
1	64	cylinder	8.0	1.088e-10	chi16	dist	32	53	FF	0.728239245837
1	64	cylinder	8.0	1.088e-10	chi16	dist	32	53	hopU	0.000000000020
1	64	cylinder	8.0	1.088e-10	chi16	dist	32	54	FF	0.728733677682
1	64	cylinder	8.0	1.088e-10	chi16	dist	32	54	hopU	-0.000000000000
1	64	cylinder	8.0	1.088e-10	chi16	dist	32	55	FF	0.728144188140
1	64	cylinder	8.0	1.088e-10	chi16	dist	32	55	hopU	-0.000000000002
1	64	cylinder	8.0	1.088e-10	chi16	dist	32	56	FF	0.728842057533
1	64	cylinder	8.0	1.088e-10	chi16	dist	32	56	hopU	0.000000000000
1	64	cylinder	8.0	1.088e-10	chi16	dist	32	57	FF	0.727982900939
1	64	cylinder	8.0	1.088e-10	chi16	dist	32	57	hopU	0.000000000000
1	64	cylinder	8.0	1.088e-10	chi16	dist	32	58	FF	0.729041104008
1	64	cylinder	8.0	1.088e-10	chi16	dist	32	58	hopU	-0.000000000000
1	64	cylinder	8.0	1.088e-10	chi16	dist	32	59	FF	0.727665751250
1	64	cylinder	8.0	1.088e-10	chi16	dist	32	59	hopU	-0.000000000000
1	64	cylinder	8.0	1.088e-10	chi16	dist	32	60	FF	0.729488283722
1	64	cylinder	8.0	1.088e-10	chi16	dist	32	60	hopU	0.000000000000
1	64	cylinder	8.0	1.088e-10	chi16	dist	32	61	FF	0.726890950001
1	64	cylinder	8.0	1.088e-10	chi16	dist	32	61	hopU	0.000000000000
1	64	cylinder	8.0	1.088e-10	chi16	dist	32	62	FF	0.731147513731
1	64	cylinder	8.0	1.088e-10	chi16	dist	32	62	hopU	-0.000000000000
1	64	cylinder	8.0	1.088e-10	chi16	dist	32	63	FF	0.725346445538
1	64	cylinder	8.0	1.088e-10	chi16	dist	32	63	hopU	-0.000000000000
1	64	cylinder	8.0	1.088e-10	chi32	bond	32	33	Za	-0.000000000000
1	64	cylinder	8.0	1.088e-10	chi32	bond	32	33	Zab	-0.853601616048
1	64	cylinder	8.0	1.088e-10	chi32	bond	32	33	Zabc	-0.000000000001
1	64	cylinder	8.0	1.088e-10	chi32	bond	32	33	Zabcd	0.843469925319
1	64	cylinder	8.0	1.088e-10	chi32	bond	32	33	Zabd	0.000000000000
1	64	cylinder	8.0	1.088e-10	chi32	bond	32	33	Zac	-0.513027920013
1	64	cylinder	8.0	1.088e-10	chi32	bond	32	33	Zacd	-0.000000000000
1	64	cylinder	8.0	1.088e-10	chi32	bond	32	33	Zad	0.448401741047
1	64	cylinder	8.0	1.088e-10	chi32	bond	32	33	Zb	0.000000000001
1	64	cylinder	8.0	1.088e-10	chi32	bond	32	33	Zbc	0.448401741048
1	64	cylinder	8.0	1.088e-10	chi32	bond	32	33	Zbcd	0.000000000001
1	64	cylinder	8.0	1.088e-10	chi32	bond	32	33	Zbd	-0.513027920013
1	64	cylinder	8.0	1.088e-10	chi32	bond	32	33	Zc	0.000000000002
1	64	cylinder	8.0	1.088e-10	chi32	bond	32	33	Zcd	-0.853601631235
1	64	cylinder	8.0	1.088e-10	chi32	bond	32	33	Zd	-0.000000000001
1	64	cylinder	8.0	1.088e-10	chi32	bond	32	33	hopD	0.291344465152
1	64	cylinder	8.0	1.088e-10	chi32	bond	32	33	hopD_Za	0.000000000001
1	64	cylinder	8.0	1.088e-10	chi32	bond	32	33	hopD_Zc	-0.000000000001
1	64	cylinder	8.0	1.088e-10	chi32	bond	32	33	hopU	0.291344465153
1	64	cylinder	8.0	1.088e-10	chi32	bond	32	33	hopU_Zb	0.000000000001
1	64	cylinder	8.0	1.088e-10	chi32	bond	32	33	hopU_Zd	-0.000000000001
1	64	cylinder	8.0	1.088e-10	chi32	bond	33	34	Za	0.000000000002
1	64	cylinder	8.0	1.088e-10	chi32	bond	33	34	Zab	-0.853601631235
1	64	cylinder	8.0	1.088e-10	chi32	bond	33	34	Zabc	0.000000000001
1	64	cylinder	8.0	1.088e-10	chi32	bond	33	34	Zabcd	0.860644707749
1	64	cylinder	8.0	1.088e-10	chi32	bond	33	34	Zabd	-0.000000000002
1	64	cylinder	8.0	1.088e-10	chi32	bond	33	34	Zac	-0.619934738760
1	64	cylinder	8.0	1.088e-10	chi32	bond	33	34	Zacd	-0.000000000001
1	64	cylinder	8.0	1.088e-10	chi32	bond	33	34	Zad	0.545993098592
1	64	cylinder	8.0	1.088e-10	chi32	bond	33	34	Zb	-0.000000000001
1	64	cylinder	8.0	1.088e-10	chi32	bond	33	34	Zbc	0.545993098592
1	64	cylinder	8.0	1.088e-10	chi32	bond	33	34	Zbcd	0.000000000003
1	64	cylinder	8.0	1.088e-10	chi32	bond	33	34	Zbd	-0.619934738760
1	64	cylinder	8.0	1.088e-10	chi32	bond	33	34	Zc	-0.000000000002
1	64	cylinder	8.0	1.088e-10	chi32	bond	33	34	Zcd	-0.853612670889
1	64	cylinder	8.0	1.088e-10	chi32	bond	33	34	Zd	0.000000000002
1	64	cylinder	8.0	1.088e-10	chi32	bond	33	34	hopD	0.328587226881
1	64	cylinder	8.0	1.088e-10	chi32	bond	33	34	hopD_Za	0.000000000002
1	64	cylinder	8.0	1.088e-10	chi32	bond	33	34	hopD_Zc	-0.000000000002
1	64	cylinder	8.0	1.088e-10	chi32	bond	33	34	hopU	0.328587226881
1	64	cylinder	8.0	1.088e-10	chi32	bond	33	34	hopU_Zb	0.000000000001
1	64	cylinder	8.0	1.088e-10	chi32	bond	33	34	hopU_Zd	-0.000000000001
1	64	cylinder	8.0	1.088e-10	chi32	dist	32	33	FF	0.843469925319
1	64	cylinder	8.0	1.088e-10	chi32	dist	32	33	hopU	0.291344465153
1	64	cylinder	8.0	1.088e-10	chi32	dist	32	34	FF	0.731394883720
1	64	cylinder	8.0	1.088e-10	chi32	dist	32	34	hopU	0.000000000001
1	64	cylinder	8.0	1.088e-10	chi32	dist	32	35	FF	0.729037571687
1	64	cylinder	8.0	1.088e-10	chi32	dist	32	35	hopU	-0.019809909925
1	64	cylinder	8.0	1.088e-10	chi32	dist	32	36	FF	0.728624366486
1	64	cylinder	8.0	1.088e-10	chi32	dist	32	36	hopU	-0.000000000001
1	64	cylinder	8.0	1.088e-10	chi32	dist	32	37	FF	0.728636367869
1	64	cylinder	8.0	1.088e-10	chi32	dist	32	37	hopU	0.001835635541
1	64	cylinder	8.0	1.088e-10	chi32	dist	32	38	FF	0.728651617054
1	64	cylinder	8.0	1.088e-10	chi32	dist	32	38	hopU	0.000000000000
1	64	cylinder	8.0	1.088e-10	chi32	dist	32	39	FF	0.728604383930
1	64	cylinder	8.0	1.088e-10	chi32	dist	32	39	hopU	-0.000188912029
1	64	cylinder	8.0	1.088e-10	chi32	dist	32	40	FF	0.728663944759
1	64	cylinder	8.0	1.088e-10	chi32	dist	32	40	hopU	-0.000000000000
1	64	cylinder	8.0	1.088e-10	chi32	dist	32	41	FF	0.728581185131
1	64	cylinder	8.0	1.088e-10	chi32	dist	32	41	hopU	0.000020352052
1	64	cylinder	8.0	1.088e-10	chi32	dist	32	42	FF	0.728673646574
1	64	cylinder	8.0	1.088e-10	chi32	dist	32	42	hopU	-0.000000000000
1	64	cylinder	8.0	1.088e-10	chi32	dist	32	43	FF	0.728556775845
1	64	cylinder	8.0	1.088e-10	chi32	dist	32	43	hopU	-0.000002237291
1	64	cylinder	8.0	1.088e-10	chi32	dist	32	44	FF	0.728683713047
1	64	cylinder	8.0	1.088e-10	chi32	dist	32	44	hopU	0.000000000000
1	64	cylinder	8.0	1.088e-10	chi32	dist	32	45	FF	0.728522302954
1	64	cylinder	8.0	1.088e-10	chi32	dist	32	45	hopU	0.000000247819
1	64	cylinder	8.0	1.088e-10	chi32	dist	32	46	FF	0.728628337571
1	64	cylinder	8.0	1.088e-10	chi32	dist	32	46	hopU	-0.000000000000
1	64	cylinder	8.0	1.088e-10	chi32	dist	32	47	FF	0.728423828347
1	64	cylinder	8.0	1.088e-10	chi32	dist	32	47	hopU	-0.000000027273
1	64	cylinder	8.0	1.088e-10	chi32	dist	32	48	FF	0.728644125015
1	64	cylinder	8.0	1.088e-10	chi32	dist	32	48	hopU	0.000000000000
1	64	cylinder	8.0	1.088e-10	chi32	dist	32	49	FF	0.728392888631
1	64	cylinder	8.0	1.088e-10	chi32	dist	32	49	hopU	0.000000003183
1	64	cylinder	8.0	1.088e-10	chi32	dist	32	50	FF	0.728674869306
1	64	cylinder	8.0	1.088e-10	chi32	dist	32	50	hopU	-0.000000000000
1	64	cylinder	8.0	1.088e-10	chi32	dist	32	51	FF	0.728350490883
1	64	cylinder	8.0	1.088e-10	chi32	dist	32	51	hopU	-0.000000000369
1	64	cylinder	8.0	1.088e-10	chi32	dist	32	52	FF	0.728717665098
1	64	cylinder	8.0	1.088e-10	chi32	dist	32	52	hopU	0.000000000000
1	64	cylinder	8.0	1.088e-10	chi32	dist	32	53	FF	0.728280337910
1	64	cylinder	8.0	1.088e-10	chi32	dist	32	53	hopU	0.000000000042
1	64	cylinder	8.0	1.088e-10	chi32	dist	32	54	FF	0.728813503898
1	64	cylinder	8.0	1.088e-10	chi32	dist	32	54	hopU	-0.000000000000
1	64	cylinder	8.0	1.088e-10	chi32	dist	32	55	FF	0.728208726629
1	64	cylinder	8.0	1.088e-10	chi32	dist	32	55	hopU	-0.000000000005
1	64	cylinder	8.0	1.088e-10	chi32	dist	32	56	FF	0.728886960290
1	64	cylinder	8.0	1.088e-10	chi32	dist	32	56	hopU	0.000000000000
1	64	cylinder	8.0	1.088e-10	chi32	dist	32	57	FF	0.728019216040
1	64	cylinder	8.0	1.088e-10	chi32	dist	32	57	hopU	0.000000000001
1	64	cylinder	8.0	1.088e-10	chi32	dist	32	58	FF	0.729085204194
1	64	cylinder	8.0	1.088e-10	chi32	dist	32	58	hopU	-0.000000000000
1	64	cylinder	8.0	1.088e-10	chi32	dist	32	59	FF	0.727706712894
1	64	cylinder	8.0	1.088e-10	chi32	dist	32	59	hopU	-0.000000000000
1	64	cylinder	8.0	1.088e-10	chi32	dist	32	60	FF	0.729537203054
1	64	cylinder	8.0	1.088e-10	chi32	dist	32	60	hopU	0.000000000000
1	64	cylinder	8.0	1.088e-10	chi32	dist	32	61	FF	0.726943916735
1	64	cylinder	8.0	1.088e-10	chi32	dist	32	61	hopU	0.000000000000
1	64	cylinder	8.0	1.088e-10	chi32	dist	32	62	FF	0.731214888463
1	64	cylinder	8.0	1.088e-10	chi32	dist	32	62	hopU	-0.000000000000
1	64	cylinder	8.0	1.088e-10	chi32	dist	32	63	FF	0.725407328115
1	64	cylinder	8.0	1.088e-10	chi32	dist	32	63	hopU	-0.000000000000
1	64	cylinder	8.0	1.088e-10	chi64	bond	32	33	Za	-0.000000000001
1	64	cylinder	8.0	1.088e-10	chi64	bond	32	33	Zab	-0.853429662495
1	64	cylinder	8.0	1.088e-10	chi64	bond	32	33	Zabc	-0.000000000001
1	64	cylinder	8.0	1.088e-10	chi64	bond	32	33	Zabcd	0.843662482181
1	64	cylinder	8.0	1.088e-10	chi64	bond	32	33	Zabd	0.000000000001
1	64	cylinder	8.0	1.088e-10	chi64	bond	32	33	Zac	-0.513286465310
1	64	cylinder	8.0	1.088e-10	chi64	bond	32	33	Zacd	0.000000000001
1	64	cylinder	8.0	1.088e-10	chi64	bond	32	33	Zad	0.448274619475
1	64	cylinder	8.0	1.088e-10	chi64	bond	32	33	Zb	0.000000000001
1	64	cylinder	8.0	1.088e-10	chi64	bond	32	33	Zbc	0.448274619475
1	64	cylinder	8.0	1.088e-10	chi64	bond	32	33	Zbcd	-0.000000000001
1	64	cylinder	8.0	1.088e-10	chi64	bond	32	33	Zbd	-0.513286465310
1	64	cylinder	8.0	1.088e-10	chi64	bond	32	33	Zc	0.000000000002
1	64	cylinder	8.0	1.088e-10	chi64	bond	32	33	Zcd	-0.853429649791
1	64	cylinder	8.0	1.088e-10	chi64	bond	32	33	Zd	-0.000000000002
1	64	cylinder	8.0	1.088e-10	chi64	bond	32	33	hopD	0.292070862595
1	64	cylinder	8.0	1.088e-10	chi64	bond	32	33	hopD_Za	-0.000000000000
1	64	cylinder	8.0	1.088e-10	chi64	bond	32	33	hopD_Zc	0.000000000000
1	64	cylinder	8.0	1.088e-10	chi64	bond	32	33	hopU	0.292070862595
1	64	cylinder	8.0	1.088e-10	chi64	bond	32	33	hopU_Zb	0.000000000000
1	64	cylinder	8.0	1.088e-10	chi64	bond	32	33	hopU_Zd	-0.000000000000
1	64	cylinder	8.0	1.088e-10	chi64	bond	33	34	Za	0.000000000002
1	64	cylinder	8.0	1.088e-10	chi64	bond	33	34	Zab	-0.853429649791
1	64	cylinder	8.0	1.088e-10	chi64	bond	33	34	Zabc	0.000000000002
1	64	cylinder	8.0	1.088e-10	chi64	bond	33	34	Zabcd	0.860399934929
1	64	cylinder	8.0	1.088e-10	chi64	bond	33	34	Zabd	-0.000000000002
1	64	cylinder	8.0	1.088e-10	chi64	bond	33	34	Zac	-0.619807860899
1	64	cylinder	8.0	1.088e-10	chi64	bond	33	34	Zacd	-0.000000000001
1	64	cylinder	8.0	1.088e-10	chi64	bond	33	34	Zad	0.545719647481
1	64	cylinder	8.0	1.088e-10	chi64	bond	33	34	Zb	-0.000000000002
1	64	cylinder	8.0	1.088e-10	chi64	bond	33	34	Zbc	0.545719647480
1	64	cylinder	8.0	1.088e-10	chi64	bond	33	34	Zbcd	0.000000000001
1	64	cylinder	8.0	1.088e-10	chi64	bond	33	34	Zbd	-0.619807860899
1	64	cylinder	8.0	1.088e-10	chi64	bond	33	34	Zc	-0.000000000002
1	64	cylinder	8.0	1.088e-10	chi64	bond	33	34	Zcd	-0.853441435555
1	64	cylinder	8.0	1.088e-10	chi64	bond	33	34	Zd	0.000000000002
1	64	cylinder	8.0	1.088e-10	chi64	bond	33	34	hopD	0.328620710380
1	64	cylinder	8.0	1.088e-10	chi64	bond	33	34	hopD_Za	0.000000000000
1	64	cylinder	8.0	1.088e-10	chi64	bond	33	34	hopD_Zc	-0.000000000000
1	64	cylinder	8.0	1.088e-10	chi64	bond	33	34	hopU	0.328620710380
1	64	cylinder	8.0	1.088e-10	chi64	bond	33	34	hopU_Zb	-0.000000000000
1	64	cylinder	8.0	1.088e-10	chi64	bond	33	34	hopU_Zd	0.000000000000
1	64	cylinder	8.0	1.088e-10	chi64	dist	32	33	FF	0.843662482181
1	64	cylinder	8.0	1.088e-10	chi64	dist	32	33	hopU	0.292070862595
1	64	cylinder	8.0	1.088e-10	chi64	dist	32	34	FF	0.730777715903
1	64	cylinder	8.0	1.088e-10	chi64	dist	32	34	hopU	-0.000000000000
1	64	cylinder	8.0	1.088e-10	chi64	dist	32	35	FF	0.728789169590
1	64	cylinder	8.0	1.088e-10	chi64	dist	32	35	hopU	-0.020734186479
1	64	cylinder	8.0	1.088e-10	chi64	dist	32	36	FF	0.728358424913
1	64	cylinder	8.0	1.088e-10	chi64	dist	32	36	hopU	0.000000000001
1	64	cylinder	8.0	1.088e-10	chi64	dist	32	37	FF	0.728345897158
1	64	cylinder	8.0	1.088e-10	chi64	dist	32	37	hopU	0.002647819367
1	64	cylinder	8.0	1.088e-10	chi64	dist	32	38	FF	0.728365147400
1	64	cylinder	8.0	1.088e-10	chi64	dist	32	38	hopU	0.000000000001
1	64	cylinder	8.0	1.088e-10	chi64	dist	32	39	FF	0.728315137599
1	64	cylinder	8.0	1.088e-10	chi64	dist	32	39	hopU	-0.000378878077
1	64	cylinder	8.0	1.088e-10	chi64	dist	32	40	FF	0.728382081709
1	64	cylinder	8.0	1.088e-10	chi64	dist	32	40	hopU	-0.000000000000
1	64	cylinder	8.0	1.088e-10	chi64	dist	32	41	FF	0.728298483451
1	64	cylinder	8.0	1.088e-10	chi64	dist	32	41	hopU	0.000057174377
1	64	cylinder	8.0	1.088e-10	chi64	dist	32	42	FF	0.728397347405
1	64	cylinder	8.0	1.088e-10	chi64	dist	32	42	hopU	0.000000000000
1	64	cylinder	8.0	1.088e-10	chi64	dist	32	43	FF	0.728281988854
1	64	cylinder	8.0	1.088e-10	chi64	dist	32	43	hopU	-0.000008900483
1	64	cylinder	8.0	1.088e-10	chi64	dist	32	44	FF	0.728414052245
1	64	cylinder	8.0	1.088e-10	chi64	dist	32	44	hopU	-0.000000000000
1	64	cylinder	8.0	1.088e-10	chi64	dist	32	45	FF	0.728262711276
1	64	cylinder	8.0	1.088e-10	chi64	dist	32	45	hopU	0.000001410912
1	64	cylinder	8.0	1.088e-10	chi64	dist	32	46	FF	0.728433634496
1	64	cylinder	8.0	1.088e-10	chi64	dist	32	46	hopU	0.000000000000
1	64	cylinder	8.0	1.088e-10	chi64	dist	32	47	FF	0.728238781875
1	64	cylinder	8.0	1.088e-10	chi64	dist	32	47	hopU	-0.000000225670
1	64	cylinder	8.0	1.088e-10	chi64	dist	32	48	FF	0.728458752057
1	64	cylinder	8.0	1.088e-10	chi64	dist	32	48	hopU	-0.000000000000
1	64	cylinder	8.0	1.088e-10	chi64	dist	32	49	FF	0.728208436236
1	64	cylinder	8.0	1.088e-10	chi64	dist	32	49	hopU	0.000000036350
1	64	cylinder	8.0	1.088e-10	chi64	dist	32	50	FF	0.728492437695
1	64	cylinder	8.0	1.088e-10	chi64	dist	32	50	hopU	0.000000000000
1	64	cylinder	8.0	1.088e-10	chi64	dist	32	51	FF	0.728167286605
1	64	cylinder	8.0	1.088e-10	chi64	dist	32	51	hopU	-0.000000005828
1	64	cylinder	8.0	1.088e-10	chi64	dist	32	52	FF	0.728539454024
1	64	cylinder	8.0	1.088e-10	chi64	dist	32	52	hopU	-0.000000000000
1	64	cylinder	8.0	1.088e-10	chi64	dist	32	53	FF	0.728107994745
1	64	cylinder	8.0	1.088e-10	chi64	dist	32	53	hopU	0.000000000925
1	64	cylinder	8.0	1.088e-10	chi64	dist	32	54	FF	0.728609273426
1	64	cylinder	8.0	1.088e-10	chi64	dist	32	54	hopU	0.000000000000
1	64	cylinder	8.0	1.088e-10	chi64	dist	32	55	FF	0.728016297678
1	64	cylinder	8.0	1.088e-10	chi64	dist	32	55	hopU	-0.000000000145
1	64	cylinder	8.0	1.088e-10	chi64	dist	32	56	FF	0.728721927254
1	64	cylinder	8.0	1.088e-10	chi64	dist	32	56	hopU	-0.000000000000
1	64	cylinder	8.0	1.088e-10	chi64	dist	32	57	FF	0.727859757571
1	64	cylinder	8.0	1.088e-10	chi64	dist	32	57	hopU	0.000000000022
1	64	cylinder	8.0	1.088e-10	chi64	dist	32	58	FF	0.728926400843
1	64	cylinder	8.0	1.088e-10	chi64	dist	32	58	hopU	0.000000000000
1	64	cylinder	8.0	1.088e-10	chi64	dist	32	59	FF	0.727550310967
1	64	cylinder	8.0	1.088e-10	chi64	dist	32	59	hopU	-0.000000000003
1	64	cylinder	8.0	1.088e-10	chi64	dist	32	60	FF	0.729381364010
1	64	cylinder	8.0	1.088e-10	chi64	dist	32	60	hopU	-0.000000000000
1	64	cylinder	8.0	1.088e-10	chi64	dist	32	61	FF	0.726792343221
1	64	cylinder	8.0	1.088e-10	chi64	dist	32	61	hopU	0.000000000000
1	64	cylinder	8.0	1.088e-10	chi64	dist	32	62	FF	0.731067335044
1	64	cylinder	8.0	1.088e-10	chi64	dist	32	62	hopU	0.000000000000
1	64	cylinder	8.0	1.088e-10	chi64	dist	32	63	FF	0.725261339038
1	64	cylinder	8.0	1.088e-10	chi64	dist	32	63	hopU	-0.000000000000
1	64	cylinder	8.0	1.088e-10	chi128	bond	32	33	Za	-0.000000000001
1	64	cylinder	8.0	1.088e-10	chi128	bond	32	33	Zab	-0.853426446206
1	64	cylinder	8.0	1.088e-10	chi128	bond	32	33	Zabc	-0.000000000001
1	64	cylinder	8.0	1.088e-10	chi128	bond	32	33	Zabcd	0.843731991266
1	64	cylinder	8.0	1.088e-10	chi128	bond	32	33	Zabd	0.000000000001
1	64	cylinder	8.0	1.088e-10	chi128	bond	32	33	Zac	-0.513298646194
1	64	cylinder	8.0	1.088e-10	chi128	bond	32	33	Zacd	0.000000000001
1	64	cylinder	8.0	1.088e-10	chi128	bond	32	33	Zad	0.448274206799
1	64	cylinder	8.0	1.088e-10	chi128	bond	32	33	Zb	0.000000000001
1	64	cylinder	8.0	1.088e-10	chi128	bond	32	33	Zbc	0.448274206799
1	64	cylinder	8.0	1.088e-10	chi128	bond	32	33	Zbcd	-0.000000000001
1	64	cylinder	8.0	1.088e-10	chi128	bond	32	33	Zbd	-0.513298646194
1	64	cylinder	8.0	1.088e-10	chi128	bond	32	33	Zc	0.000000000002
1	64	cylinder	8.0	1.088e-10	chi128	bond	32	33	Zcd	-0.853426445843
1	64	cylinder	8.0	1.088e-10	chi128	bond	32	33	Zd	-0.000000000002
1	64	cylinder	8.0	1.088e-10	chi128	bond	32	33	hopD	0.292081930471
1	64	cylinder	8.0	1.088e-10	chi128	bond	32	33	hopD_Za	-0.000000000000
1	64	cylinder	8.0	1.088e-10	chi128	bond	32	33	hopD_Zc	0.000000000000
1	64	cylinder	8.0	1.088e-10	chi128	bond	32	33	hopU	0.292081930471
1	64	cylinder	8.0	1.088e-10	chi128	bond	32	33	hopU_Zb	0.000000000000
1	64	cylinder	8.0	1.088e-10	chi128	bond	32	33	hopU_Zd	-0.000000000000
1	64	cylinder	8.0	1.088e-10	chi128	bond	33	34	Za	0.000000000002
1	64	cylinder	8.0	1.088e-10	chi128	bond	33	34	Zab	-0.853426445843
1	64	cylinder	8.0	1.088e-10	chi128	bond	33	34	Zabc	0.000000000002
1	64	cylinder	8.0	1.088e-10	chi128	bond	33	34	Zabcd	0.860454758857
1	64	cylinder	8.0	1.088e-10	chi128	bond	33	34	Zabd	-0.000000000002
1	64	cylinder	8.0	1.088e-10	chi128	bond	33	34	Zac	-0.619811320339
1	64	cylinder	8.0	1.088e-10	chi128	bond	33	34	Zacd	-0.000000000001
1	64	cylinder	8.0	1.088e-10	chi128	bond	33	34	Zad	0.545720083158
1	64	cylinder	8.0	1.088e-10	chi128	bond	33	34	Zb	-0.000000000002
1	64	cylinder	8.0	1.088e-10	chi128	bond	33	34	Zbc	0.545720083158
1	64	cylinder	8.0	1.088e-10	chi128	bond	33	34	Zbcd	0.000000000001
1	64	cylinder	8.0	1.088e-10	chi128	bond	33	34	Zbd	-0.619811320339
1	64	cylinder	8.0	1.088e-10	chi128	bond	33	34	Zc	-0.000000000002
1	64	cylinder	8.0	1.088e-10	chi128	bond	33	34	Zcd	-0.853438230514
1	64	cylinder	8.0	1.088e-10	chi128	bond	33	34	Zd	0.000000000002
1	64	cylinder	8.0	1.088e-10	chi128	bond	33	34	hopD	0.328624207531
1	64	cylinder	8.0	1.088e-10	chi128	bond	33	34	hopD_Za	0.000000000000
1	64	cylinder	8.0	1.088e-10	chi128	bond	33	34	hopD_Zc	-0.000000000000
1	64	cylinder	8.0	1.088e-10	chi128	bond	33	34	hopU	0.328624207531
1	64	cylinder	8.0	1.088e-10	chi128	bond	33	34	hopU_Zb	-0.000000000000
1	64	cylinder	8.0	1.088e-10	chi128	bond	33	34	hopU_Zd	0.000000000000
1	64	cylinder	8.0	1.088e-10	chi128	dist	32	33	FF	0.843731991266
1	64	cylinder	8.0	1.088e-10	chi128	dist	32	33	hopU	0.292081930471
1	64	cylinder	8.0	1.088e-10	chi128	dist	32	34	FF	0.730876393575
1	64	cylinder	8.0	1.088e-10	chi128	dist	32	34	hopU	-0.000000000000
1	64	cylinder	8.0	1.088e-10	chi128	dist	32	35	FF	0.728839412795
1	64	cylinder	8.0	1.088e-10	chi128	dist	32	35	hopU	-0.020778469585
1	64	cylinder	8.0	1.088e-10	chi128	dist	32	36	FF	0.728364105546
1	64	cylinder	8.0	1.088e-10	chi128	dist	32	36	hopU	0.000000000000
1	64	cylinder	8.0	1.088e-10	chi128	dist	32	37	FF	0.728343248981
1	64	cylinder	8.0	1.088e-10	chi128	dist	32	37	hopU	0.002736987131
1	64	cylinder	8.0	1.088e-10	chi128	dist	32	38	FF	0.728360031514
1	64	cylinder	8.0	1.088e-10	chi128	dist	32	38	hopU	0.000000000002
1	64	cylinder	8.0	1.088e-10	chi128	dist	32	39	FF	0.728310052947
1	64	cylinder	8.0	1.088e-10	chi128	dist	32	39	hopU	-0.000419577909
1	64	cylinder	8.0	1.088e-10	chi128	dist	32	40	FF	0.728376727755
1	64	cylinder	8.0	1.088e-10	chi128	dist	32	40	hopU	-0.000000000001
1	64	cylinder	8.0	1.088e-10	chi128	dist	32	41	FF	0.728293419131
1	64	cylinder	8.0	1.088e-10	chi128	dist	32	41	hopU	0.000068454305
1	64	cylinder	8.0	1.088e-10	chi128	dist	32	42	FF	0.728392251107
1	64	cylinder	8.0	1.088e-10	chi128	dist	32	42	hopU	0.000000000000
1	64	cylinder	8.0	1.088e-10	chi128	dist	32	43	FF	0.728277061416
1	64	cylinder	8.0	1.088e-10	chi128	dist	32	43	hopU	-0.000011542567
1	64	cylinder	8.0	1.088e-10	chi128	dist	32	44	FF	0.728409251115
1	64	cylinder	8.0	1.088e-10	chi128	dist	32	44	hopU	-0.000000000000
1	64	cylinder	8.0	1.088e-10	chi128	dist	32	45	FF	0.728258226644
1	64	cylinder	8.0	1.088e-10	chi128	dist	32	45	hopU	0.000001984921
1	64	cylinder	8.0	1.088e-10	chi128	dist	32	46	FF	0.728429543881
1	64	cylinder	8.0	1.088e-10	chi128	dist	32	46	hopU	0.000000000000
1	64	cylinder	8.0	1.088e-10	chi128	dist	32	47	FF	0.728235001474
1	64	cylinder	8.0	1.088e-10	chi128	dist	32	47	hopU	-0.000000345245
1	64	cylinder	8.0	1.088e-10	chi128	dist	32	48	FF	0.728455127402
1	64	cylinder	8.0	1.088e-10	chi128	dist	32	48	hopU	-0.000000000000
1	64	cylinder	8.0	1.088e-10	chi128	dist	32	49	FF	0.728204891068
1	64	cylinder	8.0	1.088e-10	chi128	dist	32	49	hopU	0.000000060341
1	64	cylinder	8.0	1.088e-10	chi128	dist	32	50	FF	0.728488977998
1	64	cylinder	8.0	1.088e-10	chi128	dist	32	50	hopU	0.000000000000
1	64	cylinder	8.0	1.088e-10	chi128	dist	32	51	FF	0.728163880159
1	64	cylinder	8.0	1.088e-10	chi128	dist	32	51	hopU	-0.000000010536
1	64	cylinder	8.0	1.088e-10	chi128	dist	32	52	FF	0.728536157186
1	64	cylinder	8.0	1.088e-10	chi128	dist	32	52	hopU	-0.000000000000
1	64	cylinder	8.0	1.088e-10	chi128	dist	32	53	FF	0.728104764679
1	64	cylinder	8.0	1.088e-10	chi128	dist	32	53	hopU	0.000000001828
1	64	cylinder	8.0	1.088e-10	chi128	dist	32	54	FF	0.728606159431
1	64	cylinder	8.0	1.088e-10	chi128	dist	32	54	hopU	0.000000000000
1	64	cylinder	8.0	1.088e-10	chi128	dist	32	55	FF	0.728013221165
1	64	cylinder	8.0	1.088e-10	chi128	dist	32	55	hopU	-0.000000000313
1	64	cylinder	8.0	1.088e-10	chi128	dist	32	56	FF	0.728718927681
1	64	cylinder	8.0	1.088e-10	chi128	dist	32	56	hopU	-0.000000000000
1	64	cylinder	8.0	1.088e-10	chi128	dist	32	57	FF	0.727856801012
1	64	cylinder	8.0	1.088e-10	chi128	dist	32	57	hopU	0.000000000052
1	64	cylinder	8.0	1.088e-10	chi128	dist	32	58	FF	0.728923536905
1	64	cylinder	8.0	1.088e-10	chi128	dist	32	58	hopU	0.000000000000
1	64	cylinder	8.0	1.088e-10	chi128	dist	32	59	FF	0.727547494496
1	64	cylinder	8.0	1.088e-10	chi128	dist	32	59	hopU	-0.000000000008
1	64	cylinder	8.0	1.088e-10	chi128	dist	32	60	FF	0.729378601197
1	64	cylinder	8.0	1.088e-10	chi128	dist	32	60	hopU	-0.000000000000
1	64	cylinder	8.0	1.088e-10	chi128	dist	32	61	FF	0.726789580566
1	64	cylinder	8.0	1.088e-10	chi128	dist	32	61	hopU	0.000000000001
1	64	cylinder	8.0	1.088e-10	chi128	dist	32	62	FF	0.731064608842
1	64	cylinder	8.0	1.088e-10	chi128	dist	32	62	hopU	0.000000000000
1	64	cylinder	8.0	1.088e-10	chi128	dist	32	63	FF	0.725258598036
1	64	cylinder	8.0	1.088e-10	chi128	dist	32	63	hopU	-0.000000000000
1	64	cylinder	8.0	1.088e-10	chi256	bond	32	33	Za	-0.000000000001
1	64	cylinder	8.0	1.088e-10	chi256	bond	32	33	Zab	-0.853426410338
1	64	cylinder	8.0	1.088e-10	chi256	bond	32	33	Zabc	-0.000000000001
1	64	cylinder	8.0	1.088e-10	chi256	bond	32	33	Zabcd	0.843732277174
1	64	cylinder	8.0	1.088e-10	chi256	bond	32	33	Zabd	0.000000000001
1	64	cylinder	8.0	1.088e-10	chi256	bond	32	33	Zac	-0.513298807223
1	64	cylinder	8.0	1.088e-10	chi256	bond	32	33	Zacd	0.000000000001
1	64	cylinder	8.0	1.088e-10	chi256	bond	32	33	Zad	0.448274174066
1	64	cylinder	8.0	1.088e-10	chi256	bond	32	33	Zb	0.000000000001
1	64	cylinder	8.0	1.088e-10	chi256	bond	32	33	Zbc	0.448274174066
1	64	cylinder	8.0	1.088e-10	chi256	bond	32	33	Zbcd	-0.000000000001
1	64	cylinder	8.0	1.088e-10	chi256	bond	32	33	Zbd	-0.513298807223
1	64	cylinder	8.0	1.088e-10	chi256	bond	32	33	Zc	0.000000000002
1	64	cylinder	8.0	1.088e-10	chi256	bond	32	33	Zcd	-0.853426410340
1	64	cylinder	8.0	1.088e-10	chi256	bond	32	33	Zd	-0.000000000002
1	64	cylinder	8.0	1.088e-10	chi256	bond	32	33	hopD	0.292082020560
1	64	cylinder	8.0	1.088e-10	chi256	bond	32	33	hopD_Za	-0.000000000000
1	64	cylinder	8.0	1.088e-10	chi256	bond	32	33	hopD_Zc	0.000000000000
1	64	cylinder	8.0	1.088e-10	chi256	bond	32	33	hopU	0.292082020560
1	64	cylinder	8.0	1.088e-10	chi256	bond	32	33	hopU_Zb	0.000000000000
1	64	cylinder	8.0	1.088e-10	chi256	bond	32	33	hopU_Zd	-0.000000000000
1	64	cylinder	8.0	1.088e-10	chi256	bond	33	34	Za	0.000000000002
1	64	cylinder	8.0	1.088e-10	chi256	bond	33	34	Zab	-0.853426410340
1	64	cylinder	8.0	1.088e-10	chi256	bond	33	34	Zabc	0.000000000002
1	64	cylinder	8.0	1.088e-10	chi256	bond	33	34	Zabcd	0.860455502754
1	64	cylinder	8.0	1.088e-10	chi256	bond	33	34	Zabd	-0.000000000002
1	64	cylinder	8.0	1.088e-10	chi256	bond	33	34	Zac	-0.619811491665
1	64	cylinder	8.0	1.088e-10	chi256	bond	33	34	Zacd	-0.000000000001
1	64	cylinder	8.0	1.088e-10	chi256	bond	33	34	Zad	0.545720072647
1	64	cylinder	8.0	1.088e-10	chi256	bond	33	34	Zb	-0.000000000002
1	64	cylinder	8.0	1.088e-10	chi256	bond	33	34	Zbc	0.545720072647
1	64	cylinder	8.0	1.088e-10	chi256	bond	33	34	Zbcd	0.000000000001
1	64	cylinder	8.0	1.088e-10	chi256	bond	33	34	Zbd	-0.619811491665
1	64	cylinder	8.0	1.088e-10	chi256	bond	33	34	Zc	-0.000000000002
1	64	cylinder	8.0	1.088e-10	chi256	bond	33	34	Zcd	-0.853438194902
1	64	cylinder	8.0	1.088e-10	chi256	bond	33	34	Zd	0.000000000002
1	64	cylinder	8.0	1.088e-10	chi256	bond	33	34	hopD	0.328624285879
1	64	cylinder	8.0	1.088e-10	chi256	bond	33	34	hopD_Za	0.000000000000
1	64	cylinder	8.0	1.088e-10	chi256	bond	33	34	hopD_Zc	-0.000000000000
1	64	cylinder	8.0	1.088e-10	chi256	bond	33	34	hopU	0.328624285879
1	64	cylinder	8.0	1.088e-10	chi256	bond	33	34	hopU_Zb	-0.000000000000
1	64	cylinder	8.0	1.088e-10	chi256	bond	33	34	hopU_Zd	0.000000000000
1	64	cylinder	8.0	1.088e-10	chi256	dist	32	33	FF	0.843732277174
1	64	cylinder	8.0	1.088e-10	chi256	dist	32	33	hopU	0.292082020560
1	64	cylinder	8.0	1.088e-10	chi256	dist	32	34	FF	0.730876815421
1	64	cylinder	8.0	1.088e-10	chi256	dist	32	34	hopU	-0.000000000000
1	64	cylinder	8.0	1.088e-10	chi256	dist	32	35	FF	0.728840269290
1	64	cylinder	8.0	1.088e-10	chi256	dist	32	35	hopU	-0.020783365879
1	64	cylinder	8.0	1.088e-10	chi256	dist	32	36	FF	0.728363438367
1	64	cylinder	8.0	1.088e-10	chi256	dist	32	36	hopU	-0.000000000001
1	64	cylinder	8.0	1.088e-10	chi256	dist	32	37	FF	0.728343378303
1	64	cylinder	8.0	1.088e-10	chi256	dist	32	37	hopU	0.002734161703
1	64	cylinder	8.0	1.088e-10	chi256	dist	32	38	FF	0.728360077846
1	64	cylinder	8.0	1.088e-10	chi256	dist	32	38	hopU	-0.000000000009
1	64	cylinder	8.0	1.088e-10	chi256	dist	32	39	FF	0.728310050956
1	64	cylinder	8.0	1.088e-10	chi256	dist	32	39	hopU	-0.000432566188
1	64	cylinder	8.0	1.088e-10	chi256	dist	32	40	FF	0.728376682610
1	64	cylinder	8.0	1.088e-10	chi256	dist	32	40	hopU	-0.000000000005
1	64	cylinder	8.0	1.088e-10	chi256	dist	32	41	FF	0.728293365334
1	64	cylinder	8.0	1.088e-10	chi256	dist	32	41	hopU	0.000074332058
1	64	cylinder	8.0	1.088e-10	chi256	dist	32	42	FF	0.728392196793
1	64	cylinder	8.0	1.088e-10	chi256	dist	32	42	hopU	0.000000000001
1	64	cylinder	8.0	1.088e-10	chi256	dist	32	43	FF	0.728277008856
1	64	cylinder	8.0	1.088e-10	chi256	dist	32	43	hopU	-0.000013279095
1	64	cylinder	8.0	1.088e-10	chi256	dist	32	44	FF	0.728409199487
1	64	cylinder	8.0	1.088e-10	chi256	dist	32	44	hopU	-0.000000000000
1	64	cylinder	8.0	1.088e-10	chi256	dist	32	45	FF	0.728258178262
1	64	cylinder	8.0	1.088e-10	chi256	dist	32	45	hopU	0.000002418843
1	64	cylinder	8.0	1.088e-10	chi256	dist	32	46	FF	0.728429495744
1	64	cylinder	8.0	1.088e-10	chi256	dist	32	46	hopU	0.000000000000
1	64	cylinder	8.0	1.088e-10	chi256	dist	32	47	FF	0.728234955459
1	64	cylinder	8.0	1.088e-10	chi256	dist	32	47	hopU	-0.000000444813
1	64	cylinder	8.0	1.088e-10	chi256	dist	32	48	FF	0.728455082617
1	64	cylinder	8.0	1.088e-10	chi256	dist	32	48	hopU	-0.000000000000
1	64	cylinder	8.0	1.088e-10	chi256	dist	32	49	FF	0.728204847397
1	64	cylinder	8.0	1.088e-10	chi256	dist	32	49	hopU	0.000000082205
1	64	cylinder	8.0	1.088e-10	chi256	dist	32	50	FF	0.728488936705
1	64	cylinder	8.0	1.088e-10	chi256	dist	32	50	hopU	-0.000000000000
1	64	cylinder	8.0	1.088e-10	chi256	dist	32	51	FF	0.728163839324
1	64	cylinder	8.0	1.088e-10	chi256	dist	32	51	hopU	-0.000000015184
1	64	cylinder	8.0	1.088e-10	chi256	dist	32	52	FF	0.728536119085
1	64	cylinder	8.0	1.088e-10	chi256	dist	32	52	hopU	0.000000000000
1	64	cylinder	8.0	1.088e-10	chi256	dist	32	53	FF	0.728104727432
1	64	cylinder	8.0	1.088e-10	chi256	dist	32	53	hopU	0.000000002789
1	64	cylinder	8.0	1.088e-10	chi256	dist	32	54	FF	0.728606124229
1	64	cylinder	8.0	1.088e-10	chi256	dist	32	54	hopU	0.000000000000
1	64	cylinder	8.0	1.088e-10	chi256	dist	32	55	FF	0.728013186730
1	64	cylinder	8.0	1.088e-10	chi256	dist	32	55	hopU	-0.000000000506
1	64	cylinder	8.0	1.088e-10	chi256	dist	32	56	FF	0.728718894489
1	64	cylinder	8.0	1.088e-10	chi256	dist	32	56	hopU	-0.000000000000
1	64	cylinder	8.0	1.088e-10	chi256	dist	32	57	FF	0.727856768892
1	64	cylinder	8.0	1.088e-10	chi256	dist	32	57	hopU	0.000000000089
1	64	cylinder	8.0	1.088e-10	chi256	dist	32	58	FF	0.728923505492
1	64	cylinder	8.0	1.088e-10	chi256	dist	32	58	hopU	0.000000000000
1	64	cylinder	8.0	1.088e-10	chi256	dist	32	59	FF	0.727547463439
1	64	cylinder	8.0	1.088e-10	chi256	dist	32	59	hopU	-0.000000000015
1	64	cylinder	8.0	1.088e-10	chi256	dist	32	60	FF	0.729378570751
1	64	cylinder	8.0	1.088e-10	chi256	dist	32	60	hopU	-0.000000000000
1	64	cylinder	8.0	1.088e-10	chi256	dist	32	61	FF	0.726789550035
1	64	cylinder	8.0	1.088e-10	chi256	dist	32	61	hopU	0.000000000002
1	64	cylinder	8.0	1.088e-10	chi256	dist	32	62	FF	0.731064578561
1	64	cylinder	8.0	1.088e-10	chi256	dist	32	62	hopU	0.000000000000
1	64	cylinder	8.0	1.088e-10	chi256	dist	32	63	FF	0.725258567574
1	64	cylinder	8.0	1.088e-10	chi256	dist	32	63	hopU	-0.000000000000
1	64	cylinder	8.0	1.088e-10	chi512	bond	32	33	Za	-0.000000000001
1	64	cylinder	8.0	1.088e-10	chi512	bond	32	33	Zab	-0.853426409762
1	64	cylinder	8.0	1.088e-10	chi512	bond	32	33	Zabc	-0.000000000001
1	64	cylinder	8.0	1.088e-10	chi512	bond	32	33	Zabcd	0.843732288261
1	64	cylinder	8.0	1.088e-10	chi512	bond	32	33	Zabd	0.000000000001
1	64	cylinder	8.0	1.088e-10	chi512	bond	32	33	Zac	-0.513298811553
1	64	cylinder	8.0	1.088e-10	chi512	bond	32	33	Zacd	0.000000000001
1	64	cylinder	8.0	1.088e-10	chi512	bond	32	33	Zad	0.448274171977
1	64	cylinder	8.0	1.088e-10	chi512	bond	32	33	Zb	0.000000000001
1	64	cylinder	8.0	1.088e-10	chi512	bond	32	33	Zbc	0.448274171977
1	64	cylinder	8.0	1.088e-10	chi512	bond	32	33	Zbcd	-0.000000000001
1	64	cylinder	8.0	1.088e-10	chi512	bond	32	33	Zbd	-0.513298811553
1	64	cylinder	8.0	1.088e-10	chi512	bond	32	33	Zc	0.000000000002
1	64	cylinder	8.0	1.088e-10	chi512	bond	32	33	Zcd	-0.853426409762
1	64	cylinder	8.0	1.088e-10	chi512	bond	32	33	Zd	-0.000000000002
1	64	cylinder	8.0	1.088e-10	chi512	bond	32	33	hopD	0.292082022470
1	64	cylinder	8.0	1.088e-10	chi512	bond	32	33	hopD_Za	-0.000000000000
1	64	cylinder	8.0	1.088e-10	chi512	bond	32	33	hopD_Zc	0.000000000000
1	64	cylinder	8.0	1.088e-10	chi512	bond	32	33	hopU	0.292082022470
1	64	cylinder	8.0	1.088e-10	chi512	bond	32	33	hopU_Zb	0.000000000000
1	64	cylinder	8.0	1.088e-10	chi512	bond	32	33	hopU_Zd	-0.000000000000
1	64	cylinder	8.0	1.088e-10	chi512	bond	33	34	Za	0.000000000002
1	64	cylinder	8.0	1.088e-10	chi512	bond	33	34	Zab	-0.853426409762
1	64	cylinder	8.0	1.088e-10	chi512	bond	33	34	Zabc	0.000000000002
1	64	cylinder	8.0	1.088e-10	chi512	bond	33	34	Zabcd	0.860455508370
1	64	cylinder	8.0	1.088e-10	chi512	bond	33	34	Zabd	-0.000000000002
1	64	cylinder	8.0	1.088e-10	chi512	bond	33	34	Zac	-0.619811493227
1	64	cylinder	8.0	1.088e-10	chi512	bond	33	34	Zacd	-0.000000000001
1	64	cylinder	8.0	1.088e-10	chi512	bond	33	34	Zad	0.545720072341
1	64	cylinder	8.0	1.088e-10	chi512	bond	33	34	Zb	-0.000000000002
1	64	cylinder	8.0	1.088e-10	chi512	bond	33	34	Zbc	0.545720072341
1	64	cylinder	8.0	1.088e-10	chi512	bond	33	34	Zbcd	0.000000000001
1	64	cylinder	8.0	1.088e-10	chi512	bond	33	34	Zbd	-0.619811493227
1	64	cylinder	8.0	1.088e-10	chi512	bond	33	34	Zc	-0.000000000002
1	64	cylinder	8.0	1.088e-10	chi512	bond	33	34	Zcd	-0.853438194330
1	64	cylinder	8.0	1.088e-10	chi512	bond	33	34	Zd	0.000000000002
1	64	cylinder	8.0	1.088e-10	chi512	bond	33	34	hopD	0.328624286683
1	64	cylinder	8.0	1.088e-10	chi512	bond	33	34	hopD_Za	0.000000000000
1	64	cylinder	8.0	1.088e-10	chi512	bond	33	34	hopD_Zc	-0.000000000000
1	64	cylinder	8.0	1.088e-10	chi512	bond	33	34	hopU	0.328624286683
1	64	cylinder	8.0	1.088e-10	chi512	bond	33	34	hopU_Zb	-0.000000000000
1	64	cylinder	8.0	1.088e-10	chi512	bond	33	34	hopU_Zd	0.000000000000
1	64	cylinder	8.0	1.088e-10	chi512	dist	32	33	FF	0.843732288261
1	64	cylinder	8.0	1.088e-10	chi512	dist	32	33	hopU	0.292082022470
1	64	cylinder	8.0	1.088e-10	chi512	dist	32	34	FF	0.730876821223
1	64	cylinder	8.0	1.088e-10	chi512	dist	32	34	hopU	-0.000000000000
1	64	cylinder	8.0	1.088e-10	chi512	dist	32	35	FF	0.728840260720
1	64	cylinder	8.0	1.088e-10	chi512	dist	32	35	hopU	-0.020783440491
1	64	cylinder	8.0	1.088e-10	chi512	dist	32	36	FF	0.728363423406
1	64	cylinder	8.0	1.088e-10	chi512	dist	32	36	hopU	0.000000000001
1	64	cylinder	8.0	1.088e-10	chi512	dist	32	37	FF	0.728343410148
1	64	cylinder	8.0	1.088e-10	chi512	dist	32	37	hopU	0.002735097806
1	64	cylinder	8.0	1.088e-10	chi512	dist	32	38	FF	0.728360082957
1	64	cylinder	8.0	1.088e-10	chi512	dist	32	38	hopU	-0.000000000037
1	64	cylinder	8.0	1.088e-10	chi512	dist	32	39	FF	0.728310052360
1	64	cylinder	8.0	1.088e-10	chi512	dist	32	39	hopU	-0.000433115771
1	64	cylinder	8.0	1.088e-10	chi512	dist	32	40	FF	0.728376682171
1	64	cylinder	8.0	1.088e-10	chi512	dist	32	40	hopU	0.000000000005
1	64	cylinder	8.0	1.088e-10	chi512	dist	32	41	FF	0.728293364653
1	64	cylinder	8.0	1.088e-10	chi512	dist	32	41	hopU	0.000074956438
1	64	cylinder	8.0	1.088e-10	chi512	dist	32	42	FF	0.728392196089
1	64	cylinder	8.0	1.088e-10	chi512	dist	32	42	hopU	0.000000000022
1	64	cylinder	8.0	1.088e-10	chi512	dist	32	43	FF	0.728277008352
1	64	cylinder	8.0	1.088e-10	chi512	dist	32	43	hopU	-0.000013624674
1	64	cylinder	8.0	1.088e-10	chi512	dist	32	44	FF	0.728409198729
1	64	cylinder	8.0	1.088e-10	chi512	dist	32	44	hopU	-0.000000000020
1	64	cylinder	8.0	1.088e-10	chi512	dist	32	45	FF	0.728258177567
1	64	cylinder	8.0	1.088e-10	chi512	dist	32	45	hopU	0.000002546031
1	64	cylinder	8.0	1.088e-10	chi512	dist	32	46	FF	0.728429495132
1	64	cylinder	8.0	1.088e-10	chi512	dist	32	46	hopU	0.000000000007
1	64	cylinder	8.0	1.088e-10	chi512	dist	32	47	FF	0.728234954844
1	64	cylinder	8.0	1.088e-10	chi512	dist	32	47	hopU	-0.000000482929
1	64	cylinder	8.0	1.088e-10	chi512	dist	32	48	FF	0.728455082037
1	64	cylinder	8.0	1.088e-10	chi512	dist	32	48	hopU	-0.000000000002
1	64	cylinder	8.0	1.088e-10	chi512	dist	32	49	FF	0.728204846864
1	64	cylinder	8.0	1.088e-10	chi512	dist	32	49	hopU	0.000000092223
1	64	cylinder	8.0	1.088e-10	chi512	dist	32	50	FF	0.728488936172
1	64	cylinder	8.0	1.088e-10	chi512	dist	32	50	hopU	0.000000000000
1	64	cylinder	8.0	1.088e-10	chi512	dist	32	51	FF	0.728163838854
1	64	cylinder	8.0	1.088e-10	chi512	dist	32	51	hopU	-0.000000017612
1	64	cylinder	8.0	1.088e-10	chi512	dist	32	52	FF	0.728536118588
1	64	cylinder	8.0	1.088e-10	chi512	dist	32	52	hopU	-0.000000000000
1	64	cylinder	8.0	1.088e-10	chi512	dist	32	53	FF	0.728104726960
1	64	cylinder	8.0	1.088e-10	chi512	dist	32	53	hopU	0.000000003342
1	64	cylinder	8.0	1.088e-10	chi512	dist	32	54	FF	0.728606123711
1	64	cylinder	8.0	1.088e-10	chi512	dist	32	54	hopU	0.000000000000
1	64	cylinder	8.0	1.088e-10	chi512	dist	32	55	FF	0.728013186244
1	64	cylinder	8.0	1.088e-10	chi512	dist	32	55	hopU	-0.000000000625
1	64	cylinder	8.0	1.088e-10	chi512	dist	32	56	FF	0.728718893943
1	64	cylinder	8.0	1.088e-10	chi512	dist	32	56	hopU	-0.000000000000
1	64	cylinder	8.0	1.088e-10	chi512	dist	32	57	FF	0.727856768390
1	64	cylinder	8.0	1.088e-10	chi512	dist	32	57	hopU	0.000000000114
1	64	cylinder	8.0	1.088e-10	chi512	dist	32	58	FF	0.728923504957
1	64	cylinder	8.0	1.088e-10	chi512	dist	32	58	hopU	0.000000000000
1	64	cylinder	8.0	1.088e-10	chi512	dist	32	59	FF	0.727547462941
1	64	cylinder	8.0	1.088e-10	chi512	dist	32	59	hopU	-0.000000000020
1	64	cylinder	8.0	1.088e-10	chi512	dist	32	60	FF	0.729378570247
1	64	cylinder	8.0	1.088e-10	chi512	dist	32	60	hopU	-0.000000000000
1	64	cylinder	8.0	1.088e-10	chi512	dist	32	61	FF	0.726789549543
1	64	cylinder	8.0	1.088e-10	chi512	dist	32	61	hopU	0.000000000003
1	64	cylinder	8.0	1.088e-10	chi512	dist	32	62	FF	0.731064578084
1	64	cylinder	8.0	1.088e-10	chi512	dist	32	62	hopU	0.000000000000
1	64	cylinder	8.0	1.088e-10	chi512	dist	32	63	FF	0.725258567082
1	64	cylinder	8.0	1.088e-10	chi512	dist	32	63	hopU	-0.000000000000
