W	LX	geometry	U	chi	c0	nb	n_i	n_j	nn	SS	Sz_i	ZZ_onsite	ZupZup_nb
1	10	cylinder	12.0	16	5	6	1.000000000000	1.000000000000	0.979418634163	-0.540405645542	-0.000000000000	-0.928784380716	-0.741122226560
1	10	cylinder	12.0	2	5	6	1.000000000000	1.001439502173	1.001439502173	0.249640124427	-0.499999999939	-1.000000000000	0.997120995532
1	10	cylinder	12.0	4	5	6	1.000000000000	1.000000000000	0.982586758283	-0.426370583010	-0.298392453019	-0.931393853516	-0.669241497557
1	10	cylinder	12.0	8	5	6	0.999977145987	1.000022996258	0.978849728283	-0.564942871901	-0.005940593114	-0.929354194525	-0.773091435983
1	10	cylinder	2.0	16	5	6	0.999818305215	0.998951944848	0.823774396519	-0.315853480391	-0.003486292142	-0.316317195207	-0.597271524992
1	10	cylinder	2.0	2	5	6	1.171756826547	1.227427688889	1.309905956543	-0.081804841259	-0.186693897838	-0.299372111333	-0.111369972291
1	10	cylinder	2.0	4	5	6	1.000000000000	1.000000000000	0.860967538657	-0.255356860774	-0.189004590177	-0.357418429727	-0.533883287881
1	10	cylinder	2.0	8	5	6	0.999534688719	1.000005700695	0.818366165133	-0.338780389035	-0.012895372214	-0.338767524525	-0.631873376890
1	10	cylinder	4.0	16	5	6	1.000000000000	1.000000000000	0.893438651184	-0.425619534515	-0.001226066431	-0.602171348763	-0.674004214711
1	10	cylinder	4.0	2	5	6	1.000000000000	1.000000000000	1.000000000000	-0.250000000000	-0.500000000000	-1.000000000000	-1.000000000000
1	10	cylinder	4.0	4	5	6	1.000000000000	1.000000000000	0.913220072004	-0.333997407646	-0.248860850343	-0.622143345127	-0.600945145790
1	10	cylinder	4.0	8	5	6	0.999876987014	1.000040687149	0.890704606063	-0.442519055143	-0.014189357961	-0.608415397606	-0.699061572709
1	10	cylinder	8.0	16	5	6	1.000002061428	0.999999403133	0.958451360861	-0.514455373305	-0.000001638603	-0.853604653062	-0.727490196147
1	10	cylinder	8.0	2	5	6	1.005378471529	1.000000000000	1.005378471529	-0.741717529592	0.064866901824	-0.989243056941	-1.000000000000
1	10	cylinder	8.0	4	5	6	1.000000000000	1.000000000000	0.965087254485	-0.405506434176	-0.288494788159	-0.859299487033	-0.655564510100
1	10	cylinder	8.0	8	5	6	1.000000000000	1.000000000000	0.957419853821	-0.533673984563	-0.013513352290	-0.854612449298	-0.752488480074
1	10	torus	12.0	16	5	6	1.000154470667	0.999842502886	0.982563256076	-0.442630902717	-0.191595808631	-0.931579905823	-0.619965492852
1	10	torus	12.0	2	5	6	1.000000000000	1.001439502173	1.001439502173	0.249640124427	-0.499999999939	-1.000000000000	0.997120995532
1	10	torus	12.0	4	5	6	1.000000000000	1.000000000000	0.982586748820	-0.426371023894	-0.298392394113	-0.931393799267	-0.669242092995
1	10	torus	12.0	8	5	6	1.000000000000	1.000000000000	0.983296835990	-0.416940495228	-0.301484451590	-0.932920133400	-0.659931354063
1	10	torus	2.0	16	5	6	1.009455844932	0.989797395748	0.866586024068	-0.224181241592	0.046890956663	-0.288143979235	-0.444520166005
1	10	torus	2.0	2	5	6	1.171756826547	1.227427688889	1.309905956543	-0.081804841259	-0.186693897838	-0.299372111333	-0.111369972291
1	10	torus	2.0	4	5	6	1.000000000000	1.000000000000	0.860978430484	-0.254989423902	-0.187954802790	-0.356250566572	-0.532682736977
1	10	torus	2.0	8	5	6	0.997168085675	1.002756653681	0.828088596024	-0.320576217341	-0.009233357626	-0.326142347100	-0.598587784920
1	10	torus	4.0	16	5	6	1.000000000000	1.000000000000	0.914268638840	-0.328287301235	-0.156963873218	-0.604108359980	-0.539989749669
1	10	torus	4.0	2	5	6	1.000000000000	1.000000000000	1.000000000000	-0.250000000000	-0.500000000000	-1.000000000000	-1.000000000000
1	10	torus	4.0	4	5	6	1.000000000000	1.000000000000	0.913204606457	-0.333947460043	-0.248702052797	-0.621934786766	-0.600757805472
1	10	torus	4.0	8	5	6	0.999969307677	1.000063786931	0.891361164404	-0.439068865189	-0.014397546647	-0.604479990117	-0.693834356113
1	10	torus	8.0	16	5	6	0.999980286892	0.999286932201	0.966950620662	-0.394288221897	-0.169648698129	-0.861743157005	-0.559720325239
1	10	torus	8.0	2	5	6	1.005378471529	1.000000000000	1.005378471529	-0.741717529592	0.064866901824	-0.989243056941	-1.000000000000
1	10	torus	8.0	4	5	6	1.000000000000	1.000000000000	0.965086891818	-0.405507932329	-0.288492372262	-0.859296675965	-0.655564651260
1	10	torus	8.0	8	5	6	1.000000000000	1.000000000000	0.957420711950	-0.533623604154	-0.013559174664	-0.854563060867	-0.752413294723
1	12	cylinder	12.0	16	6	7	1.000000000000	1.000000000000	0.985491235332	-0.317180792353	0.000000000000	-0.928573489708	-0.437416487805
1	12	cylinder	12.0	2	6	7	1.000000000000	1.000000000000	1.000000000000	-0.250000000000	0.500000000000	-1.000000000000	-1.000000000000
1	12	cylinder	12.0	4	6	7	1.000000000000	1.000000000000	0.983373885351	-0.399063044635	0.295410951486	-0.930726703315	-0.625959436596
1	12	cylinder	12.0	8	6	7	1.000039301397	1.000009655980	0.986534678673	-0.280719191532	0.016913111510	-0.929279036733	-0.384426762460
1	12	cylinder	2.0	16	6	7	1.000398453070	1.000037716896	0.896781161683	-0.161618022845	0.005032437906	-0.313893855778	-0.321016820736
1	12	cylinder	2.0	2	6	7	1.031392502354	1.009160404714	0.912227902385	-0.104094166609	0.062932515490	-0.289294733253	-0.089403342236
1	12	cylinder	2.0	4	6	7	1.000000000000	1.000000000000	0.877652181329	-0.221461200515	0.182585841112	-0.350133099405	-0.466465011097
1	12	cylinder	2.0	8	6	7	1.000114071064	0.999538219156	0.920945681229	-0.140957252407	0.019169412276	-0.330221134792	-0.265668928099
1	12	cylinder	4.0	16	6	7	1.000000000000	1.000000000000	0.932489845642	-0.225799708986	0.002020652481	-0.601120466402	-0.368519826504
1	12	cylinder	4.0	2	6	7	1.000000000000	1.000000000000	1.000000000000	-0.250000000000	0.500000000000	-1.000000000000	-1.000000000000
1	12	cylinder	4.0	4	6	7	1.000000000000	1.000000000000	0.919279563007	-0.304926224603	0.244392248005	-0.617819681115	-0.550122293624
1	12	cylinder	4.0	8	6	7	1.000082408753	0.999874064525	0.939927200310	-0.202880831339	0.022093657119	-0.607173598215	-0.328749671354
1	12	cylinder	8.0	16	6	7	1.000000000000	1.000000000000	0.971397409309	-0.296873932179	0.000000000000	-0.853215974250	-0.424434500263
1	12	cylinder	8.0	2	6	7	1.000000000000	1.000000000000	1.000000000000	-0.250000000000	0.500000000000	-1.000000000000	-1.000000000000
1	12	cylinder	8.0	4	6	7	1.000000000000	1.000000000000	0.966859620814	-0.377359760201	0.285186293659	-0.857827452910	-0.610114006295
1	12	cylinder	8.0	8	6	7	1.000000000000	1.000000000000	0.973323472786	-0.265173500804	0.021244215630	-0.854502133185	-0.375763372996
1	12	torus	12.0	16	6	7	1.000000000000	1.000000000000	0.984138185542	-0.367221980876	0.199103081771	-0.929055852821	-0.519195951547
1	12	torus	12.0	2	6	7	1.000000000000	1.000000000000	1.000000000000	-0.250000000000	0.500000000000	-1.000000000000	-1.000000000000
1	12	torus	12.0	4	6	7	1.000000000000	1.000000000000	0.983373885122	-0.399063051197	0.295410952118	-0.930726704588	-0.625959446279
1	12	torus	12.0	8	6	7	1.000039299898	1.000009655189	0.986534680417	-0.280719107214	0.016912995443	-0.929279101648	-0.384426696439
1	12	torus	2.0	16	6	7	1.000408142230	0.999568060814	0.887753302965	-0.204381443525	0.150137129286	-0.342168740436	-0.408534231593
1	12	torus	2.0	2	6	7	1.031392502354	1.009160404714	0.912227902385	-0.104094166609	0.062932515490	-0.289294733253	-0.089403342236
1	12	torus	2.0	4	6	7	1.000000000000	1.000000000000	0.877645771161	-0.221532902058	0.182777207627	-0.350332062568	-0.466691303994
1	12	torus	2.0	8	6	7	0.999184216213	1.000240348544	0.921511043171	-0.138582848786	0.018400625297	-0.335098447376	-0.262461133311
1	12	torus	4.0	16	6	7	1.000010842105	1.000045025439	0.925112924644	-0.277079321252	0.175143641176	-0.610151698297	-0.460026847794
1	12	torus	4.0	2	6	7	1.000000000000	1.000000000000	1.000000000000	-0.250000000000	0.500000000000	-1.000000000000	-1.000000000000
1	12	torus	4.0	4	6	7	1.000000000000	1.000000000000	0.919280385551	-0.304935566275	0.244410431117	-0.617843256068	-0.550149836940
1	12	torus	4.0	8	6	7	1.000077616151	0.999881582753	0.939980100762	-0.202683755023	0.021880397359	-0.608103218238	-0.328516398759
1	12	torus	8.0	16	6	7	1.000000000000	1.000000000000	0.968480207276	-0.346696518906	0.194567012416	-0.854385987197	-0.507859364612
1	12	torus	8.0	2	6	7	1.000000000000	1.000000000000	1.000000000000	-0.250000000000	0.500000000000	-1.000000000000	-1.000000000000
1	12	torus	8.0	4	6	7	1.000000000000	1.000000000000	0.966859626602	-0.377359869913	0.285186387656	-0.857827577162	-0.610114254350
1	12	torus	8.0	8	6	7	1.000000000000	1.000000000000	0.973323729183	-0.265171112517	0.021238095995	-0.854506461431	-0.375762054057
1	14	cylinder	12.0	16	7	8	1.000000000000	1.000000000000	0.980002274686	-0.518991229264	-0.000000000019	-0.928778580052	-0.711986031000
1	14	cylinder	12.0	2	7	8	1.000000000000	1.000000000000	1.000000000000	-0.249999999366	-0.500000000000	-1.000000000000	-0.999999997462
1	14	cylinder	12.0	4	7	8	1.000000000000	1.000000000000	0.983030514149	-0.410979729717	-0.297403640553	-0.930968335124	-0.645754629299
1	14	cylinder	12.0	8	7	8	1.000000000000	1.000000000000	0.979208185522	-0.550571990528	-0.031471502770	-0.929268671176	-0.753094497692
1	14	cylinder	2.0	16	7	8	1.000850343785	0.999292152528	0.830820498276	-0.303092607230	-0.008377411163	-0.312694041581	-0.577128832290
1	14	cylinder	2.0	2	7	8	1.037766661401	1.020600553008	0.930189656474	-0.103219389726	-0.053508665272	-0.285991351014	-1.000000000000
1	14	cylinder	2.0	4	7	8	1.000000000000	1.000000000000	0.869993556473	-0.237191552347	-0.186366944417	-0.352876842805	-0.498688080892
1	14	cylinder	2.0	8	7	8	0.999640312045	1.000156818983	0.822936007528	-0.330530200441	-0.030272290576	-0.338080176268	-0.616286325399
1	14	cylinder	4.0	16	7	8	1.000000000000	1.000000000000	0.896409620120	-0.410968073358	-0.003770104778	-0.601686215792	-0.651423763401
1	14	cylinder	4.0	2	7	8	1.000000000000	1.000000000000	1.000000000000	-0.250000000000	-0.500000000000	-1.000000000000	-1.000000000000
1	14	cylinder	4.0	4	7	8	1.000000000000	1.000000000000	0.916629933254	-0.317716337932	-0.247081868935	-0.619267007699	-0.573405056429
1	14	cylinder	4.0	8	7	8	0.999890477796	1.000086732286	0.892614240531	-0.433379549647	-0.034802062116	-0.608174813967	-0.685150604842
1	14	cylinder	8.0	16	7	8	0.999999932437	0.999999510871	0.959679649584	-0.493922171217	-0.000076964140	-0.853616833212	-0.698909709271
1	14	cylinder	8.0	2	7	8	1.000000000000	1.000000000000	1.000000000000	-0.250000000000	0.500000000000	-1.000000000000	-1.000000000000
1	14	cylinder	8.0	4	7	8	1.000000000000	1.000000000000	0.966085755905	-0.389682519551	-0.287376599741	-0.858353474056	-0.630970583759
1	14	cylinder	8.0	8	7	8	1.000000000000	1.000000000000	0.957960612710	-0.524559742280	0.033087367278	-0.854614675399	-0.739615145757
1	14	torus	12.0	16	7	8	1.000000000000	1.000000000000	0.981579783081	-0.461090221229	-0.205714178633	-0.929203015427	-0.651717478532
1	14	torus	12.0	2	7	8	1.000000000000	1.000000000000	1.000000000000	-0.249999999366	-0.500000000000	-1.000000000000	-0.999999997462
1	14	torus	12.0	4	7	8	1.000000000000	1.000000000000	0.983030514148	-0.410979729771	-0.297403640560	-0.930968335097	-0.645754629402
1	14	torus	12.0	8	7	8	0.999999997775	0.999999972852	0.979182684821	-0.551529027983	-0.028271379619	-0.929254206591	-0.754377453745
1	14	torus	2.0	16	7	8	0.999016543011	1.000952131466	0.850627501349	-0.271992697326	0.116724922794	-0.324623356914	-0.524441527666
1	14	torus	2.0	2	7	8	1.037766661401	1.020600553008	0.930189656474	-0.103219389726	-0.053508665272	-0.285991351014	-1.000000000000
1	14	torus	2.0	4	7	8	1.000000000000	1.000000000000	0.869994131460	-0.237179290351	-0.186331999637	-0.352839046391	-0.498648075580
1	14	torus	2.0	8	7	8	0.999595562066	1.000156262080	0.824494807770	-0.327179416335	-0.030212576717	-0.335715794508	-0.609891391594
1	14	torus	4.0	16	7	8	0.999968936763	0.999968136755	0.908468349428	-0.356211778597	-0.178265487409	-0.608639398969	-0.585253593284
1	14	torus	4.0	2	7	8	1.000000000000	1.000000000000	1.000000000000	-0.250000000000	-0.500000000000	-1.000000000000	-1.000000000000
1	14	torus	4.0	4	7	8	1.000000000000	1.000000000000	0.916629770001	-0.317715522527	-0.247079771291	-0.619264241602	-0.573402315684
1	14	torus	4.0	8	7	8	0.999887482463	1.000087777974	0.892657741789	-0.433087469265	-0.034845343855	-0.607880037886	-0.684703845680
1	14	torus	8.0	16	7	8	1.000000000000	1.000000000000	0.963121383329	-0.436276469037	-0.201128157703	-0.854670229630	-0.637458695809
1	14	torus	8.0	2	7	8	1.000000000000	1.000000000000	1.000000000000	-0.250000000000	0.500000000000	-1.000000000000	-1.000000000000
1	14	torus	8.0	4	7	8	1.000000000000	1.000000000000	0.966085755347	-0.389682519299	-0.287376595698	-0.858353468386	-0.630970579990
1	14	torus	8.0	8	7	8	1.000000000000	1.000000000000	0.957960634131	-0.524558975777	0.033088223358	-0.854614093152	-0.739614015526
1	16	cylinder	12.0	16	8	9	1.000000000000	1.000000000000	0.985069625805	-0.332675389063	0.000000000075	-0.928683933076	-0.458497559613
1	16	cylinder	12.0	2	8	9	1.001439762493	1.000000000000	1.001439762493	-0.746827240900	0.045667750567	-0.997120475015	-0.999999999853
1	16	cylinder	12.0	4	8	9	1.000000000000	1.000000000000	0.983176539813	-0.405914542061	0.296713628000	-0.930853895375	-0.637552713754
1	16	cylinder	12.0	8	8	9	1.000000000000	1.000000000000	0.986111473615	-0.294362996765	0.053126187874	-0.929209505152	-0.399271244927
1	16	cylinder	2.0	16	8	9	1.000469785621	0.999536858278	0.893845641039	-0.166610248370	0.010541306638	-0.312567654071	-0.331809035530
1	16	cylinder	2.0	2	8	9	0.996986333507	1.000227738662	0.868779405585	-0.102951077331	0.008794464200	-0.283382672471	-1.000000000000
1	16	cylinder	2.0	4	8	9	1.000000000000	1.000000000000	0.873658047267	-0.229714595220	0.184759325280	-0.351356018752	-0.483615351011
1	16	cylinder	2.0	8	8	9	1.000182380515	0.999675814482	0.917458435822	-0.147978084089	0.038570542881	-0.330580978438	-0.278691709862
1	16	cylinder	4.0	16	8	9	1.000000000000	1.000000000000	0.930725904719	-0.234585640478	0.005273825093	-0.601580084965	-0.381950356401
1	16	cylinder	4.0	2	8	9	1.013875404971	0.986124595029	0.986124595029	-0.087547836936	0.455117571108	-0.972249190058	-0.364066752713
1	16	cylinder	4.0	4	8	9	1.000000000000	1.000000000000	0.917799063414	-0.312093754803	0.246076094343	-0.618512003645	-0.563396698189
1	16	cylinder	4.0	8	8	9	1.000091512407	0.999877413222	0.938309282867	-0.210610081176	0.045537494192	-0.607276049992	-0.340504841714
1	16	cylinder	8.0	16	8	9	1.000000000000	1.000000000000	0.970511485126	-0.311830287289	0.000000000000	-0.853449103182	-0.445262231259
1	16	cylinder	8.0	2	8	9	1.003287236754	1.000000000000	1.003287236754	-0.738745932678	0.093179977171	-0.993425526492	-0.999999997566
1	16	cylinder	8.0	4	8	9	1.000000000000	1.000000000000	0.966417430649	-0.384409667806	0.286611873342	-0.858100843631	-0.622272763699
1	16	cylinder	8.0	8	8	9	1.000000000000	1.000000000000	0.972666258322	-0.276142548118	0.056912575250	-0.854594120099	-0.388866956624
1	16	torus	12.0	16	8	9	1.000000000000	1.000000000000	0.983662395009	-0.384651222823	0.206123050554	-0.929097596783	-0.545398762424
1	16	torus	12.0	2	8	9	1.001439762493	1.000000000000	1.001439762493	-0.746827240900	0.045667750567	-0.997120475015	-0.999999999853
1	16	torus	12.0	4	8	9	1.000000000000	1.000000000000	0.983176539813	-0.405914542062	0.296713628000	-0.930853895375	-0.637552713755
1	16	torus	12.0	8	8	9	1.000000000000	1.000000000000	0.986111473586	-0.294362996869	0.053126188513	-0.929209505277	-0.399271245452
1	16	torus	2.0	16	8	9	0.999979737659	1.000066671752	0.883204515807	-0.212107119862	0.145763441103	-0.337652074692	-0.421849295445
1	16	torus	2.0	2	8	9	0.996986333507	1.000227738662	0.868779405585	-0.102951077331	0.008794464200	-0.283382672471	-1.000000000000
1	16	torus	2.0	4	8	9	1.000000000000	1.000000000000	0.873657864866	-0.229716973851	0.184765771527	-0.351362860769	-0.483622932630
1	16	torus	2.0	8	8	9	1.000114628494	1.000404334356	0.918278332321	-0.147495935857	0.038689538934	-0.331530956500	-0.277699712361
1	16	torus	4.0	16	8	9	1.000005452419	0.999994792837	0.921871746386	-0.291779138327	0.180071447308	-0.609077300494	-0.484823706437
1	16	torus	4.0	2	8	9	1.013875404971	0.986124595029	0.986124595029	-0.087547836936	0.455117571108	-0.972249190058	-0.364066752713
1	16	torus	4.0	4	8	9	1.000000000000	1.000000000000	0.917799077890	-0.312093868260	0.246076339503	-0.618512324478	-0.563397048616
1	16	torus	4.0	8	8	9	1.000091347841	0.999877793963	0.938313938690	-0.210591847751	0.045536439151	-0.607355736261	-0.340483686240
1	16	torus	8.0	16	8	9	1.000000000000	1.000000000000	0.967461245356	-0.363653253838	0.201416533095	-0.854449552587	-0.534030117114
1	16	torus	8.0	2	8	9	1.003287236754	1.000000000000	1.003287236754	-0.738745932678	0.093179977171	-0.993425526492	-0.999999997566
1	16	torus	8.0	4	8	9	1.000000000000	1.000000000000	0.966417430667	-0.384409667933	0.286611873530	-0.858100843890	-0.622272764049
1	16	torus	8.0	8	8	9	1.000000000000	1.000000000000	0.972666260225	-0.276142515291	0.056912510921	-0.854594170737	-0.388866945262
1	24	cylinder	12.0	16	12	13	1.000000000000	1.000000000000	0.984609946842	-0.349596137456	0.000000034552	-0.928766985997	-0.481518236656
1	24	cylinder	12.0	2	12	13	1.000000000000	1.000000000000	1.000000000000	-0.249999999365	0.500000000000	-1.000000000000	-0.999999997461
1	24	cylinder	12.0	4	12	13	1.000000000000	1.000000000000	0.983133885583	-0.407395136143	0.296947050884	-0.930884826997	-0.639994908811
1	24	cylinder	12.0	8	12	13	1.000000000000	1.000000000000	0.984917710970	-0.338624947909	0.132411256084	-0.929119533194	-0.465137995517
1	24	cylinder	2.0	16	12	13	1.000840550125	0.999157039275	0.891298908136	-0.171529082547	0.022721036287	-0.311810313922	-0.342889547151
1	24	cylinder	2.0	2	12	13	0.916703959786	0.901319490516	0.692748396071	-0.099388070018	0.005163512981	-0.267927376327	-1.000000000000
1	24	cylinder	2.0	4	12	13	1.000000000000	1.000000000000	0.872555694594	-0.231975032887	0.185281056809	-0.351757931953	-0.488227820655
1	24	cylinder	2.0	8	12	13	0.999859967580	0.999648545929	0.907126720546	-0.167385958207	0.077047608025	-0.330896628118	-0.316621508508
1	24	cylinder	4.0	16	12	13	1.000000000000	1.000000000000	0.929240870351	-0.242107114928	0.015639646783	-0.602018130353	-0.393433699333
1	24	cylinder	4.0	2	12	13	1.000000000000	1.175531906399	1.175531906399	-0.101202434785	-0.403534722914	-1.000000000000	-0.819405557324
1	24	cylinder	4.0	4	12	13	1.000000000000	1.000000000000	0.917455859480	-0.313748886172	0.246406095662	-0.618705261269	-0.566391009255
1	24	cylinder	4.0	8	12	13	1.000000891598	0.999999203269	0.930867052459	-0.247790173086	0.114005259546	-0.607352039439	-0.399475675208
1	24	cylinder	8.0	16	12	13	1.000000000000	1.000000000000	0.969545816269	-0.328121243368	0.000000000000	-0.853624541566	-0.467949174888
1	24	cylinder	8.0	2	12	13	1.000000000000	1.000000000000	1.000000000000	-0.249999975197	0.499999950394	-1.000000000000	-0.999999900789
1	24	cylinder	8.0	4	12	13	1.000000000000	1.000000000000	0.966320378836	-0.385954782666	0.286870417100	-0.858168697576	-0.624869010739
1	24	cylinder	8.0	8	12	13	1.000000000000	1.000000000000	0.970200423197	-0.317670283192	0.129304889678	-0.854389928942	-0.452194966762
1	32	cylinder	12.0	16	16	17	1.000000000000	1.000000000000	0.984387401654	-0.357797173537	0.000001099613	-0.928798140763	-0.492675499312
1	32	cylinder	12.0	2	16	17	0.993172558512	1.009624762449	0.995969879472	-0.247593809388	-0.496586279256	-0.986345117023	-1.000000000000
1	32	cylinder	12.0	4	16	17	1.000000000000	1.000000000000	0.983132440088	-0.407445293243	0.296954460705	-0.930885914734	-0.640076934334
1	32	cylinder	12.0	8	16	17	1.000000000000	1.000000000000	0.983892843673	-0.376483297392	0.165112301545	-0.929066533922	-0.522803593843
1	32	cylinder	2.0	16	16	17	1.000135593896	0.999932729222	0.882593078984	-0.189104262353	0.069620430235	-0.307046114892	-0.373073259768
1	32	cylinder	2.0	2	16	17	0.957477678914	0.921293124750	0.752709321944	-0.105423175066	0.059107519051	-0.286315022572	-0.095508363962
1	32	cylinder	2.0	4	16	17	1.000000000000	1.000000000000	0.872500806620	-0.232087303597	0.185306117390	-0.351779346829	-0.488455562300
1	32	cylinder	2.0	8	16	17	0.999987001474	0.999759742084	0.898039375104	-0.185644328138	0.098868550377	-0.331222614279	-0.353950999083
1	32	cylinder	4.0	16	16	17	1.000000000000	1.000000000000	0.928453684832	-0.246165382999	0.028804134802	-0.602152837300	-0.399750588551
1	32	cylinder	4.0	2	16	17	1.000000000000	1.000000000000	1.000000000000	-0.249998472329	-0.500000000000	-1.000000000000	-0.999993909477
1	32	cylinder	4.0	4	16	17	1.000000000000	1.000000000000	0.917442913948	-0.313811232420	0.246417915027	-0.618713061792	-0.566502937060
1	32	cylinder	4.0	8	16	17	1.000000016657	1.000000006287	0.923714097222	-0.282863803956	0.142426147308	-0.607088059445	-0.458792917476
1	32	cylinder	8.0	16	16	17	1.000000000000	1.000000000000	0.969081150222	-0.335959792323	0.000000000058	-0.853689625868	-0.478865239542
1	32	cylinder	8.0	2	16	17	1.016674360075	0.993894306607	1.004462973290	-0.032967017269	0.491662819962	-0.966651279850	-0.139391064745
1	32	cylinder	8.0	4	16	17	1.000000000000	1.000000000000	0.966317009128	-0.386008393179	0.286878830397	-0.858171151532	-0.624958319724
1	32	cylinder	8.0	8	16	17	1.000000000000	1.000000000000	0.967951879678	-0.355448260651	0.161128805577	-0.854238808699	-0.510860204028
1	48	cylinder	12.0	16	24	25	1.000000000000	1.000000000000	0.984217539564	-0.364060358384	0.000191062731	-0.928819214751	-0.501196497003
1	48	cylinder	12.0	2	24	25	1.000000000000	1.000000000000	1.000000000000	-0.250000000000	-0.500000000000	-1.000000000000	-1.000000000000
1	48	cylinder	12.0	4	24	25	1.000000000000	1.000000000000	0.983132389290	-0.407447055818	0.296954719799	-0.930885953071	-0.640079814851
1	48	cylinder	12.0	8	24	25	1.000000000000	1.000000000000	0.983045520994	-0.407695656195	0.177319299273	-0.929047949324	-0.568711742761
1	48	cylinder	2.0	16	24	25	1.000338683342	0.999652222502	0.873256026931	-0.208289908730	0.085170991503	-0.306613364698	-0.409614226055
1	48	cylinder	2.0	2	24	25	1.024767091777	1.047787364182	0.944570530931	-0.103850265113	0.039315939471	-0.285040361560	-1.000000000000
1	48	cylinder	2.0	4	24	25	1.000000000000	1.000000000000	0.872497953479	-0.232093138217	0.185307417361	-0.351780468606	-0.488467391625
1	48	cylinder	2.0	8	24	25	1.000138624409	1.000049064086	0.889987105644	-0.202250766186	0.112025894341	-0.331566998399	-0.386893369390
1	48	cylinder	4.0	16	24	25	1.000000000000	1.000000000000	0.926923811174	-0.254086861292	0.054036924956	-0.602274112120	-0.412438845483
1	48	cylinder	4.0	2	24	25	1.000000000000	1.000000000000	1.000000000000	-0.250000000000	-0.500000000000	-1.000000000000	-1.000000000000
1	48	cylinder	4.0	4	24	25	1.000000000000	1.000000000000	0.917442407657	-0.313813670436	0.246418375467	-0.618713368905	-0.566507311097
1	48	cylinder	4.0	8	24	25	0.999999999998	0.999999999999	0.918077100830	-0.310473187651	0.152383679606	-0.607096054876	-0.503962723548
1	48	cylinder	8.0	16	24	25	1.000000000000	1.000000000000	0.968730786199	-0.341870635948	0.000000106883	-0.853732952689	-0.487096728398
1	48	cylinder	8.0	2	24	25	1.000000000000	1.000000000000	1.000000000000	-0.249999979081	0.499999958162	-1.000000000000	-0.999999916323
1	48	cylinder	8.0	4	24	25	1.000000000000	1.000000000000	0.966316887778	-0.386010323683	0.286879131909	-0.858171240190	-0.624961533593
1	48	cylinder	8.0	8	24	25	1.000000000000	1.000000000000	0.966162217053	-0.385491928298	0.172491767785	-0.854187886456	-0.555919500631
1	64	cylinder	12.0	16	32	33	1.000000000000	1.000000000000	0.984173251906	-0.365693845268	0.000226491336	-0.928824377975	-0.503418561230
1	64	cylinder	12.0	2	32	33	1.000000000000	1.000000000000	1.000000000000	-0.250000000000	-0.500000000000	-1.000000000000	-1.000000000000
1	64	cylinder	12.0	4	32	33	1.000000000000	1.000000000000	0.983132389231	-0.407447057855	0.296954720099	-0.930885953115	-0.640079818179
1	64	cylinder	12.0	8	32	33	1.000000000000	1.000000000000	0.982811964621	-0.416289993928	0.178410338562	-0.929048071850	-0.580872216665
1	64	cylinder	2.0	16	32	33	0.999623051776	1.000378513747	0.870834255186	-0.213349156533	0.087785759038	-0.306585578913	-0.420537489310
1	64	cylinder	2.0	2	32	33	0.988160548793	0.965453182318	0.825402705930	-0.104459027876	0.049350614950	-0.287876982800	-0.092094273373
1	64	cylinder	2.0	4	32	33	1.000000000000	1.000000000000	0.872497946489	-0.232093152513	0.185307420546	-0.351780471357	-0.488467420607
1	64	cylinder	2.0	8	32	33	0.999999351251	0.999999775362	0.876019332261	-0.230120054104	0.119031489510	-0.334301663656	-0.437903093591
1	64	cylinder	4.0	16	32	33	1.000000000000	1.000000000000	0.925531200226	-0.261285412300	0.070739740450	-0.602359107496	-0.424069798980
1	64	cylinder	4.0	2	32	33	1.000000000000	0.877677592662	0.877677592662	0.219404997775	-0.499961171267	-1.000000000000	0.999921898673
1	64	cylinder	4.0	4	32	33	1.000000000000	1.000000000000	0.917442406938	-0.313813673899	0.246418376121	-0.618713369341	-0.566507317308
1	64	cylinder	4.0	8	32	33	1.000000000000	1.000000000000	0.916556784596	-0.317908011968	0.153280028347	-0.607130638764	-0.515745199139
1	64	cylinder	8.0	16	32	33	1.000000000000	1.000000000000	0.968641547869	-0.343376215736	0.000006585992	-0.853743334880	-0.489193406450
1	64	cylinder	8.0	2	32	33	1.000000000000	1.000000000000	1.000000000000	-0.250000000000	0.500000000000	-1.000000000000	-1.000000000000
1	64	cylinder	8.0	4	32	33	1.000000000000	1.000000000000	0.966316887631	-0.386010326022	0.286879132275	-0.858171240298	-0.624961537487
1	64	cylinder	8.0	8	32	33	1.000000000000	1.000000000000	0.965670897951	-0.393739731391	0.173498893083	-0.854185465308	-0.567841725665
1	8	cylinder	12.0	16	4	5	1.000000000000	1.000000000000	0.986213947587	-0.290672353355	0.000000000000	-0.928257894024	-0.401349190219
1	8	cylinder	12.0	2	4	5	1.006505852561	0.997378474836	1.001262802232	-0.016519049894	-0.496747073720	-0.986988294878	-0.068439382411
1	8	cylinder	12.0	4	4	5	1.000000000000	1.000000000000	0.984480478128	-0.360849672365	0.284143417035	-0.930277909853	-0.556880974706
1	8	cylinder	12.0	8	4	5	1.000000000000	1.000000000000	0.986700154988	-0.272957358027	-0.005189575950	-0.928799833883	-0.373978045811
1	8	cylinder	2.0	16	4	5	0.999880976683	0.999719458760	0.902952467033	-0.148472530813	-0.001206436275	-0.318413090464	-0.295514380298
1	8	cylinder	2.0	2	4	5	1.021201000323	0.959799477916	0.852351230324	-0.114345079865	-0.146709744206	-0.327307742916	-1.000000000000
1	8	cylinder	2.0	4	4	5	1.000000000000	1.000000000000	0.894918015702	-0.184975254048	0.168363318932	-0.347077984019	-0.386730782353
1	8	cylinder	2.0	8	4	5	0.999970790218	1.000590408348	0.926257804241	-0.132518224652	0.004862482796	-0.330248871779	-0.250233221630
1	8	cylinder	4.0	16	4	5	1.000000000000	1.000000000000	0.936172748385	-0.207677431135	-0.000338946908	-0.601222215735	-0.340745655768
1	8	cylinder	4.0	2	4	5	1.015804495891	0.984195504109	0.984195504109	-0.116972922133	-0.490168407453	-0.968391008218	-0.483696184422
1	8	cylinder	4.0	4	4	5	1.000000000000	1.000000000000	0.926977007621	-0.267335209953	-0.230824869686	-0.615961786259	-0.475934585441
1	8	cylinder	4.0	8	4	5	0.999951394865	1.000171423971	0.942305593529	-0.192523121578	0.005264865870	-0.606503336984	-0.313543737922
1	8	cylinder	8.0	16	4	5	0.999999643019	0.999999619380	0.972918235380	-0.271224533793	-0.000000000000	-0.852576387659	-0.388713738743
1	8	cylinder	8.0	2	4	5	1.000000000000	1.000000000000	1.000000000000	-0.250000000000	0.500000000000	-1.000000000000	-1.000000000000
1	8	cylinder	8.0	4	4	5	1.000000000000	1.000000000000	0.969301145211	-0.338455274521	0.272885025016	-0.856909129894	-0.538307992815
1	8	cylinder	8.0	8	4	5	1.000000000000	1.000000000000	0.974007577300	-0.253928765015	-0.005448778727	-0.853796994032	-0.361300703928
1	8	torus	12.0	16	4	5	0.999852261908	1.000259745665	0.982135511608	-0.457332268867	0.119859140464	-0.930998402959	-0.615526340295
1	8	torus	12.0	2	4	5	1.006505852561	0.997378474836	1.001262802232	-0.016519049894	-0.496747073720	-0.986988294878	-0.068439382411
1	8	torus	12.0	4	4	5	1.000000000000	1.000000000000	0.984479140126	-0.360892434402	0.284156015798	-0.930279075964	-0.556959279004
1	8	torus	12.0	8	4	5	1.000000000000	1.000000000000	0.984194795068	-0.386079949585	0.295114680233	-0.932485608498	-0.606791394080
1	8	torus	2.0	16	4	5	1.000000000000	1.000000000000	0.880485441465	-0.231051419887	0.193360197601	-0.382912068198	-0.476643519357
1	8	torus	2.0	2	4	5	1.021201000323	0.959799477916	0.852351230324	-0.114345079865	-0.146709744206	-0.327307742916	-1.000000000000
1	8	torus	2.0	4	4	5	1.000000000000	1.000000000000	0.894799925912	-0.186829077478	-0.173750444459	-0.352439222094	-0.392592922733
1	8	torus	2.0	8	4	5	1.011874973783	0.989671628420	0.916590464814	-0.137390864228	0.167829428560	-0.358585160928	-0.317127268842
1	8	torus	4.0	16	4	5	1.000000000000	1.000000000000	0.920462990733	-0.311061590817	0.192932394845	-0.630697064218	-0.522265886839
1	8	torus	4.0	2	4	5	1.015804495891	0.984195504109	0.984195504109	-0.116972922133	-0.490168407453	-0.968391008218	-0.483696184422
1	8	torus	4.0	4	4	5	1.000000000000	1.000000000000	0.927009070522	-0.268106055164	0.232119744541	-0.617634963308	-0.478050470185
1	8	torus	4.0	8	4	5	1.000499451846	0.999581458429	0.947346185995	-0.169749791094	0.137190343785	-0.622368433012	-0.320586799628
1	8	torus	8.0	16	4	5	1.000092546726	0.999955433242	0.963038395897	-0.445068899949	0.081123238040	-0.859216605885	-0.613954244366
1	8	torus	8.0	2	4	5	1.000000000000	1.000000000000	1.000000000000	-0.250000000000	0.500000000000	-1.000000000000	-1.000000000000
1	8	torus	8.0	4	4	5	1.000000000000	1.000000000000	0.969299785289	-0.338574821055	0.272942714930	-0.856963503688	-0.538552823595
1	8	torus	8.0	8	4	5	1.000000000000	1.000000000000	0.969577091325	-0.357561446181	0.282268954872	-0.864286058244	-0.574905786936
2	4	cylinder	12.0	16	3	5	0.999988225284	1.000035251539	0.988753568352	-0.251280454173	0.038955291125	-0.913356415390	-0.321720654055
2	4	cylinder	12.0	2	3	5	1.006995802433	1.006339586009	1.006585771112	-0.241469221523	0.489380822582	-0.959003826733	-0.958895975792
2	4	cylinder	12.0	4	3	5	0.995535124368	1.000836614236	0.991651252317	-0.147445631544	0.381866057299	-0.935186551509	-0.598507672035
2	4	cylinder	12.0	8	3	5	0.999887665087	0.999678468418	0.987387234255	-0.301765105795	0.376302054825	-0.918717351351	-0.686945188355
2	4	cylinder	2.0	16	3	5	1.000000000000	1.000000000000	0.851070938969	-0.295569653367	-0.168966962313	-0.340888446504	-0.597689893135
2	4	cylinder	2.0	2	3	5	1.000000000000	0.793117511207	0.793117511207	-0.198279377802	0.500000000000	-1.000000000000	-1.000000000000
2	4	cylinder	2.0	4	3	5	1.028532144675	1.002116638259	0.990132377545	-0.125612003148	0.337373707746	-0.512999666559	-0.496388950277
2	4	cylinder	2.0	8	3	5	0.989102898191	1.005461989331	0.923323197824	-0.121562140953	0.309535314256	-0.460726023811	-0.609323583380
2	4	cylinder	4.0	16	3	5	0.997761780397	1.000700861001	0.935316396341	-0.267207644400	0.253924180533	-0.612668431978	-0.514425286352
2	4	cylinder	4.0	2	3	5	0.985588702587	1.025667034058	0.947917881393	-0.193042709761	-0.401153333806	-0.710438187555	-0.685765680153
2	4	cylinder	4.0	4	3	5	0.991031971072	1.023871963223	0.977610730004	-0.137965136787	0.346861765561	-0.660250642250	-0.578634549165
2	4	cylinder	4.0	8	3	5	1.000250981658	1.000016656514	0.951419084059	-0.242158087753	0.351758657123	-0.660196617209	-0.662302416964
2	4	cylinder	8.0	16	3	5	1.000000000000	1.000000000000	0.978480988871	-0.260176187459	0.003700620635	-0.838260072938	-0.355969197183
2	4	cylinder	8.0	2	3	5	1.015674247727	1.012574782783	1.013622080872	-0.231344640085	0.475755100326	-0.910071369037	-0.909834968781
2	4	cylinder	8.0	4	3	5	0.991716101713	1.002068710263	0.984449179034	-0.149401291079	0.382227441371	-0.874648298396	-0.616672662576
2	4	cylinder	8.0	8	3	5	1.000274839591	0.999479559339	0.977663217254	-0.276837188196	0.372915743842	-0.848727402598	-0.681873633084
2	4	torus	12.0	16	3	5	0.999966776153	1.000038579732	0.990182414262	-0.243165169289	0.348855151013	-0.918899580667	-0.575619623668
2	4	torus	12.0	2	3	5	1.006995802433	1.006339586009	1.006585771112	-0.241469221523	0.489380822582	-0.959003826733	-0.958895975792
2	4	torus	12.0	4	3	5	1.000101022851	0.998857455056	0.991413397291	-0.138510223054	0.369368547839	-0.927079843717	-0.565188532021
2	4	torus	12.0	8	3	5	0.999812065112	0.999917841472	0.988333984987	-0.283479871106	0.397348765708	-0.918762268004	-0.729514077373
2	4	torus	2.0	16	3	5	1.000000000015	0.999999999997	0.873583046538	-0.234069346092	0.168705560310	-0.297505806671	-0.487610705673
2	4	torus	2.0	2	3	5	0.866964297520	0.899642995476	0.779081195269	-0.194770298817	-0.433482148760	-0.733928595039	-0.799285990953
2	4	torus	2.0	4	3	5	1.029195119228	1.004532484875	0.991993754556	-0.122408976815	0.330352635604	-0.498973002151	-0.480804126302
2	4	torus	2.0	8	3	5	0.974723617673	1.023713500956	0.939927666855	-0.121625841541	0.295748862313	-0.444922211407	-0.558604839829
2	4	torus	4.0	16	3	5	0.999331483015	0.998943969750	0.944180975535	-0.226755370859	0.304517759992	-0.592231526807	-0.563281851329
2	4	torus	4.0	2	3	5	0.985588702587	1.025667034058	0.947917881393	-0.193042709761	-0.401153333806	-0.710438187555	-0.685765680153
2	4	torus	4.0	4	3	5	1.017345070755	0.993567907576	0.986802598356	-0.144778064124	0.367342530313	-0.696870598735	-0.579857850900
2	4	torus	4.0	8	3	5	1.001619867195	0.999217788647	0.954666561797	-0.245445800382	0.344587523998	-0.647855197980	-0.657967639845
2	4	torus	8.0	16	3	5	0.999730985773	1.000044424413	0.982156073431	-0.246883026765	0.334505915494	-0.848031242235	-0.566082725102
2	4	torus	8.0	2	3	5	1.015674247727	1.012574782783	1.013622080872	-0.231344640085	0.475755100326	-0.910071369037	-0.909834968781
2	4	torus	8.0	4	3	5	1.000657829612	0.993165618503	0.977173317640	-0.131725663821	0.333521571928	-0.851652607532	-0.551176855818
2	4	torus	8.0	8	3	5	1.000728014463	1.000187680869	0.984538977556	-0.173647040528	0.401387039536	-0.854707621846	-0.712843426815
2	6	cylinder	12.0	16	5	7	1.000066299277	0.999960590017	0.987279696626	-0.315137199010	-0.135303155737	-0.915481134705	-0.427239692689
2	6	cylinder	12.0	2	5	7	1.006881101304	1.006815873582	1.013743008890	-0.246587264779	-0.496559449348	-0.986237797392	-0.986237797392
2	6	cylinder	12.0	4	5	7	1.000275722221	0.999945619636	0.991397963230	-0.134002787656	-0.346331911734	-0.921147090978	-0.544903062086
2	6	cylinder	12.0	8	5	7	1.000001047702	0.999966113935	0.987619286306	-0.309531549137	-0.395757742295	-0.919065606812	-0.717016517540
2	6	cylinder	2.0	16	5	7	1.008494322658	1.001047762336	0.953219319285	-0.086849670521	-0.194630476923	-0.341553009313	-0.256810139085
2	6	cylinder	2.0	2	5	7	0.873103304178	0.845406850083	0.733469919394	-0.183367479849	-0.436551652089	-0.746206608355	-0.690813700166
2	6	cylinder	2.0	4	5	7	1.026596767534	1.012037578175	0.998849142194	-0.119310036295	-0.331911948513	-0.508118149765	-0.614381048069
2	6	cylinder	2.0	8	5	7	0.996683172418	1.011212859377	0.936381181206	-0.155872954471	-0.307800637054	-0.446290603842	-0.486714534553
2	6	cylinder	4.0	16	5	7	0.996047122905	0.999185766307	0.928367899232	-0.271349570054	0.257055801578	-0.586196637294	-0.527157333721
2	6	cylinder	4.0	2	5	7	1.051611607834	1.044848308613	1.098602988356	-0.226420788865	0.474194196083	-0.896776784332	-0.910303382773
2	6	cylinder	4.0	4	5	7	1.002499934125	0.985303602373	0.953328144836	-0.138615194658	-0.353847292859	-0.653508542343	-0.555104062832
2	6	cylinder	4.0	8	5	7	0.999655887043	0.999419393436	0.954773708640	-0.221763774909	-0.359095442537	-0.660091739593	-0.634019904743
2	6	cylinder	8.0	16	5	7	0.999523183228	1.000052459899	0.975235216909	-0.301482892176	-0.236785614778	-0.837475733009	-0.473165910169
2	6	cylinder	8.0	2	5	7	1.015231493439	1.014923420275	1.030373920197	-0.242516023192	-0.492384253281	-0.969537013123	-0.969537013123
2	6	cylinder	8.0	4	5	7	1.007826671643	0.997587140356	0.997827338928	-0.038615920205	-0.278668116575	-0.881194051035	0.056752572445
2	6	cylinder	8.0	8	5	7	0.999798921050	1.000080172058	0.977571819414	-0.290049927778	-0.387370994208	-0.848930735070	-0.701655509634
2	6	torus	12.0	16	5	7	1.000026394540	1.000086676645	0.988359901031	-0.299615432627	-0.332424254786	-0.921106834006	-0.611589843348
2	6	torus	12.0	2	5	7	1.006881101304	1.006815873582	1.013743008890	-0.246587264779	-0.496559449348	-0.986237797392	-0.986237797392
2	6	torus	12.0	4	5	7	1.000275394622	0.999945966923	0.991397631985	-0.134006857787	-0.346339671155	-0.921145802516	-0.544920004997
2	6	torus	12.0	8	5	7	1.000009467121	0.999990164875	0.987579469342	-0.292620809051	-0.409016723363	-0.918234965972	-0.744778307837
2	6	torus	2.0	16	5	7	0.998932181516	0.999859324786	0.917060798902	-0.157462278886	-0.200235645283	-0.343707887232	-0.363182343130
2	6	torus	2.0	2	5	7	0.873103304178	0.845406850083	0.733469919394	-0.183367479849	-0.436551652089	-0.746206608355	-0.690813700166
2	6	torus	2.0	4	5	7	1.026529448793	1.012255200771	0.998936540495	-0.119234863710	-0.331743951152	-0.507855393093	-0.614488149311
2	6	torus	2.0	8	5	7	0.997674266665	0.990781225234	0.930825053570	-0.101527188759	-0.321022315251	-0.469689563435	-0.428822489937
2	6	torus	4.0	16	5	7	0.996031648600	0.999371814830	0.945936096651	-0.190766894625	-0.269438985649	-0.595384363992	-0.441385508418
2	6	torus	4.0	2	5	7	1.051611607834	1.044848308613	1.098602988356	-0.226420788865	0.474194196083	-0.896776784332	-0.910303382773
2	6	torus	4.0	4	5	7	1.002447324311	0.985320334737	0.953295318081	-0.138610237839	-0.353816216706	-0.653462582002	-0.555063603824
2	6	torus	4.0	8	5	7	0.999869429780	1.000569547773	0.956064872919	-0.222032270262	-0.359400451676	-0.660354909698	-0.634744696699
2	6	torus	8.0	16	5	7	0.999408829471	0.999996845011	0.977106357644	-0.304569605124	-0.357849955869	-0.853504315941	-0.665096603663
2	6	torus	8.0	2	5	7	1.015231493439	1.014923420275	1.030373920197	-0.242516023192	-0.492384253281	-0.969537013123	-0.969537013123
2	6	torus	8.0	4	5	7	1.000418297542	1.004144262349	0.990037406976	-0.140492756278	0.368175501188	-0.855778509129	-0.580625084024
2	6	torus	8.0	8	5	7	1.000009496015	1.000077781157	0.977769823419	-0.290122101847	-0.387361383800	-0.848921873536	-0.701644877407
4	3	cylinder	12.0	16	6	10	0.999983559629	0.999994271560	0.992913455321	-0.158629099857	-0.426409517987	-0.915243759830	-0.624422829002
4	3	cylinder	12.0	2	6	10	1.006890008702	1.000000000000	1.006890008702	0.000000000000	0.496554995649	-0.986219982596	0.000000000000
4	3	cylinder	12.0	4	6	10	1.000170129266	0.999038287016	0.999208203729	-0.046794055833	-0.178921621997	-0.934719780175	-0.186725431655
4	3	cylinder	12.0	8	6	10	0.996160874371	1.000045812788	0.988226657274	-0.187906452069	-0.442296559340	-0.920278044526	-0.763925443291
4	3	cylinder	2.0	16	6	10	0.991002658983	1.019442616484	0.981699876272	-0.050021556220	-0.111601819750	-0.233441096787	-0.158691910038
4	3	cylinder	2.0	2	6	10	1.000000000000	1.000000000000	1.000000000000	-0.000000000000	0.500000000000	-1.000000000000	-0.000000000000
4	3	cylinder	2.0	4	6	10	0.986411400717	0.986815984348	0.971486985894	-0.032585837654	-0.127271448385	-0.328921944374	-0.115599963706
4	3	cylinder	2.0	8	6	10	1.004875693172	0.982455365643	0.975667970742	-0.071785568881	-0.241920495500	-0.368199669980	-0.266761148415
4	3	cylinder	4.0	16	6	10	0.995149227834	1.002710572908	0.976197961373	-0.111999924340	-0.327229481565	-0.573683905620	-0.460392818445
4	3	cylinder	4.0	2	6	10	0.986288708867	1.000000000000	0.986288708867	-0.000000000000	0.493144354434	-0.972577417735	-0.000000000000
4	3	cylinder	4.0	4	6	10	1.003447320489	1.008477451044	1.011940116050	-0.037297813692	0.157495693193	-0.665181866832	-0.148233097372
4	3	cylinder	4.0	8	6	10	1.002501294941	0.999893490427	0.989369572377	-0.139253464357	-0.362896440129	-0.657152985964	-0.567082353214
4	3	cylinder	8.0	16	6	10	1.000322223976	0.999686350520	0.988159223502	-0.156103043621	-0.418473949296	-0.837362066287	-0.633340476271
4	3	cylinder	8.0	2	6	10	0.997805506810	1.000000000000	0.997805506810	0.053067170518	0.498902753405	-0.995611013621	0.211792793913
4	3	cylinder	8.0	4	6	10	1.000348604556	0.994206858583	0.994553440870	-0.049676893405	-0.170924945978	-0.870745535408	-0.196543446856
4	3	cylinder	8.0	8	6	10	0.998807651871	1.000693908918	0.987029870036	-0.175544285900	-0.423654530109	-0.841433151497	-0.718363917713
4	3	torus	12.0	16	6	10	0.998012154661	1.000788020702	0.991582564564	-0.156554292169	-0.432572411127	-0.915276265331	-0.618949479592
4	3	torus	12.0	2	6	10	1.006890008702	1.000000000000	1.006890008702	0.000000000000	0.496554995649	-0.986219982596	0.000000000000
4	3	torus	12.0	4	6	10	0.999972326651	0.999575230512	0.999547566950	0.031206514177	-0.127669563656	-0.935539753400	0.124937761762
4	3	torus	12.0	8	6	10	0.994805984827	1.000725811587	0.986960673706	-0.189108719964	-0.443509954724	-0.918258566986	-0.770106544970
4	3	torus	2.0	16	6	10	0.974952891332	0.948291735354	0.899547200997	-0.049420248688	0.003547192179	-0.233847136474	-0.124498236859
4	3	torus	2.0	2	6	10	1.000000000000	1.000000000000	1.000000000000	-0.000000000000	0.500000000000	-1.000000000000	-0.000000000000
4	3	torus	2.0	4	6	10	1.014668843521	1.016932337889	1.029994196423	-0.032813352694	-0.128217677393	-0.330743111416	-0.112775057698
4	3	torus	2.0	8	6	10	0.993934260712	0.994706876365	0.967870414212	-0.076511959600	-0.234650939569	-0.358260425080	-0.254946484817
4	3	torus	4.0	16	6	10	0.965197448311	1.006333849160	0.948566126731	-0.109865293106	-0.282759519988	-0.543032162887	-0.403936492286
4	3	torus	4.0	2	6	10	0.986288708867	1.000000000000	0.986288708867	0.000000000000	0.493144354434	-0.972577417735	-0.000000000000
4	3	torus	4.0	4	6	10	0.997397919252	0.991479754277	0.988884101190	-0.036703788513	-0.154710717391	-0.658160875189	-0.145510807269
4	3	torus	4.0	8	6	10	0.982722173996	1.009107970217	0.984374207796	-0.142920703621	-0.368925668061	-0.668851884596	-0.588384589461
4	3	torus	8.0	16	6	10	0.993541006876	1.005065896630	0.986835311087	-0.147711403058	-0.412565792240	-0.833682730754	-0.591873238411
4	3	torus	8.0	2	6	10	0.997805506810	1.000000000000	0.997805506810	0.053067170518	0.498902753405	-0.995611013621	0.211792793913
4	3	torus	8.0	4	6	10	0.993439759800	0.997721661343	0.991173814501	-0.097889657442	-0.330662986742	-0.901041841139	-0.393914256823
4	3	torus	8.0	8	6	10	0.993574500695	1.003186481128	0.983982121295	-0.177208886292	-0.425549062658	-0.841265747566	-0.727763634558
