L	site	observable	prior	true	Delta	G	G_max
16	1	n	chi2	0.9999999872409505	-1.2759049483612728e-8	0.9999998574459728	0.9999999904746847
16	1	n	chi4	0.9999999872409505	-1.1007528122330967e-7	0.9999997638394756	0.9999999904746847
16	1	n	chi8	0.9999999872409505	-3.40731750592127e-8	0.9999999117000558	0.9999999904746847
16	1	n	exact	0.9999999872409505	0.0	0.9999999904746847	0.9999999904746847
16	1	n	chi2_tavg	0.9999999872409505	-1.2759048484412006e-8	0.9999999973750562	0.9999999904746847
16	1	n	chi4_tavg	0.9999999872409505	-1.3833235779081576e-8	0.9999999969566727	0.9999999904746847
16	1	n	chi8_tavg	0.9999999872409505	-1.5365089978125468e-8	0.9999999939112713	0.9999999904746847
16	1	Sz	chi2	-4.4519379540503e-8	2.220049608352163e-7	1.000000031759129	1.000000017404144
16	1	Sz	chi4	-4.4519379540503e-8	1.9332627474236141e-7	0.9999999360794858	1.000000017404144
16	1	Sz	chi8	-4.4519379540503e-8	7.596559089412258e-8	0.999999994154129	1.000000017404144
16	1	Sz	exact	-4.4519379540503e-8	0.0	1.000000017404144	1.000000017404144
16	1	Sz	chi2_tavg	-4.4519379540503e-8	-3.961107240387504e-8	1.0000000005852132	1.000000017404144
16	1	Sz	chi4_tavg	-4.4519379540503e-8	-4.107738832808313e-8	0.9999999993919734	1.000000017404144
16	1	Sz	chi8_tavg	-4.4519379540503e-8	-3.858958846335766e-8	0.9999999982362674	1.000000017404144
16	1	DoubleOcc	chi2	0.10000853978923066	0.10000853978923066	2.288579409619387	27.693616622935878
16	1	DoubleOcc	chi4	0.10000853978923066	0.03472843640714046	12.394359140307458	27.693616622935878
16	1	DoubleOcc	chi8	0.10000853978923066	0.03689874675993407	11.519450017478603	27.693616622935878
16	1	DoubleOcc	exact	0.10000853978923066	0.0	27.693616622935878	27.693616622935878
16	1	DoubleOcc	chi2_tavg	0.10000853978923066	0.10000853978923066	2.288579397730082	27.693616622935878
16	1	DoubleOcc	chi4_tavg	0.10000853978923066	0.0468649928736673	8.333475002637513	27.693616622935878
16	1	DoubleOcc	chi8_tavg	0.10000853978923066	0.009781005647881175	25.988567384036372	27.693616622935878
16	1	ZZ onsite	chi2	-0.5999658153249786	0.4000341846750214	2.2241176459084953	48.00058425150426
16	1	ZZ onsite	chi4	-0.5999658153249786	0.13891396577912407	13.95654566575639	48.00058425150426
16	1	ZZ onsite	chi8	-0.5999658153249786	0.14759505518608618	12.772830459927262	48.00058425150426
16	1	ZZ onsite	exact	-0.5999658153249786	0.0	48.00058425150426	48.00058425150426
16	1	ZZ onsite	chi2_tavg	-0.5999658153249786	0.4000341846750204	2.224117645908506	48.00058425150426
16	1	ZZ onsite	chi4_tavg	-0.5999658153249786	0.1874599991611383	8.770627132548949	48.00058425150426
16	1	ZZ onsite	chi8_tavg	-0.5999658153249786	0.0391240533217011	40.66858952939371	48.00058425150426
16	1	ZZ up-up r=1	chi2	-0.5185550371021977	0.4814449628974048	1.1572921531775051	35.207006063799895
16	1	ZZ up-up r=1	chi4	-0.5185550371021977	0.3385396616536469	2.2654557658144947	35.207006063799895
16	1	ZZ up-up r=1	chi8	-0.5185550371021977	0.18062658542371524	6.858259131786814	35.207006063799895
16	1	ZZ up-up r=1	exact	-0.5185550371021977	0.0	35.207006063799895	35.207006063799895
16	1	ZZ up-up r=1	chi2_tavg	-0.5185550371021977	0.2183980706311568	4.9966047179391975	35.207006063799895
16	1	ZZ up-up r=1	chi4_tavg	-0.5185550371021977	0.008540314850866926	34.904138335271995	35.207006063799895
16	1	ZZ up-up r=1	chi8_tavg	-0.5185550371021977	0.0003439310002723017	35.20731553281202	35.207006063799895
16	1	SzSz r=1	chi2	-0.10792602832344478	0.14207397167645586	0.5815233863860509	25.006740543324902
16	1	SzSz r=1	chi4	-0.10792602832344478	0.07370761900352918	2.016486618594571	25.006740543324902
16	1	SzSz r=1	chi8	-0.10792602832344478	0.039451502125449234	5.805847223732584	25.006740543324902
16	1	SzSz r=1	exact	-0.10792602832344478	0.0	25.006740543324902	25.006740543324902
16	1	SzSz r=1	chi2_tavg	-0.10792602832344478	0.07631224860989386	1.860699100849641	25.006740543324902
16	1	SzSz r=1	chi4_tavg	-0.10792602832344478	0.009983558550673483	18.219942184838914	25.006740543324902
16	1	SzSz r=1	chi8_tavg	-0.10792602832344478	0.0013047838674723755	24.45236696626423	25.006740543324902
16	1	hop up r=1	chi2	0.48796467303551444	0.48796467303551444	1.0	26.550748507245913
16	1	hop up r=1	chi4	0.48796467303551444	-0.15759028630819544	7.786848063421168	26.550748507245913
16	1	hop up r=1	chi8	0.48796467303551444	-0.07824957479844558	17.175176999414848	26.550748507245913
16	1	hop up r=1	exact	0.48796467303551444	0.0	26.550748507245913	26.550748507245913
16	1	hop up r=1	chi2_tavg	0.48796467303551444	0.48796467303551444	1.0	26.550748507245913
16	1	hop up r=1	chi4_tavg	0.48796467303551444	0.2162396910313058	4.306665401949335	26.550748507245913
16	1	hop up r=1	chi8_tavg	0.48796467303551444	0.03360543562424467	22.89859620725049	26.550748507245913
16	2	n	chi2	0.999999937976124	-6.202387559106626e-8	0.9999989230786485	0.9999997184737729
16	2	n	chi4	0.999999937976124	3.5292354594318454e-8	0.9999998697395769	0.9999997184737729
16	2	n	chi8	0.999999937976124	-7.05036780068724e-8	0.9999998869444564	0.9999997184737729
16	2	n	exact	0.999999937976124	0.0	0.9999997184737729	0.9999997184737729
16	2	n	chi2_tavg	0.999999937976124	-6.202387503595475e-8	1.0000000198321006	0.9999997184737729
16	2	n	chi4_tavg	0.999999937976124	-6.309806233062432e-8	1.0000000144925116	0.9999997184737729
16	2	n	chi8_tavg	0.999999937976124	-6.462991652966821e-8	1.000000025378874	0.9999997184737729
16	2	Sz	chi2	6.131426665001438e-8	-2.0521006932616714e-7	1.0000005105492198	1.000000070626515
16	2	Sz	chi4	6.131426665001438e-8	4.2194625876623704e-8	0.9999999631516268	1.000000070626515
16	2	Sz	chi8	6.131426665001438e-8	3.2190779323398866e-8	1.0000000621920444	1.000000070626515
16	2	Sz	exact	6.131426665001438e-8	0.0	1.000000070626515	1.000000070626515
16	2	Sz	chi2_tavg	6.131426665001438e-8	6.622257378664234e-8	0.9999999905974775	1.000000070626515
16	2	Sz	chi4_tavg	6.131426665001438e-8	6.475625786243425e-8	0.9999999942174168	1.000000070626515
16	2	Sz	chi8_tavg	6.131426665001438e-8	6.724405772715973e-8	0.9999999906082536	1.000000070626515
16	2	DoubleOcc	chi2	0.10000881077002452	0.10000881077002452	2.391062588402448	31.349596115075787
16	2	DoubleOcc	chi4	0.10000881077002452	0.03472880470416584	13.794739212437412	31.349596115075787
16	2	DoubleOcc	chi8	0.10000881077002452	-0.00044021808490354863	31.2278428115812	31.349596115075787
16	2	DoubleOcc	exact	0.10000881077002452	0.0	31.349596115075787	31.349596115075787
16	2	DoubleOcc	chi2_tavg	0.10000881077002452	0.10000881077002452	2.39106270002392	31.349596115075787
16	2	DoubleOcc	chi4_tavg	0.10000881077002452	0.04686526385446116	9.078497950136487	31.349596115075787
16	2	DoubleOcc	chi8_tavg	0.10000881077002452	0.009781276628675034	30.065402591188402	31.349596115075787
16	2	ZZ onsite	chi2	-0.5999646328721495	0.40003536712784993	2.559943867104835	55.46762935116002
16	2	ZZ onsite	chi4	-0.5999646328721495	0.1389151482319535	18.42892478037662	55.46762935116002
16	2	ZZ onsite	chi8	-0.5999646328721495	-0.0017607313322580698	54.92881046873415	55.46762935116002
16	2	ZZ onsite	exact	-0.5999646328721495	0.0	55.46762935116002	55.46762935116002
16	2	ZZ onsite	chi2_tavg	-0.5999646328721495	0.4000353671278495	2.5599438671048405	55.46762935116002
16	2	ZZ onsite	chi4_tavg	-0.5999646328721495	0.1874611816139674	11.07463206368751	55.46762935116002
16	2	ZZ onsite	chi8_tavg	-0.5999646328721495	0.0391252357745302	54.92405315717825	55.46762935116002
16	2	ZZ up-up r=1	chi2	-0.5185614061923609	-0.179573819223243	7.228855188607379	43.3733768775168
16	2	ZZ up-up r=1	chi4	-0.5185614061923609	-0.23050771456131014	4.6718560307641	43.3733768775168
16	2	ZZ up-up r=1	chi8	-0.5185614061923609	-0.040876066279128376	35.05751811111693	43.3733768775168
16	2	ZZ up-up r=1	exact	-0.5185614061923609	0.0	43.3733768775168	43.3733768775168
16	2	ZZ up-up r=1	chi2_tavg	-0.5185614061923609	0.21839170154099363	4.967969653744103	43.3733768775168
16	2	ZZ up-up r=1	chi4_tavg	-0.5185614061923609	0.008533945760703765	42.62804549088341	43.3733768775168
16	2	ZZ up-up r=1	chi8_tavg	-0.5185614061923609	0.00033756191010914094	43.36245272728494	43.3733768775168
16	2	SzSz r=1	chi2	-0.10792711777651728	-0.023180221034237808	10.338568918534577	23.373920772178458
16	2	SzSz r=1	chi4	-0.10792711777651728	-0.033249271303123495	6.874184650263666	23.373920772178458
16	2	SzSz r=1	chi8	-0.10792711777651728	-0.009106125314103472	20.771525351674985	23.373920772178458
16	2	SzSz r=1	exact	-0.10792711777651728	0.0	23.373920772178458	23.373920772178458
16	2	SzSz r=1	chi2_tavg	-0.10792711777651728	0.07631115915682135	1.8809813499509118	23.373920772178458
16	2	SzSz r=1	chi4_tavg	-0.10792711777651728	0.009982469097600977	19.17649997487206	23.373920772178458
16	2	SzSz r=1	chi8_tavg	-0.10792711777651728	0.0013036944143998697	23.6682928574051	23.373920772178458
16	2	hop up r=1	chi2	0.4879741493082548	0.4879741493082548	1.0	29.523522212583142
16	2	hop up r=1	chi4	0.4879741493082548	0.4879741493082548	1.0	29.523522212583142
16	2	hop up r=1	chi8	0.4879741493082548	0.024165543427454583	28.146187976417355	29.523522212583142
16	2	hop up r=1	exact	0.4879741493082548	0.0	29.523522212583142	29.523522212583142
16	2	hop up r=1	chi2_tavg	0.4879741493082548	0.4879741493082548	1.0	29.523522212583142
16	2	hop up r=1	chi4_tavg	0.4879741493082548	0.21624916730404614	4.548031104999895	29.523522212583142
16	2	hop up r=1	chi8_tavg	0.4879741493082548	0.03361491189698501	26.67672529081159	29.523522212583142
16	3	n	chi2	0.9999999525481831	-4.745181569898449e-8	1.0000002071627556	1.0000000268629363
16	3	n	chi4	0.9999999525481831	-3.7352314463667824e-8	0.9999999912634108	1.0000000268629363
16	3	n	chi8	0.9999999525481831	-6.094387261512679e-8	0.9999999896984236	1.0000000268629363
16	3	n	exact	0.9999999525481831	0.0	1.0000000268629363	1.0000000268629363
16	3	n	chi2_tavg	0.9999999525481831	-4.7451815921029095e-8	1.0000000013975685	1.0000000268629363
16	3	n	chi4_tavg	0.9999999525481831	-4.8526003215698665e-8	1.000000000734566	1.0000000268629363
16	3	n	chi8_tavg	0.9999999525481831	-5.005785741474256e-8	1.000000001092838	1.0000000268629363
16	3	Sz	chi2	-5.626095673713638e-8	6.719275376963132e-7	1.0000028478416594	1.000000121657791
16	3	Sz	chi4	-5.626095673713638e-8	-9.504835293480673e-8	0.9999998273637862	1.000000121657791
16	3	Sz	chi8	-5.626095673713638e-8	-8.161032130291068e-8	0.9999999288305302	1.000000121657791
16	3	Sz	exact	-5.626095673713638e-8	0.0	1.000000121657791	1.000000121657791
16	3	Sz	chi2_tavg	-5.626095673713638e-8	-5.135264960050842e-8	1.0000000191963758	1.000000121657791
16	3	Sz	chi4_tavg	-5.626095673713638e-8	-5.2818965524716506e-8	1.000000015688638	1.000000121657791
16	3	Sz	chi8_tavg	-5.626095673713638e-8	-5.033116565999104e-8	1.0000000285942807	1.000000121657791
16	3	DoubleOcc	chi2	0.10001165677680118	0.10001165677680118	2.2608006092225015	28.831343084693923
16	3	DoubleOcc	chi4	0.10001165677680118	0.04315767750206537	9.30928735044473	28.831343084693923
16	3	DoubleOcc	chi8	0.10001165677680118	0.00085454153329384	28.897846799466006	28.831343084693923
16	3	DoubleOcc	exact	0.10001165677680118	0.0	28.831343084693923	28.831343084693923
16	3	DoubleOcc	chi2_tavg	0.10001165677680118	0.10001165677680118	2.2608003385237807	28.831343084693923
16	3	DoubleOcc	chi4_tavg	0.10001165677680118	0.04686810986123782	8.265486495855761	28.831343084693923
16	3	DoubleOcc	chi8_tavg	0.10001165677680118	0.009784122635451697	26.70637360419171	28.831343084693923
16	3	ZZ onsite	chi2	-0.599953277989164	0.4000467220108348	2.2451795123059632	51.52663402018234
16	3	ZZ onsite	chi4	-0.599953277989164	0.17263078471288618	10.281496926701456	51.52663402018234
16	3	ZZ onsite	chi8	-0.599953277989164	0.0034182880209175925	51.57901829335538	51.52663402018234
16	3	ZZ onsite	exact	-0.599953277989164	0.0	51.52663402018234	51.52663402018234
16	3	ZZ onsite	chi2_tavg	-0.599953277989164	0.400046722010835	2.245179512305961	51.52663402018234
16	3	ZZ onsite	chi4_tavg	-0.599953277989164	0.18747253649695295	8.971331901768005	51.52663402018234
16	3	ZZ onsite	chi8_tavg	-0.599953277989164	0.039136590657515735	43.563294854902985	51.52663402018234
16	3	ZZ up-up r=1	chi2	-0.518587578320931	0.48141242167849174	1.1945196497124861	31.171754789283007
16	3	ZZ up-up r=1	chi4	-0.518587578320931	0.18357712097842094	6.868363205520603	31.171754789283007
16	3	ZZ up-up r=1	chi8	-0.518587578320931	-0.005192214324226785	30.923194974798506	31.171754789283007
16	3	ZZ up-up r=1	exact	-0.518587578320931	0.0	31.171754789283007	31.171754789283007
16	3	ZZ up-up r=1	chi2_tavg	-0.518587578320931	0.2183655294124235	5.154928766571781	31.171754789283007
16	3	ZZ up-up r=1	chi4_tavg	-0.518587578320931	0.00850777363213362	31.18152754630413	31.171754789283007
16	3	ZZ up-up r=1	chi8_tavg	-0.518587578320931	0.00031138978153899544	31.180891153993066	31.171754789283007
16	3	SzSz r=1	chi2	-0.10793275646576958	0.14206724353408612	0.5893554216508047	21.524983769297283
16	3	SzSz r=1	chi4	-0.10793275646576958	0.039181426196824465	5.532293197735107	21.524983769297283
16	3	SzSz r=1	chi8	-0.10793275646576958	-0.0023222244458826896	20.838703210929886	21.524983769297283
16	3	SzSz r=1	exact	-0.10793275646576958	0.0	21.524983769297283	21.524983769297283
16	3	SzSz r=1	chi2_tavg	-0.10793275646576958	0.07630552046756905	1.8803572280802887	21.524983769297283
16	3	SzSz r=1	chi4_tavg	-0.10793275646576958	0.00997683040834868	16.725704211065715	21.524983769297283
16	3	SzSz r=1	chi8_tavg	-0.10793275646576958	0.0012980557251475733	21.1733747903191	21.524983769297283
16	3	hop up r=1	chi2	0.48799247199474227	0.48799247199474227	1.0	29.9388961030241
16	3	hop up r=1	chi4	0.48799247199474227	-0.05701111294877603	24.384929376132927	29.9388961030241
16	3	hop up r=1	chi8	0.48799247199474227	0.00798436720810125	29.11287931168129	29.9388961030241
16	3	hop up r=1	exact	0.48799247199474227	0.0	29.9388961030241	29.9388961030241
16	3	hop up r=1	chi2_tavg	0.48799247199474227	0.48799247199474227	1.0	29.9388961030241
16	3	hop up r=1	chi4_tavg	0.48799247199474227	0.21626748999053363	4.276953602126402	29.9388961030241
16	3	hop up r=1	chi8_tavg	0.48799247199474227	0.033633234583472504	24.54597996566011	29.9388961030241
16	4	n	chi2	0.9999999729723644	-2.7027634574849912e-8	0.9999998799516496	0.9999999632235748
16	4	n	chi4	0.9999999729723644	-3.71271412502594e-8	0.9999999812631504	0.9999999632235748
16	4	n	chi8	0.9999999729723644	-5.966894234266107e-8	1.0000000036270946	0.9999999632235748
16	4	n	exact	0.9999999729723644	0.0	0.9999999632235748	0.9999999632235748
16	4	n	chi2_tavg	0.9999999729723644	-2.7027634574849912e-8	1.000000000807927	0.9999999632235748
16	4	n	chi4_tavg	0.9999999729723644	-2.8101821869519483e-8	1.0000000011082075	0.9999999632235748
16	4	n	chi8_tavg	0.9999999729723644	-2.9633676068563375e-8	1.0000000022901163	0.9999999632235748
16	4	Sz	chi2	1.4058661479063317e-7	-5.87601881017058e-7	0.9999990671118876	0.9999998149543975
16	4	Sz	chi4	1.4058661479063317e-7	-4.135760716533765e-9	0.9999998164635815	0.9999998149543975
16	4	Sz	chi8	1.4058661479063317e-7	6.264528910546185e-8	0.9999999061434955	0.9999998149543975
16	4	Sz	exact	1.4058661479063317e-7	0.0	0.9999998149543975	0.9999998149543975
16	4	Sz	chi2_tavg	1.4058661479063317e-7	1.4549492192726113e-7	1.0000000062873529	0.9999998149543975
16	4	Sz	chi4_tavg	1.4058661479063317e-7	1.4402860600305305e-7	1.0000000046060085	0.9999998149543975
16	4	Sz	chi8_tavg	1.4058661479063317e-7	1.465164058677785e-7	1.0000000080736438	0.9999998149543975
16	4	DoubleOcc	chi2	0.10001310007479017	0.10001310007479017	2.0678371218336093	26.885374131977265
16	4	DoubleOcc	chi4	0.10001310007479017	0.04315911070055023	8.1288595198193	26.885374131977265
16	4	DoubleOcc	chi8	0.10001310007479017	0.0005219622244051758	26.835468957419234	26.885374131977265
16	4	DoubleOcc	exact	0.10001310007479017	0.0	26.885374131977265	26.885374131977265
16	4	DoubleOcc	chi2_tavg	0.10001310007479017	0.10001310007479017	2.0678368993103966	26.885374131977265
16	4	DoubleOcc	chi4_tavg	0.10001310007479017	0.04686955315922681	7.248102959857266	26.885374131977265
16	4	DoubleOcc	chi8_tavg	0.10001310007479017	0.009785565933440682	23.56396743434274	26.885374131977265
16	4	ZZ onsite	chi2	-0.5999475456455705	0.4000524543544286	2.212806982604447	52.5425839258053
16	4	ZZ onsite	chi4	-0.5999475456455705	0.17263651705647953	10.084736700069156	52.5425839258053
16	4	ZZ onsite	chi8	-0.5999475456455705	0.002087968235502169	52.53835490141262	52.5425839258053
16	4	ZZ onsite	exact	-0.5999475456455705	0.0	52.5425839258053	52.5425839258053
16	4	ZZ onsite	chi2_tavg	-0.5999475456455705	0.4000524543544285	2.21280698260445	52.5425839258053
16	4	ZZ onsite	chi4_tavg	-0.5999475456455705	0.1874782688405464	8.802126913797792	52.5425839258053
16	4	ZZ onsite	chi8_tavg	-0.5999475456455705	0.0391423230011092	43.474776974532396	52.5425839258053
16	4	ZZ up-up r=1	chi2	-0.5185630941693016	-0.13636928495331174	10.779505676906286	41.92560966341034
16	4	ZZ up-up r=1	chi4	-0.5185630941693016	-0.17486135588472068	7.327496303029082	41.92560966341034
16	4	ZZ up-up r=1	chi8	-0.5185630941693016	-0.007660303511714428	41.37242988629822	41.92560966341034
16	4	ZZ up-up r=1	exact	-0.5185630941693016	0.0	41.92560966341034	41.92560966341034
16	4	ZZ up-up r=1	chi2_tavg	-0.5185630941693016	0.21839001356405296	5.191327113736913	41.92560966341034
16	4	ZZ up-up r=1	chi4_tavg	-0.5185630941693016	0.008532257783763098	41.67649751358094	41.92560966341034
16	4	ZZ up-up r=1	chi8_tavg	-0.5185630941693016	0.00033587393316847347	41.933181005696376	41.92560966341034
16	4	SzSz r=1	chi2	-0.10792745400972216	-0.012379001705724701	15.015620118579431	26.30774063884839
16	4	SzSz r=1	chi4	-0.10792745400972216	-0.020081875098545837	10.22888240793894	26.30774063884839
16	4	SzSz r=1	chi8	-0.10792745400972216	-0.001564026947085559	25.807679182141175	26.30774063884839
16	4	SzSz r=1	exact	-0.10792745400972216	0.0	26.30774063884839	26.30774063884839
16	4	SzSz r=1	chi2_tavg	-0.10792745400972216	0.07631082292361648	2.081747287442361	26.30774063884839
16	4	SzSz r=1	chi4_tavg	-0.10792745400972216	0.009982132864396101	20.984481449360583	26.30774063884839
16	4	SzSz r=1	chi8_tavg	-0.10792745400972216	0.001303358181194994	26.053096489144835	26.30774063884839
16	4	hop up r=1	chi2	0.487979113571848	0.487979113571848	1.0	31.15444202981304
16	4	hop up r=1	chi4	0.487979113571848	0.487979113571848	1.0	31.15444202981304
16	4	hop up r=1	chi8	0.487979113571848	0.01266683953833836	31.151591763936032	31.15444202981304
16	4	hop up r=1	exact	0.487979113571848	0.0	31.15444202981304	31.15444202981304
16	4	hop up r=1	chi2_tavg	0.487979113571848	0.487979113571848	1.0	31.15444202981304
16	4	hop up r=1	chi4_tavg	0.487979113571848	0.21625413156763934	4.632827179812131	31.15444202981304
16	4	hop up r=1	chi8_tavg	0.487979113571848	0.03361987616057821	28.53454339806884	31.15444202981304
16	5	n	chi2	0.9999999667977099	-3.3202289806411045e-8	1.0000002417938265	1.0000000314725919
16	5	n	chi4	0.9999999667977099	6.530161411610891e-9	1.0000001527691704	1.0000000314725919
16	5	n	chi8	0.9999999667977099	1.421154838254779e-8	1.000000142455376	1.0000000314725919
16	5	n	exact	0.9999999667977099	0.0	1.0000000314725919	1.0000000314725919
16	5	n	chi2_tavg	0.9999999667977099	-3.320228914027723e-8	1.0000000038623458	1.0000000314725919
16	5	n	chi4_tavg	0.9999999667977099	-3.42764764349468e-8	1.0000000017644528	1.0000000314725919
16	5	n	chi8_tavg	0.9999999667977099	-3.580833063399069e-8	1.0000000023758207	1.0000000314725919
16	5	Sz	chi2	-2.9136000764817815e-9	3.0440452159439107e-7	1.0000006262866508	0.999999984540518
16	5	Sz	chi4	-2.9136000764817815e-9	1.468620068126314e-7	1.000000279629563	0.999999984540518
16	5	Sz	chi8	-2.9136000764817815e-9	1.2517339289391805e-7	1.0000002304796232	0.999999984540518
16	5	Sz	exact	-2.9136000764817815e-9	0.0	0.999999984540518	0.999999984540518
16	5	Sz	chi2_tavg	-2.9136000764817815e-9	1.9947070601461766e-9	1.0000000100030757	0.999999984540518
16	5	Sz	chi4_tavg	-2.9136000764817815e-9	5.283911359380926e-10	1.0000000077070015	0.999999984540518
16	5	Sz	chi8_tavg	-2.9136000764817815e-9	3.0161910006635626e-9	1.0000000137643137	0.999999984540518
16	5	DoubleOcc	chi2	0.10001197488590485	0.10001197488590485	2.153071296906262	30.235731254720356
16	5	DoubleOcc	chi4	0.10001197488590485	0.046897016217260334	7.803734850297998	30.235731254720356
16	5	DoubleOcc	chi8	0.10001197488590485	0.0063769542645944755	28.67002057814165	30.235731254720356
16	5	DoubleOcc	exact	0.10001197488590485	0.0	30.235731254720356	30.235731254720356
16	5	DoubleOcc	chi2_tavg	0.10001197488590485	0.10001197488590485	2.153071344160593	30.235731254720356
16	5	DoubleOcc	chi4_tavg	0.10001197488590485	0.04686842797034149	7.810779124354899	30.235731254720356
16	5	DoubleOcc	chi8_tavg	0.10001197488590485	0.009784440744555367	26.824223689559552	30.235731254720356
16	5	ZZ onsite	chi2	-0.5999520340518043	0.40004796594819536	2.1392471557799864	51.43527753754606
16	5	ZZ onsite	chi4	-0.5999520340518043	0.18758805180871252	8.350800533042129	51.43527753754606
16	5	ZZ onsite	chi8	-0.5999520340518043	0.025507788635275475	46.09495822466333	51.43527753754606
16	5	ZZ onsite	exact	-0.5999520340518043	0.0	51.43527753754606	51.43527753754606
16	5	ZZ onsite	chi2_tavg	-0.5999520340518043	0.4000479659481947	2.139247155779992	51.43527753754606
16	5	ZZ onsite	chi4_tavg	-0.5999520340518043	0.18747378043431262	8.359184781450477	51.43527753754606
16	5	ZZ onsite	chi8_tavg	-0.5999520340518043	0.03913783459487541	41.038755817325224	51.43527753754606
16	5	ZZ up-up r=1	chi2	-0.5185686845051283	0.48143131549467133	1.1378775214519268	34.25326646261176
16	5	ZZ up-up r=1	chi4	-0.5185686845051283	0.1261180947281535	11.261990980707305	34.25326646261176
16	5	ZZ up-up r=1	chi8	-0.5185686845051283	-0.029353168696531484	31.328276997724444	34.25326646261176
16	5	ZZ up-up r=1	exact	-0.5185686845051283	0.0	34.25326646261176	34.25326646261176
16	5	ZZ up-up r=1	chi2_tavg	-0.5185686845051283	0.21838442322822627	4.86195577329902	34.25326646261176
16	5	ZZ up-up r=1	chi4_tavg	-0.5185686845051283	0.008526667447936398	33.80984623600505	34.25326646261176
16	5	ZZ up-up r=1	chi8_tavg	-0.5185686845051283	0.0003302835973417739	34.247417807806976	34.25326646261176
16	5	SzSz r=1	chi2	-0.10792857413881571	0.1420714258611342	0.6286324188801159	27.3898484267096
16	5	SzSz r=1	chi4	-0.10792857413881571	0.026685631402069088	10.592994065585183	27.3898484267096
16	5	SzSz r=1	chi8	-0.10792857413881571	-0.008239298614971233	22.617970648838245	27.3898484267096
16	5	SzSz r=1	exact	-0.10792857413881571	0.0	27.3898484267096	27.3898484267096
16	5	SzSz r=1	chi2_tavg	-0.10792857413881571	0.07630970279452293	2.060039077611046	27.3898484267096
16	5	SzSz r=1	chi4_tavg	-0.10792857413881571	0.009981012735302552	20.295587198497863	27.3898484267096
16	5	SzSz r=1	chi8_tavg	-0.10792857413881571	0.0013022380521014454	26.846780489408154	27.3898484267096
16	5	hop up r=1	chi2	0.4879803030986401	0.4879803030986401	1.0	31.590863023278324
16	5	hop up r=1	chi4	0.4879803030986401	-0.020614823443076358	30.56865464511765	31.590863023278324
16	5	hop up r=1	chi8	0.4879803030986401	0.04372520555109738	24.588037533378053	31.590863023278324
16	5	hop up r=1	exact	0.4879803030986401	0.0	31.590863023278324	31.590863023278324
16	5	hop up r=1	chi2_tavg	0.4879803030986401	0.4879803030986401	1.0	31.590863023278324
16	5	hop up r=1	chi4_tavg	0.4879803030986401	0.21625532109443146	4.432912429283711	31.590863023278324
16	5	hop up r=1	chi8_tavg	0.4879803030986401	0.03362106568737033	26.86214501100665	31.590863023278324
16	6	n	chi2	0.9999999768149972	-2.3185002584469316e-8	0.9999997592701624	0.9999999629714572
16	6	n	chi4	0.9999999768149972	-6.291745835440565e-8	0.9999998739188188	0.9999999629714572
16	6	n	chi8	0.9999999768149972	4.548101895096579e-10	0.999999980073055	0.9999999629714572
16	6	n	exact	0.9999999768149972	0.0	0.9999999629714572	0.9999999629714572
16	6	n	chi2_tavg	0.9999999768149972	-2.31850018073132e-8	1.0000000038443617	0.9999999629714572
16	6	n	chi4_tavg	0.9999999768149972	-2.425918910198277e-8	1.0000000019321476	0.9999999629714572
16	6	n	chi8_tavg	0.9999999768149972	-2.579104330102666e-8	1.000000002791532	0.9999999629714572
16	6	Sz	chi2	6.832119944788495e-8	-2.3899691042883475e-7	0.9999988608495719	0.9999997378878948
16	6	Sz	chi4	6.832119944788495e-8	-5.657945850723323e-8	0.9999995522239904	0.9999997378878948
16	6	Sz	chi8	6.832119944788495e-8	2.1420747592371114e-8	0.999999817114348	0.9999997378878948
16	6	Sz	exact	6.832119944788495e-8	0.0	0.9999997378878948	0.9999997378878948
16	6	Sz	chi2_tavg	6.832119944788495e-8	7.322950658451291e-8	1.000000018193517	0.9999997378878948
16	6	Sz	chi4_tavg	6.832119944788495e-8	7.176319066030482e-8	1.0000000131691396	0.9999997378878948
16	6	Sz	chi8_tavg	6.832119944788495e-8	7.42509905250303e-8	1.0000000229764139	0.9999997378878948
16	6	DoubleOcc	chi2	0.10001100829415518	0.10001100829415518	2.166830855847703	32.33124878609027
16	6	DoubleOcc	chi4	0.10001100829415518	0.04689600989305712	7.964309414400028	32.33124878609027
16	6	DoubleOcc	chi8	0.10001100829415518	0.003797113796078694	31.70144095501524	32.33124878609027
16	6	DoubleOcc	exact	0.10001100829415518	0.0	32.33124878609027	32.33124878609027
16	6	DoubleOcc	chi2_tavg	0.10001100829415518	0.10001100829415518	2.166831064420654	32.33124878609027
16	6	DoubleOcc	chi4_tavg	0.10001100829415518	0.046867461378591824	7.971629463819091	32.33124878609027
16	6	DoubleOcc	chi8_tavg	0.10001100829415518	0.009783474152805699	28.54266683377948	32.33124878609027
16	6	ZZ onsite	chi2	-0.5999559204533788	0.400044079546621	2.1078753699317505	54.369185865896476
16	6	ZZ onsite	chi4	-0.5999559204533788	0.18758416540713807	8.224581869459152	54.369185865896476
16	6	ZZ onsite	chi8	-0.5999559204533788	0.015188454274687513	51.33635906496066	54.369185865896476
16	6	ZZ onsite	exact	-0.5999559204533788	0.0	54.369185865896476	54.369185865896476
16	6	ZZ onsite	chi2_tavg	-0.5999559204533788	0.40004407954662025	2.107875369931759	54.369185865896476
16	6	ZZ onsite	chi4_tavg	-0.5999559204533788	0.18746989403273817	8.232865259458263	54.369185865896476
16	6	ZZ onsite	chi8_tavg	-0.5999559204533788	0.03913394819330096	42.027668683667216	54.369185865896476
16	6	ZZ up-up r=1	chi2	-0.5185542419891098	-0.1081944621863557	13.33033604481555	32.698506225721076
16	6	ZZ up-up r=1	chi4	-0.5185542419891098	-0.13962490373562708	9.659460389287041	32.698506225721076
16	6	ZZ up-up r=1	chi8	-0.5185542419891098	0.0025123049655779717	32.744620346677706	32.698506225721076
16	6	ZZ up-up r=1	exact	-0.5185542419891098	0.0	32.698506225721076	32.698506225721076
16	6	ZZ up-up r=1	chi2_tavg	-0.5185542419891098	0.21839886574424472	5.142767341472918	32.698506225721076
16	6	ZZ up-up r=1	chi4_tavg	-0.5185542419891098	0.008541109963954852	32.65939202529949	32.698506225721076
16	6	ZZ up-up r=1	chi8_tavg	-0.5185542419891098	0.0003447261133602275	32.7076674930753	32.698506225721076
16	6	SzSz r=1	chi2	-0.10792557402959074	-0.005335629078902213	17.966906356341077	23.10064339821844
16	6	SzSz r=1	chi4	-0.10792557402959074	-0.011429909499643232	13.315613405653572	23.10064339821844
16	6	SzSz r=1	chi8	-0.10792557402959074	0.002090250003078553	22.853893237809896	23.10064339821844
16	6	SzSz r=1	exact	-0.10792557402959074	0.0	23.10064339821844	23.10064339821844
16	6	SzSz r=1	chi2_tavg	-0.10792557402959074	0.07631270290374789	1.8122874574274588	23.10064339821844
16	6	SzSz r=1	chi4_tavg	-0.10792557402959074	0.009984012844527518	17.945114654530677	23.10064339821844
16	6	SzSz r=1	chi8_tavg	-0.10792557402959074	0.0013052381613264108	22.750778512017355	23.10064339821844
16	6	hop up r=1	chi2	0.487969848160905	0.487969848160905	1.0	26.296418191818574
16	6	hop up r=1	chi4	0.487969848160905	0.487969848160905	1.0	26.296418191818574
16	6	hop up r=1	chi8	0.487969848160905	0.042807638168098794	22.76563786806379	26.296418191818574
16	6	hop up r=1	exact	0.487969848160905	0.0	26.296418191818574	26.296418191818574
16	6	hop up r=1	chi2_tavg	0.487969848160905	0.487969848160905	1.0	26.296418191818574
16	6	hop up r=1	chi4_tavg	0.487969848160905	0.21624486615669636	4.498383257149923	26.296418191818574
16	6	hop up r=1	chi8_tavg	0.487969848160905	0.03361061074963523	24.16306254686506	26.296418191818574
16	7	n	chi2	0.9999999885016315	-1.1498367591400438e-8	0.9999998614509841	0.9999999374142104
16	7	n	chi4	0.9999999885016315	-3.134171877583469e-8	1.000000044116169	0.9999999374142104
16	7	n	chi8	0.9999999885016315	-1.3530896403324277e-8	0.9999999902991578	0.9999999374142104
16	7	n	exact	0.9999999885016315	0.0	0.9999999374142104	0.9999999374142104
16	7	n	chi2_tavg	0.9999999885016315	-1.1498367480378135e-8	1.0000000026650577	0.9999999374142104
16	7	n	chi4_tavg	0.9999999885016315	-1.2572554775047706e-8	1.0000000034000753	0.9999999374142104
16	7	n	chi8_tavg	0.9999999885016315	-1.4104408974091598e-8	1.0000000069344293	0.9999999374142104
16	7	Sz	chi2	8.507580637195922e-8	-1.700598364600026e-7	0.9999995761565803	0.9999998562709964
16	7	Sz	chi4	8.507580637195922e-8	1.1423210900807224e-7	1.0000000525765185	0.9999998562709964
16	7	Sz	chi8	8.507580637195922e-8	6.187392694034788e-8	0.9999999618815482	0.9999998562709964
16	7	Sz	exact	8.507580637195922e-8	0.0	0.9999998562709964	0.9999998562709964
16	7	Sz	chi2_tavg	8.507580637195922e-8	8.998411350858718e-8	1.0000000081536082	0.9999998562709964
16	7	Sz	chi4_tavg	8.507580637195922e-8	8.851779758437909e-8	1.0000000059420426	0.9999998562709964
16	7	Sz	chi8_tavg	8.507580637195922e-8	9.100559744910457e-8	1.00000001039454	0.9999998562709964
16	7	DoubleOcc	chi2	0.10000985119771022	0.10000985119771022	2.14082160071795	29.74004963333346
16	7	DoubleOcc	chi4	0.10000985119771022	0.049748475265867204	7.068932340552325	29.74004963333346
16	7	DoubleOcc	chi8	0.10000985119771022	0.010548619141256654	25.86324262401647	29.74004963333346
16	7	DoubleOcc	exact	0.10000985119771022	0.0	29.74004963333346	29.74004963333346
16	7	DoubleOcc	chi2_tavg	0.10000985119771022	0.10000985119771022	2.140821351882239	29.74004963333346
16	7	DoubleOcc	chi4_tavg	0.10000985119771022	0.04686630428214686	7.7283748967939685	29.74004963333346
16	7	DoubleOcc	chi8_tavg	0.10000985119771022	0.009782317056360734	26.332690558230606	29.74004963333346
16	7	ZZ onsite	chi2	-0.5999605722124266	0.4000394277875725	2.1781858106990675	55.698384610524414
16	7	ZZ onsite	chi4	-0.5999605722124266	0.19899396374689926	7.825228192471901	55.698384610524414
16	7	ZZ onsite	chi8	-0.5999605722124266	0.042194503626811874	43.25564095887958	55.698384610524414
16	7	ZZ onsite	exact	-0.5999605722124266	0.0	55.698384610524414	55.698384610524414
16	7	ZZ onsite	chi2_tavg	-0.5999605722124266	0.4000394277875724	2.1781858106990697	55.698384610524414
16	7	ZZ onsite	chi4_tavg	-0.5999605722124266	0.18746524227369032	8.657453049386808	55.698384610524414
16	7	ZZ onsite	chi8_tavg	-0.5999605722124266	0.039129296434253114	44.61375849814125	55.698384610524414
16	7	ZZ up-up r=1	chi2	-0.5185442554704685	0.4814557445294241	1.1113177782927341	31.007079988948192
16	7	ZZ up-up r=1	chi4	-0.5185442554704685	0.08199891669964532	16.706213772808713	31.007079988948192
16	7	ZZ up-up r=1	chi8	-0.5185442554704685	-0.03190309223586635	28.703051613251205	31.007079988948192
16	7	ZZ up-up r=1	exact	-0.5185442554704685	0.0	31.007079988948192	31.007079988948192
16	7	ZZ up-up r=1	chi2_tavg	-0.5185442554704685	0.2184088522628861	4.649567390195378	31.007079988948192
16	7	ZZ up-up r=1	chi4_tavg	-0.5185442554704685	0.008551096482596221	30.463868274479225	31.007079988948192
16	7	ZZ up-up r=1	chi8_tavg	-0.5185442554704685	0.00035471263200159697	30.994403873193008	31.007079988948192
16	7	SzSz r=1	chi2	-0.10792369064112375	0.14207630935884938	0.5975818259473447	21.915091578539208
16	7	SzSz r=1	chi4	-0.10792369064112375	0.017081419396320074	14.237547253538844	21.915091578539208
16	7	SzSz r=1	chi8	-0.10792369064112375	-0.00844922041967669	18.850184269398355	21.915091578539208
16	7	SzSz r=1	exact	-0.10792369064112375	0.0	21.915091578539208	21.915091578539208
16	7	SzSz r=1	chi2_tavg	-0.10792369064112375	0.07631458629221488	1.9300970345784636	21.915091578539208
16	7	SzSz r=1	chi4_tavg	-0.10792369064112375	0.009985896232994507	17.499961593263805	21.915091578539208
16	7	SzSz r=1	chi8_tavg	-0.10792369064112375	0.0013071215497933997	21.426297749020407	21.915091578539208
16	7	hop up r=1	chi2	0.4879629347381408	0.4879629347381408	1.0	25.15833758681
16	7	hop up r=1	chi4	0.4879629347381408	0.006666524790626738	25.05030473127355	25.15833758681
16	7	hop up r=1	chi8	0.4879629347381408	0.05409945124488197	19.419644032100354	25.15833758681
16	7	hop up r=1	exact	0.4879629347381408	0.0	25.15833758681	25.15833758681
16	7	hop up r=1	chi2_tavg	0.4879629347381408	0.4879629347381408	1.0	25.15833758681
16	7	hop up r=1	chi4_tavg	0.4879629347381408	0.21623795273393215	4.382574313417829	25.15833758681
16	7	hop up r=1	chi8_tavg	0.4879629347381408	0.03360369732687102	22.591206285505343	25.15833758681
16	8	n	chi2	1.000000015401559	1.5401559805283682e-8	1.0000004595317595	1.0000001025146301
16	8	n	chi4	1.000000015401559	3.5244903218156765e-8	1.0000001015379334	1.0000001025146301
16	8	n	chi8	1.000000015401559	6.08641448351932e-9	0.9999999438367515	1.0000001025146301
16	8	n	exact	1.000000015401559	0.0	1.0000001025146301	1.0000001025146301
16	8	n	chi2_tavg	1.000000015401559	1.5401559916305985e-8	1.0000000088409897	1.0000001025146301
16	8	n	chi4_tavg	1.000000015401559	1.4327372621636414e-8	1.000000004767192	1.0000001025146301
16	8	n	chi8_tavg	1.000000015401559	1.2795518422592522e-8	1.0000000072052664	1.0000001025146301
16	8	Sz	chi2	-6.831853215094608e-8	1.8681710740875435e-7	0.9999999366931882	0.9999999662909672
16	8	Sz	chi4	-6.831853215094608e-8	-2.6639368329306468e-8	1.0000000112541947	0.9999999662909672
16	8	Sz	chi8	-6.831853215094608e-8	-9.260164164637263e-8	0.9999999958867953	0.9999999662909672
16	8	Sz	exact	-6.831853215094608e-8	0.0	0.9999999662909672	0.9999999662909672
16	8	Sz	chi2_tavg	-6.831853215094608e-8	-6.341022501431812e-8	0.9999999987824019	0.9999999662909672
16	8	Sz	chi4_tavg	-6.831853215094608e-8	-6.487654093852621e-8	0.9999999979772035	0.9999999662909672
16	8	Sz	chi8_tavg	-6.831853215094608e-8	-6.238874107380073e-8	0.9999999956930639	0.9999999662909672
16	8	DoubleOcc	chi2	0.10000923783278731	0.10000923783278731	2.2218761835012693	36.3621976021767
16	8	DoubleOcc	chi4	0.10000923783278731	0.049747881744291816	7.657345799147374	36.3621976021767
16	8	DoubleOcc	chi8	0.10000923783278731	0.008421652023444665	33.283618680149836	36.3621976021767
16	8	DoubleOcc	exact	0.10000923783278731	0.0	36.3621976021767	36.3621976021767
16	8	DoubleOcc	chi2_tavg	0.10000923783278731	0.10000923783278731	2.221876136727673	36.3621976021767
16	8	DoubleOcc	chi4_tavg	0.10000923783278731	0.04686569091722395	8.415050235267742	36.3621976021767
16	8	DoubleOcc	chi8_tavg	0.10000923783278731	0.009781703691437826	32.231573655617034	36.3621976021767
16	8	ZZ onsite	chi2	-0.599963079471973	0.4000369205280262	2.2184862209391447	60.22330937676646
16	8	ZZ onsite	chi4	-0.599963079471973	0.19899145648735317	8.092283821690536	60.22330937676646
16	8	ZZ onsite	chi8	-0.599963079471973	0.03368659592094214	51.17037355187225	60.22330937676646
16	8	ZZ onsite	exact	-0.599963079471973	0.0	60.22330937676646	60.22330937676646
16	8	ZZ onsite	chi2_tavg	-0.599963079471973	0.400036920528026	2.218486220939147	60.22330937676646
16	8	ZZ onsite	chi4_tavg	-0.599963079471973	0.1874627350141439	8.969478111336642	60.22330937676646
16	8	ZZ onsite	chi8_tavg	-0.599963079471973	0.03912678917470669	48.55103865897263	60.22330937676646
16	8	ZZ up-up r=1	chi2	-0.5185414981468407	-0.08173093818704846	17.496791287248403	31.51052941255543
16	8	ZZ up-up r=1	chi4	-0.5185414981468407	-0.11004705956117933	12.976611416739349	31.51052941255543
16	8	ZZ up-up r=1	chi8	-0.5185414981468407	0.00030345036327084074	31.51617043687285	31.51052941255543
16	8	ZZ up-up r=1	exact	-0.5185414981468407	0.0	31.51052941255543	31.51052941255543
16	8	ZZ up-up r=1	chi2_tavg	-0.5185414981468407	0.21841160958651384	5.06658392480089	31.51052941255543
16	8	ZZ up-up r=1	chi4_tavg	-0.5185414981468407	0.008553853806223977	31.420115813177635	31.51052941255543
16	8	ZZ up-up r=1	chi8_tavg	-0.5185414981468407	0.0003574699556293526	31.517106510813235	31.51052941255543
16	8	SzSz r=1	chi2	-0.10792317545000944	0.0012794645399386156	16.614045596863342	21.84925644158938
16	8	SzSz r=1	chi4	-0.10792317545000944	-0.004118502836324298	13.705377352161328	21.84925644158938
16	8	SzSz r=1	chi8	-0.10792317545000944	0.00010408465365081832	21.846902351888254	21.84925644158938
16	8	SzSz r=1	exact	-0.10792317545000944	0.0	21.84925644158938	21.84925644158938
16	8	SzSz r=1	chi2_tavg	-0.10792317545000944	0.07631510148332919	1.9570914163088136	21.84925644158938
16	8	SzSz r=1	chi4_tavg	-0.10792317545000944	0.009986411424108818	17.705433827355577	21.84925644158938
16	8	SzSz r=1	chi8_tavg	-0.10792317545000944	0.001307636740907711	21.801662507611557	21.84925644158938
16	8	hop up r=1	chi2	0.487959751249187	0.487959751249187	1.0	25.405344103114363
16	8	hop up r=1	chi4	0.487959751249187	0.487959751249187	1.0	25.405344103114363
16	8	hop up r=1	chi8	0.487959751249187	0.048383542325236895	21.237748793267887	25.405344103114363
16	8	hop up r=1	exact	0.487959751249187	0.0	25.405344103114363	25.405344103114363
16	8	hop up r=1	chi2_tavg	0.487959751249187	0.487959751249187	1.0	25.405344103114363
16	8	hop up r=1	chi4_tavg	0.487959751249187	0.21623476924497836	4.479230520479346	25.405344103114363
16	8	hop up r=1	chi8_tavg	0.487959751249187	0.033600513837917234	23.429222586149	25.405344103114363
16	9	n	chi2	0.9999999984477524	-1.552246886582509e-9	1.000000072077373	1.000000034558769
16	9	n	chi4	0.9999999984477524	1.583392394977068e-8	1.0000000532594202	1.000000034558769
16	9	n	chi8	0.9999999984477524	5.3347191331099e-8	0.9999999750445459	1.000000034558769
16	9	n	exact	0.9999999984477524	0.0	1.000000034558769	1.000000034558769
16	9	n	chi2_tavg	0.9999999984477524	-1.5522465535156016e-9	0.9999999960779696	1.000000034558769
16	9	n	chi4_tavg	0.9999999984477524	-2.6264338481851723e-9	0.9999999984355343	1.000000034558769
16	9	n	chi8_tavg	0.9999999984477524	-4.158288047229064e-9	0.9999999981387807	1.000000034558769
16	9	Sz	chi2	4.5394692737427134e-8	-4.481107901915202e-8	0.9999999279232691	0.9999999628903693
16	9	Sz	chi4	4.5394692737427134e-8	-4.52819675124394e-8	0.999999918154515	0.9999999628903693
16	9	Sz	chi8	4.5394692737427134e-8	7.749449033866984e-10	0.9999999346898147	0.9999999628903693
16	9	Sz	exact	4.5394692737427134e-8	0.0	0.9999999628903693	0.9999999628903693
16	9	Sz	chi2_tavg	4.5394692737427134e-8	5.030299987405509e-8	1.0000000039217587	0.9999999628903693
16	9	Sz	chi4_tavg	4.5394692737427134e-8	4.883668394984701e-8	1.0000000033304701	0.9999999628903693
16	9	Sz	chi8_tavg	4.5394692737427134e-8	5.1324483814572476e-8	1.000000006145778	0.9999999628903693
16	9	DoubleOcc	chi2	0.10000926548371605	0.10000926548371605	1.9261574430887518	25.877562801296396
16	9	DoubleOcc	chi4	0.10000926548371605	0.05221189528496223	5.631686471453831	25.877562801296396
16	9	DoubleOcc	chi8	0.10000926548371605	0.011464019365485079	20.7502310128213	25.877562801296396
16	9	DoubleOcc	exact	0.10000926548371605	0.0	25.877562801296396	25.877562801296396
16	9	DoubleOcc	chi2_tavg	0.10000926548371605	0.10000926548371605	1.9261574412008546	25.877562801296396
16	9	DoubleOcc	chi4_tavg	0.10000926548371605	0.04686571856815269	6.574499331872116	25.877562801296396
16	9	DoubleOcc	chi8_tavg	0.10000926548371605	0.009781731342366567	21.714166978023428	25.877562801296396
16	9	ZZ onsite	chi2	-0.5999629349606449	0.40003706503935443	2.0244258459061544	53.71217023260027
16	9	ZZ onsite	chi4	-0.5999629349606449	0.20884754947199347	6.492544517115849	53.71217023260027
16	9	ZZ onsite	chi8	-0.5999629349606449	0.045855970767549104	36.70906991049446	53.71217023260027
16	9	ZZ onsite	exact	-0.5999629349606449	0.0	53.71217023260027	53.71217023260027
16	9	ZZ onsite	chi2_tavg	-0.5999629349606449	0.4000370650393541	2.0244258459061575	53.71217023260027
16	9	ZZ onsite	chi4_tavg	-0.5999629349606449	0.18746287952547203	7.761730600387077	53.71217023260027
16	9	ZZ onsite	chi8_tavg	-0.5999629349606449	0.039126933686034815	39.63178960142109	53.71217023260027
16	9	ZZ up-up r=1	chi2	-0.5185428579784057	0.48145714202152423	1.207261075564355	32.29590926265397
16	9	ZZ up-up r=1	chi4	-0.5185428579784057	0.04365942466146888	27.85936882903958	32.29590926265397
16	9	ZZ up-up r=1	chi8	-0.5185428579784057	-0.027052034519747414	28.859059477072606	32.29590926265397
16	9	ZZ up-up r=1	exact	-0.5185428579784057	0.0	32.29590926265397	32.29590926265397
16	9	ZZ up-up r=1	chi2_tavg	-0.5185428579784057	0.21841024975494883	5.258531281701117	32.29590926265397
16	9	ZZ up-up r=1	chi4_tavg	-0.5185428579784057	0.008552493974658959	32.39261515403444	32.29590926265397
16	9	ZZ up-up r=1	chi8_tavg	-0.5185428579784057	0.00035611012406433495	32.31066184292052	32.29590926265397
16	9	SzSz r=1	chi2	-0.10792369169043275	0.14207630830954973	0.5467752930268126	21.903689897514578
16	9	SzSz r=1	chi4	-0.10792369169043275	0.008728189523615315	17.90328067456475	21.903689897514578
16	9	SzSz r=1	chi8	-0.10792369169043275	-0.005927117479533672	21.374868278396782	21.903689897514578
16	9	SzSz r=1	exact	-0.10792369169043275	0.0	21.903689897514578	21.903689897514578
16	9	SzSz r=1	chi2_tavg	-0.10792369169043275	0.07631458524290588	1.709977237434248	21.903689897514578
16	9	SzSz r=1	chi4_tavg	-0.10792369169043275	0.009985895183685506	16.61105356125398	21.903689897514578
16	9	SzSz r=1	chi8_tavg	-0.10792369169043275	0.0013071205004843989	21.43298978272545	21.903689897514578
16	9	hop up r=1	chi2	0.48796208279098735	0.48796208279098735	1.0	32.49894325618965
16	9	hop up r=1	chi4	0.48796208279098735	0.030349391723479613	28.30626095580301	32.49894325618965
16	9	hop up r=1	chi8	0.48796208279098735	0.0767819360209982	17.66610841946814	32.49894325618965
16	9	hop up r=1	exact	0.48796208279098735	0.0	32.49894325618965	32.49894325618965
16	9	hop up r=1	chi2_tavg	0.48796208279098735	0.48796208279098735	1.0	32.49894325618965
16	9	hop up r=1	chi4_tavg	0.48796208279098735	0.2162371007867787	4.453880289075669	32.49894325618965
16	9	hop up r=1	chi8_tavg	0.48796208279098735	0.03360284537971758	27.582322409567983	32.49894325618965
16	10	n	chi2	1.0000000296237153	2.962371570269795e-8	1.0000001039510915	1.000000096797885
16	10	n	chi4	1.0000000296237153	1.2237537871939708e-8	0.9999999336938173	1.000000096797885
16	10	n	chi8	1.0000000296237153	-7.844744853713337e-10	1.0000000008750305	1.000000096797885
16	10	n	exact	1.0000000296237153	0.0	1.000000096797885	1.000000096797885
16	10	n	chi2_tavg	1.0000000296237153	2.9623716257809463e-8	1.0000000056563458	1.000000096797885
16	10	n	chi4_tavg	1.0000000296237153	2.8549528963139892e-8	1.0000000038489922	1.000000096797885
16	10	n	chi8_tavg	1.0000000296237153	2.7017674764096e-8	1.0000000065482761	1.000000096797885
16	10	Sz	chi2	-8.681203128579895e-8	3.393742120660903e-9	1.0000001727074257	1.0000001752282008
16	10	Sz	chi4	-8.681203128579895e-8	-1.4269721435034022e-7	0.9999998982939053	1.0000001752282008
16	10	Sz	chi8	-8.681203128579895e-8	-8.31646363302907e-8	1.0000000162405382	1.0000001752282008
16	10	Sz	exact	-8.681203128579895e-8	0.0	1.0000001752282008	1.0000001752282008
16	10	Sz	chi2_tavg	-8.681203128579895e-8	-8.1903724149171e-8	1.0000000093974961	1.0000001752282008
16	10	Sz	chi4_tavg	-8.681203128579895e-8	-8.337004007337908e-8	1.00000000691709	1.0000001752282008
16	10	Sz	chi8_tavg	-8.681203128579895e-8	-8.08822402086536e-8	1.0000000121466006	1.0000001752282008
16	10	DoubleOcc	chi2	0.10000992490122393	0.10000992490122393	2.1138580888214067	26.142102669541927
16	10	DoubleOcc	chi4	0.10000992490122393	0.05221253731629533	6.335172419478699	26.142102669541927
16	10	DoubleOcc	chi8	0.10000992490122393	0.012253486118813772	22.101246917716388	26.142102669541927
16	10	DoubleOcc	exact	0.10000992490122393	0.0	26.142102669541927	26.142102669541927
16	10	DoubleOcc	chi2_tavg	0.10000992490122393	0.10000992490122393	2.113857990205256	26.142102669541927
16	10	DoubleOcc	chi4_tavg	0.10000992490122393	0.04686637798566057	7.417329042630791	26.142102669541927
16	10	DoubleOcc	chi8_tavg	0.10000992490122393	0.009782390759874443	23.366943042764465	26.142102669541927
16	10	ZZ onsite	chi2	-0.5999603596425384	0.4000396403574612	2.166168844566525	46.04660807497404
16	10	ZZ onsite	chi4	-0.5999603596425384	0.20885012479009935	7.02388776476421	46.04660807497404
16	10	ZZ onsite	chi8	-0.5999603596425384	0.04901394604419629	34.91231153933905	46.04660807497404
16	10	ZZ onsite	exact	-0.5999603596425384	0.0	46.04660807497404	46.04660807497404
16	10	ZZ onsite	chi2_tavg	-0.5999603596425384	0.40003964035746065	2.1661688445665312	46.04660807497404
16	10	ZZ onsite	chi4_tavg	-0.5999603596425384	0.18746545484357857	8.398293834058844	46.04660807497404
16	10	ZZ onsite	chi8_tavg	-0.5999603596425384	0.03912950900414136	38.18187391698467	46.04660807497404
16	10	ZZ up-up r=1	chi2	-0.5185519311852301	-0.05210799154906487	26.55984178980427	35.07141072951801
16	10	ZZ up-up r=1	chi4	-0.5185519311852301	-0.08437840338697766	18.78900944483435	35.07141072951801
16	10	ZZ up-up r=1	chi8	-0.5185519311852301	-0.010598105000560576	34.7582406184465	35.07141072951801
16	10	ZZ up-up r=1	exact	-0.5185519311852301	0.0	35.07141072951801	35.07141072951801
16	10	ZZ up-up r=1	chi2_tavg	-0.5185519311852301	0.2184011765481244	4.87102851564674	35.07141072951801
16	10	ZZ up-up r=1	chi4_tavg	-0.5185519311852301	0.008543420767834542	34.60027208405451	35.07141072951801
16	10	ZZ up-up r=1	chi8_tavg	-0.5185519311852301	0.0003470369172399179	35.06475062631325	35.07141072951801
16	10	SzSz r=1	chi2	-0.10792549073970428	0.008685494169337032	14.698054145627653	22.195346791207776
16	10	SzSz r=1	chi4	-0.10792549073970428	0.002163454451989802	13.856173798789365	22.195346791207776
16	10	SzSz r=1	chi8	-0.10792549073970428	-0.0020133689701115343	22.23002915425684	22.195346791207776
16	10	SzSz r=1	exact	-0.10792549073970428	0.0	22.195346791207776	22.195346791207776
16	10	SzSz r=1	chi2_tavg	-0.10792549073970428	0.07631278619363435	1.8346725192550737	22.195346791207776
16	10	SzSz r=1	chi4_tavg	-0.10792549073970428	0.009984096134413978	16.865554910361404	22.195346791207776
16	10	SzSz r=1	chi8_tavg	-0.10792549073970428	0.0013053214512128708	21.80912172490895	22.195346791207776
16	10	hop up r=1	chi2	0.4879680489909789	0.4879680489909789	1.0	27.80808115609507
16	10	hop up r=1	chi4	0.4879680489909789	0.4879680489909789	1.0	27.80808115609507
16	10	hop up r=1	chi8	0.4879680489909789	0.05453148997431678	20.698884604328818	27.80808115609507
16	10	hop up r=1	exact	0.4879680489909789	0.0	27.80808115609507	27.80808115609507
16	10	hop up r=1	chi2_tavg	0.4879680489909789	0.4879680489909789	1.0	27.80808115609507
16	10	hop up r=1	chi4_tavg	0.4879680489909789	0.21624306698677026	4.42369766428803	27.80808115609507
16	10	hop up r=1	chi8_tavg	0.4879680489909789	0.03360881157970913	24.548769117930487	27.80808115609507
16	11	n	chi2	1.0000000151010298	1.5101030648168035e-8	1.0000000505046716	1.0000000036009038
16	11	n	chi4	1.0000000151010298	2.6330066460467094e-8	1.0000001246017394	1.0000000036009038
16	11	n	chi8	1.0000000151010298	1.3574380730574376e-8	1.0000000437646186	1.0000000036009038
16	11	n	exact	1.0000000151010298	0.0	1.0000000036009038	1.0000000036009038
16	11	n	chi2_tavg	1.0000000151010298	1.5101030759190337e-8	1.0000000059351588	1.0000000036009038
16	11	n	chi4_tavg	1.0000000151010298	1.4026843464520766e-8	1.0000000022617581	1.0000000036009038
16	11	n	chi8_tavg	1.0000000151010298	1.2494989265476875e-8	1.0000000025600364	1.0000000036009038
16	11	Sz	chi2	-2.507111685617902e-8	1.6696174853008548e-8	0.9999999292255917	0.9999999554249439
16	11	Sz	chi4	-2.507111685617902e-8	6.154716573891772e-8	0.9999998547808487	0.9999999554249439
16	11	Sz	chi8	-2.507111685617902e-8	1.3355647907054014e-8	0.9999999346746004	0.9999999554249439
16	11	Sz	exact	-2.507111685617902e-8	0.0	0.9999999554249439	0.9999999554249439
16	11	Sz	chi2_tavg	-2.507111685617902e-8	-2.0162809719551063e-8	0.9999999916829441	0.9999999554249439
16	11	Sz	chi4_tavg	-2.507111685617902e-8	-2.1629125643759146e-8	0.9999999940187663	0.9999999554249439
16	11	Sz	chi8_tavg	-2.507111685617902e-8	-1.914132577903368e-8	0.9999999895909811	0.9999999554249439
16	11	DoubleOcc	chi2	0.1000111051013367	0.1000111051013367	2.2335297721174667	27.257303972312357
16	11	DoubleOcc	chi4	0.1000111051013367	0.05409020974482309	6.478902711738866	27.257303972312357
16	11	DoubleOcc	chi8	0.1000111051013367	0.011593203923229684	24.301822441952293	27.257303972312357
16	11	DoubleOcc	exact	0.1000111051013367	0.0	27.257303972312357	27.257303972312357
16	11	DoubleOcc	chi2_tavg	0.1000111051013367	0.1000111051013367	2.233529767911488	27.257303972312357
16	11	DoubleOcc	chi4_tavg	0.1000111051013367	0.046867558185773345	8.040213914591549	27.257303972312357
16	11	DoubleOcc	chi8_tavg	0.1000111051013367	0.00978357095998722	25.18458549620034	27.257303972312357
16	11	ZZ onsite	chi2	-0.5999556097967151	0.400044390203284	2.197128085644607	43.71970019451399
16	11	ZZ onsite	chi4	-0.5999556097967151	0.21636078631915523	6.711788443419054	43.71970019451399
16	11	ZZ onsite	chi8	-0.5999556097967151	0.04637278854414972	35.02888981256521	43.71970019451399
16	11	ZZ onsite	exact	-0.5999556097967151	0.0	43.71970019451399	43.71970019451399
16	11	ZZ onsite	chi2_tavg	-0.5999556097967151	0.40004439020328386	2.1971280856446094	43.71970019451399
16	11	ZZ onsite	chi4_tavg	-0.5999556097967151	0.1874702046894018	8.512262167629268	43.71970019451399
16	11	ZZ onsite	chi8_tavg	-0.5999556097967151	0.039134258849964576	37.18218931275153	43.71970019451399
16	11	ZZ up-up r=1	chi2	-0.5185672105973961	0.48143278940253464	1.1824910058668983	30.13006037707902
16	11	ZZ up-up r=1	chi4	-0.5185672105973961	0.01482665027695318	29.72846585010714	30.13006037707902
16	11	ZZ up-up r=1	chi8	-0.5185672105973961	-0.02115725344031605	28.365661793158957	30.13006037707902
16	11	ZZ up-up r=1	exact	-0.5185672105973961	0.0	30.13006037707902	30.13006037707902
16	11	ZZ up-up r=1	chi2_tavg	-0.5185672105973961	0.21838589713595846	5.058255862680615	30.13006037707902
16	11	ZZ up-up r=1	chi4_tavg	-0.5185672105973961	0.008528141355668595	30.069277653656023	30.13006037707902
16	11	ZZ up-up r=1	chi8_tavg	-0.5185672105973961	0.0003317575050739707	30.136460787426966	30.13006037707902
16	11	SzSz r=1	chi2	-0.10792859221193365	0.14207140778804903	0.5993079114413409	20.890925253493556
16	11	SzSz r=1	chi4	-0.10792859221193365	0.0024594225211372056	20.679571904149118	20.890925253493556
16	11	SzSz r=1	chi8	-0.10792859221193365	-0.005544808899632145	19.35496341289052	20.890925253493556
16	11	SzSz r=1	exact	-0.10792859221193365	0.0	20.890925253493556	20.890925253493556
16	11	SzSz r=1	chi2_tavg	-0.10792859221193365	0.07630968472140498	1.9268666223739441	20.890925253493556
16	11	SzSz r=1	chi4_tavg	-0.10792859221193365	0.009980994662184606	17.3927589005761	20.890925253493556
16	11	SzSz r=1	chi8_tavg	-0.10792859221193365	0.0013022199789834987	20.68470187470835	20.890925253493556
16	11	hop up r=1	chi2	0.4879792480580743	0.4879792480580743	1.0	29.72514685623473
16	11	hop up r=1	chi4	0.4879792480580743	0.04905888635105643	21.17233052055717	29.72514685623473
16	11	hop up r=1	chi8	0.4879792480580743	0.06879231841540429	17.251513404543857	29.72514685623473
16	11	hop up r=1	exact	0.4879792480580743	0.0	29.72514685623473	29.72514685623473
16	11	hop up r=1	chi2_tavg	0.4879792480580743	0.4879792480580743	1.0	29.72514685623473
16	11	hop up r=1	chi4_tavg	0.4879792480580743	0.21625426605386566	4.276068423501427	29.72514685623473
16	11	hop up r=1	chi8_tavg	0.4879792480580743	0.03362001064680453	24.4257464474669	29.72514685623473
16	12	n	chi2	1.0000000228913855	2.2891386564083405e-8	0.9999999139631982	1.000000025328305
16	12	n	chi4	1.0000000228913855	1.1662344867602314e-8	0.999999781209842	1.000000025328305
16	12	n	chi8	1.0000000228913855	-4.8559829490812945e-9	0.9999998688081101	1.000000025328305
16	12	n	exact	1.0000000228913855	0.0	1.000000025328305	1.000000025328305
16	12	n	chi2_tavg	1.0000000228913855	2.2891386453061102e-8	1.0000000101105777	1.000000025328305
16	12	n	chi4_tavg	1.0000000228913855	2.181719915839153e-8	1.0000000052274274	1.000000025328305
16	12	n	chi8_tavg	1.0000000228913855	2.028534495934764e-8	1.00000000769569	1.000000025328305
16	12	Sz	chi2	-3.1566604809241117e-8	-7.333389801661427e-8	0.9999999737121165	1.0000000142386136
16	12	Sz	chi4	-3.1566604809241117e-8	-1.283263895077158e-7	0.99999993633816	1.0000000142386136
16	12	Sz	chi8	-3.1566604809241117e-8	-7.189664000956109e-8	0.9999999677942296	1.0000000142386136
16	12	Sz	exact	-3.1566604809241117e-8	0.0	1.0000000142386136	1.0000000142386136
16	12	Sz	chi2_tavg	-3.1566604809241117e-8	-2.665829767261316e-8	1.00000000308918	1.0000000142386136
16	12	Sz	chi4_tavg	-3.1566604809241117e-8	-2.8124613596821242e-8	1.0000000019021968	1.0000000142386136
16	12	Sz	chi8_tavg	-3.1566604809241117e-8	-2.5636813732095774e-8	1.000000003091312	1.0000000142386136
16	12	DoubleOcc	chi2	0.10001203250910384	0.10001203250910384	2.4204932318917116	31.118835442955383
16	12	DoubleOcc	chi4	0.10001203250910384	0.05409112592355167	7.3402840643729945	31.118835442955383
16	12	DoubleOcc	chi8	0.10001203250910384	0.010246468988662577	29.928866618902557	31.118835442955383
16	12	DoubleOcc	exact	0.10001203250910384	0.0	31.118835442955383	31.118835442955383
16	12	DoubleOcc	chi2_tavg	0.10001203250910384	0.10001203250910384	2.420493299127569	31.118835442955383
16	12	DoubleOcc	chi4_tavg	0.10001203250910384	0.04686848559354048	9.22183483165859	31.118835442955383
16	12	DoubleOcc	chi8_tavg	0.10001203250910384	0.009784498367754357	30.14827528652486	31.118835442955383
16	12	ZZ onsite	chi2	-0.599951915746358	0.4000480842536409	2.3452644833791445	54.30021303608091
16	12	ZZ onsite	chi4	-0.599951915746358	0.2163644803695125	7.489811533144503	54.30021303608091
16	12	ZZ onsite	chi8	-0.599951915746358	0.04098588566660821	47.32973904291584	54.30021303608091
16	12	ZZ onsite	exact	-0.599951915746358	0.0	54.30021303608091	54.30021303608091
16	12	ZZ onsite	chi2_tavg	-0.599951915746358	0.400048084253641	2.3452644833791423	54.30021303608091
16	12	ZZ onsite	chi4_tavg	-0.599951915746358	0.18747389873975895	9.637548348674155	54.30021303608091
16	12	ZZ onsite	chi8_tavg	-0.599951915746358	0.03913795290032174	48.04460625619796	54.30021303608091
16	12	ZZ up-up r=1	chi2	-0.5185629976550061	-0.01859666838686841	33.53039830923973	35.76433291945133
16	12	ZZ up-up r=1	chi4	-0.5185629976550061	-0.06775906576779744	21.472884812537792	35.76433291945133
16	12	ZZ up-up r=1	chi8	-0.5185629976550061	-0.018439905655244115	33.55961240105799	35.76433291945133
16	12	ZZ up-up r=1	exact	-0.5185629976550061	0.0	35.76433291945133	35.76433291945133
16	12	ZZ up-up r=1	chi2_tavg	-0.5185629976550061	0.2183901100783484	5.269873265871977	35.76433291945133
16	12	ZZ up-up r=1	chi4_tavg	-0.5185629976550061	0.008532354298058542	35.806889090511156	35.76433291945133
16	12	ZZ up-up r=1	chi8_tavg	-0.5185629976550061	0.000335970447463918	35.77851233861896	35.76433291945133
16	12	SzSz r=1	chi2	-0.10792741563392447	0.017064166683109963	13.316095913790415	25.464679676772057
16	12	SzSz r=1	chi4	-0.10792741563392447	0.005820138439283695	16.135010131617314	25.464679676772057
16	12	SzSz r=1	chi8	-0.10792741563392447	0.0028679656432930023	24.21996643512651	25.464679676772057
16	12	SzSz r=1	exact	-0.10792741563392447	0.0	25.464679676772057	25.464679676772057
16	12	SzSz r=1	chi2_tavg	-0.10792741563392447	0.07631086129941417	1.8143545152855596	25.464679676772057
16	12	SzSz r=1	chi4_tavg	-0.10792741563392447	0.009982171240193793	19.329486628508498	25.464679676772057
16	12	SzSz r=1	chi8_tavg	-0.10792741563392447	0.0013033965569926864	25.059099898891613	25.464679676772057
16	12	hop up r=1	chi2	0.48797864915384304	0.48797864915384304	1.0	40.22831456174061
16	12	hop up r=1	chi4	0.48797864915384304	0.48797864915384304	1.0	40.22831456174061
16	12	hop up r=1	chi8	0.48797864915384304	0.07991505394789045	20.432261696335953	40.22831456174061
16	12	hop up r=1	exact	0.48797864915384304	0.0	40.22831456174061	40.22831456174061
16	12	hop up r=1	chi2_tavg	0.48797864915384304	0.48797864915384304	1.0	40.22831456174061
16	12	hop up r=1	chi4_tavg	0.48797864915384304	0.2162536671496344	4.702769889202361	40.22831456174061
16	12	hop up r=1	chi8_tavg	0.48797864915384304	0.03361941174257327	35.066168943071034	40.22831456174061
16	13	n	chi2	1.000000018577234	1.857723497256103e-8	0.9999999629919074	0.9999999726123077
16	13	n	chi4	1.000000018577234	3.160393957646335e-8	0.9999999617793104	0.9999999726123077
16	13	n	chi8	1.000000018577234	3.1217664564486824e-8	0.9999999701033875	0.9999999726123077
16	13	n	exact	1.000000018577234	0.0	0.9999999726123077	0.9999999726123077
16	13	n	chi2_tavg	1.000000018577234	1.857723497256103e-8	0.999999997391915	0.9999999726123077
16	13	n	chi4_tavg	1.000000018577234	1.750304767789146e-8	0.9999999975469237	0.9999999726123077
16	13	n	chi8_tavg	1.000000018577234	1.5971193478847567e-8	0.9999999953349404	0.9999999726123077
16	13	Sz	chi2	-3.122816023826136e-8	3.841717975775593e-8	0.9999996460114665	0.9999998689236854
16	13	Sz	chi4	-3.122816023826136e-8	5.4942384856981885e-8	0.9999995426308361	0.9999998689236854
16	13	Sz	chi8	-3.122816023826136e-8	3.8855701739448634e-8	0.9999996249702982	0.9999998689236854
16	13	Sz	exact	-3.122816023826136e-8	0.0	0.9999998689236854	0.9999998689236854
16	13	Sz	chi2_tavg	-3.122816023826136e-8	-2.6319853101633402e-8	0.999999975052465	0.9999998689236854
16	13	Sz	chi4_tavg	-3.122816023826136e-8	-2.7786169025841485e-8	0.9999999841040023	0.9999998689236854
16	13	Sz	chi8_tavg	-3.122816023826136e-8	-2.5298369161116017e-8	0.9999999737390157	0.9999998689236854
16	13	DoubleOcc	chi2	0.10001313023382213	0.10001313023382213	2.1094133522213023	22.88585583277799
16	13	DoubleOcc	chi4	0.10001313023382213	0.05370454594816762	5.932652910104801	22.88585583277799
16	13	DoubleOcc	chi8	0.10001313023382213	0.013336779918987351	19.34017560651222	22.88585583277799
16	13	DoubleOcc	exact	0.10001313023382213	0.0	22.88585583277799	22.88585583277799
16	13	DoubleOcc	chi2_tavg	0.10001313023382213	0.10001313023382213	2.1094132528853744	22.88585583277799
16	13	DoubleOcc	chi4_tavg	0.10001313023382213	0.04686958331825877	7.195118824623425	22.88585583277799
16	13	DoubleOcc	chi8_tavg	0.10001313023382213	0.009785596092472648	20.795027138450525	22.88585583277799
16	13	ZZ onsite	chi2	-0.5999475162191823	0.4000524837808167	2.082160269672034	39.69659206422349
16	13	ZZ onsite	chi4	-0.5999475162191823	0.21481812058478666	6.264182944469232	39.69659206422349
16	13	ZZ onsite	chi8	-0.5999475162191823	0.05334705724061173	28.748916661814114	39.69659206422349
16	13	ZZ onsite	exact	-0.5999475162191823	0.0	39.69659206422349	39.69659206422349
16	13	ZZ onsite	chi2_tavg	-0.5999475162191823	0.4000524837808167	2.082160269672034	39.69659206422349
16	13	ZZ onsite	chi4_tavg	-0.5999475162191823	0.18747829826693463	7.790110738855846	39.69659206422349
16	13	ZZ onsite	chi8_tavg	-0.5999475162191823	0.03914235242749742	32.57993095661912	39.69659206422349
16	13	ZZ up-up r=1	chi2	-0.518587677583025	0.481412322416916	1.1486404994562727	41.11625080458172
16	13	ZZ up-up r=1	chi4	-0.518587677583025	0.017219450906048372	39.21299949527635	41.11625080458172
16	13	ZZ up-up r=1	chi8	-0.518587677583025	-0.037061005467575125	34.36218077338904	41.11625080458172
16	13	ZZ up-up r=1	exact	-0.518587677583025	0.0	41.11625080458172	41.11625080458172
16	13	ZZ up-up r=1	chi2_tavg	-0.518587677583025	0.2183654301503295	5.02154714612989	41.11625080458172
16	13	ZZ up-up r=1	chi4_tavg	-0.518587677583025	0.00850767437003963	40.593007492582515	41.11625080458172
16	13	ZZ up-up r=1	chi8_tavg	-0.518587677583025	0.00031129051944500663	41.1125568517879	41.11625080458172
16	13	SzSz r=1	chi2	-0.10793278320484036	0.1420672167951449	0.6018456502751575	21.8915451099931
16	13	SzSz r=1	chi4	-0.10793278320484036	0.0028647035179239083	21.79722045625484	21.8915451099931
16	13	SzSz r=1	chi8	-0.10793278320484036	-0.005140894791668613	19.88627011231158	21.8915451099931
16	13	SzSz r=1	exact	-0.10793278320484036	0.0	21.8915451099931	21.8915451099931
16	13	SzSz r=1	chi2_tavg	-0.10793278320484036	0.07630549372849828	1.9323590280579648	21.8915451099931
16	13	SzSz r=1	chi4_tavg	-0.10793278320484036	0.009976803669277903	18.321485192323163	21.8915451099931
16	13	SzSz r=1	chi8_tavg	-0.10793278320484036	0.0012980289860767963	21.929266205465776	21.8915451099931
16	13	hop up r=1	chi2	0.4879921940091968	0.4879921940091968	1.0	29.338575459530404
16	13	hop up r=1	chi4	0.4879921940091968	0.050290788773744155	22.323488632643816	29.338575459530404
16	13	hop up r=1	chi8	0.4879921940091968	0.047438519108220445	22.91352988188859	29.338575459530404
16	13	hop up r=1	exact	0.4879921940091968	0.0	29.338575459530404	29.338575459530404
16	13	hop up r=1	chi2_tavg	0.4879921940091968	0.4879921940091968	1.0	29.338575459530404
16	13	hop up r=1	chi4_tavg	0.4879921940091968	0.21626721200498816	4.444355964528742	29.338575459530404
16	13	hop up r=1	chi8_tavg	0.4879921940091968	0.03363295659792703	25.649513699545587	29.338575459530404
16	14	n	chi2	1.00000003508253	3.5082531657515403e-8	1.000000128950762	0.999999995203257
16	14	n	chi4	1.00000003508253	2.2055821169431056e-8	1.000000132328455	0.999999995203257
16	14	n	chi8	1.00000003508253	1.9925420202682176e-8	1.0000000632027217	0.999999995203257
16	14	n	exact	1.00000003508253	0.0	0.999999995203257	0.999999995203257
16	14	n	chi2_tavg	1.00000003508253	3.508253099138159e-8	0.9999999909119754	0.999999995203257
16	14	n	chi4_tavg	1.00000003508253	3.400834369671202e-8	0.9999999948688498	0.999999995203257
16	14	n	chi8_tavg	1.00000003508253	3.2476489497668126e-8	0.9999999920335616	0.999999995203257
16	14	Sz	chi2	-2.4496409366248084e-8	-9.41417507144271e-8	0.9999998433957193	1.0000000264900812
16	14	Sz	chi4	-2.4496409366248084e-8	-8.783181727062273e-8	0.9999998469676638	1.0000000264900812
16	14	Sz	chi8	-2.4496409366248084e-8	-4.916714156644186e-8	0.99999993217281	1.0000000264900812
16	14	Sz	exact	-2.4496409366248084e-8	0.0	1.0000000264900812	1.0000000264900812
16	14	Sz	chi2_tavg	-2.4496409366248084e-8	-1.9588102229620126e-8	1.0000000110367273	1.0000000264900812
16	14	Sz	chi4_tavg	-2.4496409366248084e-8	-2.105441815382821e-8	1.0000000068641488	1.0000000264900812
16	14	Sz	chi8_tavg	-2.4496409366248084e-8	-1.856661828910274e-8	1.0000000112097212	1.0000000264900812
16	14	DoubleOcc	chi2	0.10001171058924871	0.10001171058924868	1.9659807306750487	27.755642774669695
16	14	DoubleOcc	chi4	0.10001171058924871	0.0537031132768869	5.590666575029893	27.755642774669695
16	14	DoubleOcc	chi8	0.10001171058924871	0.0044593951773304885	26.25116913368425	27.755642774669695
16	14	DoubleOcc	exact	0.10001171058924871	0.0	27.755642774669695	27.755642774669695
16	14	DoubleOcc	chi2_tavg	0.10001171058924871	0.10001171058924871	1.9659806549659087	27.755642774669695
16	14	DoubleOcc	chi4_tavg	0.10001171058924871	0.04686816367368535	6.830641320037322	27.755642774669695
16	14	DoubleOcc	chi8_tavg	0.10001171058924871	0.009784176447899223	23.319137464990103	27.755642774669695
16	14	ZZ onsite	chi2	-0.5999532278080678	0.40004677219193063	2.0447281950617393	47.45909643669746
16	14	ZZ onsite	chi4	-0.5999532278080678	0.21481240899590126	6.215299955758754	47.45909643669746
16	14	ZZ onsite	chi8	-0.5999532278080678	0.017837540858473333	43.78656466222053	47.45909643669746
16	14	ZZ onsite	exact	-0.5999532278080678	0.0	47.45909643669746	47.45909643669746
16	14	ZZ onsite	chi2_tavg	-0.5999532278080678	0.4000467721919312	2.0447281950617344	47.45909643669746
16	14	ZZ onsite	chi4_tavg	-0.5999532278080678	0.1874725866780491	7.767680615875646	47.45909643669746
16	14	ZZ onsite	chi8_tavg	-0.5999532278080678	0.0391366408386119	36.65209450909241	47.45909643669746
16	14	ZZ up-up r=1	chi2	-0.5185606248520825	0.0009739862977850011	30.557016862563174	30.626786190370975
16	14	ZZ up-up r=1	chi4	-0.5185606248520825	-0.08859466436251484	18.00773796111216	30.626786190370975
16	14	ZZ up-up r=1	chi8	-0.5185606248520825	-0.0721436507313688	21.34621918391537	30.626786190370975
16	14	ZZ up-up r=1	exact	-0.5185606248520825	0.0	30.626786190370975	30.626786190370975
16	14	ZZ up-up r=1	chi2_tavg	-0.5185606248520825	0.218392482881272	4.408110840586874	30.626786190370975
16	14	ZZ up-up r=1	chi4_tavg	-0.5185606248520825	0.008534727100982131	29.810145277749754	30.626786190370975
16	14	ZZ up-up r=1	chi8_tavg	-0.5185606248520825	0.00033834325038750723	30.60326652805042	30.626786190370975
16	14	SzSz r=1	chi2	-0.10792694131744418	0.021956711470022705	10.735169725117034	21.89409718755882
16	14	SzSz r=1	chi4	-0.10792694131744418	-0.0032123423794749306	14.522999434809078	21.89409718755882
16	14	SzSz r=1	chi8	-0.10792694131744418	-0.0018944213974840668	21.158262979683713	21.89409718755882
16	14	SzSz r=1	exact	-0.10792694131744418	0.0	21.89409718755882	21.89409718755882
16	14	SzSz r=1	chi2_tavg	-0.10792694131744418	0.07631133561589445	1.9483324495049803	21.89409718755882
16	14	SzSz r=1	chi4_tavg	-0.10792694131744418	0.00998264555667408	18.526377134376716	21.89409718755882
16	14	SzSz r=1	chi8_tavg	-0.10792694131744418	0.0013038708734729731	22.26282201071946	21.89409718755882
16	14	hop up r=1	chi2	0.48797367532924807	0.48797367532924807	1.0	30.445227122203065
16	14	hop up r=1	chi4	0.48797367532924807	0.48797367532924807	1.0	30.445227122203065
16	14	hop up r=1	chi8	0.48797367532924807	0.10234478980512374	13.026703917335322	30.445227122203065
16	14	hop up r=1	exact	0.48797367532924807	0.0	30.445227122203065	30.445227122203065
16	14	hop up r=1	chi2_tavg	0.48797367532924807	0.48797367532924807	1.0	30.445227122203065
16	14	hop up r=1	chi4_tavg	0.48797367532924807	0.21624869332503943	4.4477751737345885	30.445227122203065
16	14	hop up r=1	chi8_tavg	0.48797367532924807	0.0336144379179783	26.338172458923346	30.445227122203065
16	15	n	chi2	1.0000000659151664	6.591516843457157e-8	1.0000001442714996	1.000000069137849
16	15	n	chi4	1.0000000659151664	4.980240286833748e-8	1.0000001024050729	1.000000069137849
16	15	n	chi8	1.0000000659151664	5.034531880276916e-8	1.0000001222816537	1.000000069137849
16	15	n	exact	1.0000000659151664	0.0	1.000000069137849	1.000000069137849
16	15	n	chi2_tavg	1.0000000659151664	6.591516743537085e-8	1.0000000096182433	1.000000069137849
16	15	n	chi4_tavg	1.0000000659151664	6.484098014070128e-8	1.0000000064428045	1.000000069137849
16	15	n	chi8_tavg	1.0000000659151664	6.330912594165738e-8	1.000000010887081	1.000000069137849
16	15	Sz	chi2	-4.474163528209174e-8	2.888296142060636e-8	1.0000000616701465	1.000000091712632
16	15	Sz	chi4	-4.474163528209174e-8	9.829783934739433e-9	1.0000000589686309	1.000000091712632
16	15	Sz	chi8	-4.474163528209174e-8	1.9895379368278787e-8	1.0000000669530382	1.000000091712632
16	15	Sz	exact	-4.474163528209174e-8	0.0	1.000000091712632	1.000000091712632
16	15	Sz	chi2_tavg	-4.474163528209174e-8	-3.983332814546378e-8	1.0000000041114283	1.000000091712632
16	15	Sz	chi4_tavg	-4.474163528209174e-8	-4.1299644069671866e-8	1.0000000037670247	1.000000091712632
16	15	Sz	chi8_tavg	-4.474163528209174e-8	-3.88118442049464e-8	1.0000000071113435	1.000000091712632
16	15	DoubleOcc	chi2	0.10000905720467004	0.10000905720467004	2.0534157823333477	22.673675894309525
16	15	DoubleOcc	chi4	0.10000905720467004	0.03393036198199045	10.257126890322025	22.673675894309525
16	15	DoubleOcc	chi8	0.10000905720467004	0.01641466837366995	17.38827866725884	22.673675894309525
16	15	DoubleOcc	exact	0.10000905720467004	0.0	22.673675894309525	22.673675894309525
16	15	DoubleOcc	chi2_tavg	0.10000905720467004	0.10000905720467004	2.0534157785531586	22.673675894309525
16	15	DoubleOcc	chi4_tavg	0.10000905720467004	0.04686551028910668	6.942584277369609	22.673675894309525
16	15	DoubleOcc	chi8_tavg	0.10000905720467004	0.009781523063320557	20.28835894930471	22.673675894309525
16	15	ZZ onsite	chi2	-0.5999639030116554	0.40003609698834264	2.0848497001723776	40.674318097403365
16	15	ZZ onsite	chi4	-0.5999639030116554	0.1357213483231523	12.523990278044753	40.674318097403365
16	15	ZZ onsite	chi8	-0.5999639030116554	0.06565857280403442	25.901699633972253	40.674318097403365
16	15	ZZ onsite	exact	-0.5999639030116554	0.0	40.674318097403365	40.674318097403365
16	15	ZZ onsite	chi2_tavg	-0.5999639030116554	0.40003609698834364	2.0848497001723687	40.674318097403365
16	15	ZZ onsite	chi4_tavg	-0.5999639030116554	0.18746191147446156	7.829836928399561	40.674318097403365
16	15	ZZ onsite	chi8_tavg	-0.5999639030116554	0.03912596563502435	33.252903729496204	40.674318097403365
16	15	ZZ up-up r=1	chi2	-0.518556030886072	0.48144396911390264	1.088597608874976	27.51790859730754
16	15	ZZ up-up r=1	chi4	-0.518556030886072	0.21785900001820369	4.471657004159496	27.51790859730754
16	15	ZZ up-up r=1	chi8	-0.518556030886072	0.1230738540132097	10.091986102198877	27.51790859730754
16	15	ZZ up-up r=1	exact	-0.518556030886072	0.0	27.51790859730754	27.51790859730754
16	15	ZZ up-up r=1	chi2_tavg	-0.518556030886072	0.2183970768472825	4.4538061263526725	27.51790859730754
16	15	ZZ up-up r=1	chi4_tavg	-0.518556030886072	0.008539321066992622	26.96594141161556	27.51790859730754
16	15	ZZ up-up r=1	chi8_tavg	-0.518556030886072	0.00034293721639799823	27.503151894695527	27.51790859730754
16	15	SzSz r=1	chi2	-0.10792626159276889	0.1420737384072248	0.598959011821191	18.991709481554974
16	15	SzSz r=1	chi4	-0.10792626159276889	0.04313815255015083	4.994487731030784	18.991709481554974
16	15	SzSz r=1	chi8	-0.10792626159276889	0.025244340492393297	9.835760060847427	18.991709481554974
16	15	SzSz r=1	exact	-0.10792626159276889	0.0	18.991709481554974	18.991709481554974
16	15	SzSz r=1	chi2_tavg	-0.10792626159276889	0.07631201534056975	1.921858377622267	18.991709481554974
16	15	SzSz r=1	chi4_tavg	-0.10792626159276889	0.009983325281349376	16.865923739060882	18.991709481554974
16	15	SzSz r=1	chi8_tavg	-0.10792626159276889	0.0013045505981482686	19.223474198156012	18.991709481554974
16	15	hop up r=1	chi2	0.4879655179774207	0.4879655179774207	1.0	35.28423667248062
16	15	hop up r=1	chi4	0.4879655179774207	-0.07322467329927118	21.208367616127646	35.28423667248062
16	15	hop up r=1	chi8	0.4879655179774207	-0.0811730196387832	19.313370325942504	35.28423667248062
16	15	hop up r=1	exact	0.4879655179774207	0.0	35.28423667248062	35.28423667248062
16	15	hop up r=1	chi2_tavg	0.4879655179774207	0.4879655179774207	1.0	35.28423667248062
16	15	hop up r=1	chi4_tavg	0.4879655179774207	0.21624053597321208	4.473370657408072	35.28423667248062
16	15	hop up r=1	chi8_tavg	0.4879655179774207	0.03360628056615095	29.333445550720306	35.28423667248062
