W	LX	geometry	bipartite	U	prior	global_fid	observable	nA	true	prior_val	Delta	eps	G	G_max
4	4	cylinder	true	8.0	chi2	3.6888713219e-02	ZZ onsite	2	-0.7833537345	-1.0000000000	2.166463e-01	2.765625e-01	12.050781	142.180466
4	4	cylinder	true	8.0	chi4	2.3853291478e-01	ZZ onsite	2	-0.7833537345	-1.0000000000	2.166463e-01	2.765625e-01	12.050781	142.180466
4	4	cylinder	true	8.0	chi8	4.8870520581e-01	ZZ onsite	2	-0.7833537345	-0.9203108264	1.369571e-01	1.748343e-01	26.748442	142.180466
4	4	cylinder	true	8.0	chi16	6.7628151279e-01	ZZ onsite	2	-0.7833537345	-0.8729630247	8.960929e-02	1.143919e-01	49.933144	142.180466
4	4	cylinder	true	8.0	chi32	8.6181606904e-01	ZZ onsite	2	-0.7833537345	-0.8232674052	3.991367e-02	5.095230e-02	104.045368	142.180466
4	4	cylinder	true	8.0	chi64	9.5383443262e-01	ZZ onsite	2	-0.7833537345	-0.7982962342	1.494250e-02	1.907503e-02	135.233585	142.180466
4	4	cylinder	true	8.0	chi128	9.8716295535e-01	ZZ onsite	2	-0.7833537345	-0.7879997868	4.646052e-03	5.930976e-03	141.477854	142.180466
4	4	cylinder	true	8.0	UHF	1.0154791703e-01	ZZ onsite	2	-0.7833537345	-0.7982347050	1.488097e-02	1.899649e-02	135.287910	142.180466
4	4	cylinder	true	8.0	chi2	3.6888713219e-02	ZZ up-up nb	2	-0.3674206491	-0.0000000269	-3.674206e-01	9.999999e-01	1.000000	14.872587
4	4	cylinder	true	8.0	chi4	2.3853291478e-01	ZZ up-up nb	2	-0.3674206491	-0.0627825931	-3.046381e-01	8.291261e-01	1.411502	14.872587
4	4	cylinder	true	8.0	chi8	4.8870520581e-01	ZZ up-up nb	2	-0.3674206491	-0.2628408162	-1.045798e-01	2.846324e-01	7.002502	14.872587
4	4	cylinder	true	8.0	chi16	6.7628151279e-01	ZZ up-up nb	2	-0.3674206491	-0.2406146847	-1.268060e-01	3.451248e-01	5.607263	14.872587
4	4	cylinder	true	8.0	chi32	8.6181606904e-01	ZZ up-up nb	2	-0.3674206491	-0.3176690715	-4.975158e-02	1.354077e-01	11.856740	14.872587
4	4	cylinder	true	8.0	chi64	9.5383443262e-01	ZZ up-up nb	2	-0.3674206491	-0.3454737058	-2.194694e-02	5.973247e-02	14.171158	14.872587
4	4	cylinder	true	8.0	chi128	9.8716295535e-01	ZZ up-up nb	2	-0.3674206491	-0.3595947207	-7.825928e-03	2.129964e-02	14.779570	14.872587
4	4	cylinder	true	8.0	UHF	1.0154791703e-01	ZZ up-up nb	2	-0.3674206491	-0.8463481226	4.789275e-01	1.303485e+00	0.605301	14.872587
4	4	cylinder	true	8.0	chi2	3.6888713219e-02	SzSz nb	4	-0.0861394320	-0.0000000067	-8.613943e-02	9.999999e-01	1.000000	1.738318
4	4	cylinder	true	8.0	chi4	2.3853291478e-01	SzSz nb	4	-0.0861394320	-0.0156956483	-7.044378e-02	8.177879e-01	1.163712	1.738318
4	4	cylinder	true	8.0	chi8	4.8870520581e-01	SzSz nb	4	-0.0861394320	-0.0656996061	-2.043983e-02	2.372877e-01	1.668938	1.738318
4	4	cylinder	true	8.0	chi16	6.7628151279e-01	SzSz nb	4	-0.0861394320	-0.0601086242	-2.603081e-02	3.021939e-01	1.628517	1.738318
4	4	cylinder	true	8.0	chi32	8.6181606904e-01	SzSz nb	4	-0.0861394320	-0.0761365201	-1.000291e-02	1.161247e-01	1.721182	1.738318
4	4	cylinder	true	8.0	chi64	9.5383443262e-01	SzSz nb	4	-0.0861394320	-0.0816740363	-4.465396e-03	5.183916e-02	1.734876	1.738318
4	4	cylinder	true	8.0	chi128	9.8716295535e-01	SzSz nb	4	-0.0861394320	-0.0844876886	-1.651743e-03	1.917523e-02	1.737846	1.738318
4	4	cylinder	true	8.0	UHF	1.0154791703e-01	SzSz nb	4	-0.0861394320	-0.2055728509	1.194334e-01	1.386513e+00	0.718505	1.738318
4	4	cylinder	true	8.0	chi2	3.6888713219e-02	DoubleOcc	2	0.0541615814	0.0000000000	5.416158e-02	1.000000e+00	1.000000	1.261521
4	4	cylinder	true	8.0	chi4	2.3853291478e-01	DoubleOcc	2	0.0541615814	0.0000000000	5.416158e-02	1.000000e+00	1.000000	1.261521
4	4	cylinder	true	8.0	chi8	4.8870520581e-01	DoubleOcc	2	0.0541615814	0.0199222999	3.423928e-02	6.321692e-01	1.142150	1.261521
4	4	cylinder	true	8.0	chi16	6.7628151279e-01	DoubleOcc	2	0.0541615814	0.0317592404	2.240234e-02	4.136205e-01	1.207496	1.261521
4	4	cylinder	true	8.0	chi32	8.6181606904e-01	DoubleOcc	2	0.0541615814	0.0441831445	9.978437e-03	1.842346e-01	1.250421	1.261521
4	4	cylinder	true	8.0	chi64	9.5383443262e-01	DoubleOcc	2	0.0541615814	0.0504259513	3.735630e-03	6.897195e-02	1.259953	1.261521
4	4	cylinder	true	8.0	chi128	9.8716295535e-01	DoubleOcc	2	0.0541615814	0.0530000569	1.161524e-03	2.144554e-02	1.261369	1.261521
4	4	cylinder	true	8.0	UHF	1.0154791703e-01	DoubleOcc	2	0.0541615814	0.0504413239	3.720258e-03	6.868813e-02	1.259966	1.261521
4	4	cylinder	true	8.0	chi2	3.6888713219e-02	Sz	2	-0.0000123172	-0.0001038813	9.156407e-05	7.433838e+00	0.999999	1.000000
4	4	cylinder	true	8.0	chi4	2.3853291478e-01	Sz	2	-0.0000123172	-0.0000231664	1.084924e-05	8.808200e-01	1.000000	1.000000
4	4	cylinder	true	8.0	chi8	4.8870520581e-01	Sz	2	-0.0000123172	-0.0000164563	4.139132e-06	3.360449e-01	1.000000	1.000000
4	4	cylinder	true	8.0	chi16	6.7628151279e-01	Sz	2	-0.0000123172	-0.0000155071	3.189901e-06	2.589794e-01	1.000000	1.000000
4	4	cylinder	true	8.0	chi32	8.6181606904e-01	Sz	2	-0.0000123172	-0.0000144960	2.178774e-06	1.768887e-01	1.000000	1.000000
4	4	cylinder	true	8.0	chi64	9.5383443262e-01	Sz	2	-0.0000123172	-0.0000125435	2.263245e-07	1.837467e-02	1.000000	1.000000
4	4	cylinder	true	8.0	chi128	9.8716295535e-01	Sz	2	-0.0000123172	-0.0000123846	6.738297e-08	5.470640e-03	1.000000	1.000000
4	4	cylinder	true	8.0	UHF	1.0154791703e-01	Sz	2	-0.0000123172	-0.4467199084	4.467076e-01	3.626697e+04	0.053369	1.000000
