B	n_u	n_m	observable	pure	absA	prior	true	Delta	sd_std	sd_crm	G_emp	G_max	sd_std_theory	sd_crm_theory	nm_star
5000	5000	1	n	false	0	chi2	0.9999999999890202	-1.0976997089073848e-11	0.015771765769523775	0.015771765748156252	1.0000000027095917	1.0000000002573965	NaN	NaN	NaN
5000	5000	1	n	false	0	chi4	0.9999999999890202	-5.295314187137024e-10	0.015771765769523775	0.015771765731979494	1.0000000047609483	1.0000000002573965	NaN	NaN	NaN
5000	5000	1	n	false	0	chi8	0.9999999999890202	7.150757763696447e-11	0.015771765769523775	0.015771765763455212	1.0000000007695475	1.0000000002573965	NaN	NaN	NaN
5000	5000	1	n	false	0	chi32	0.9999999999890202	-3.9698211384830984e-10	0.015771765769523775	0.015771765767199075	1.0000000002947924	1.0000000002573965	NaN	NaN	NaN
5000	5000	1	n	false	0	exact	0.9999999999890202	0.0	0.015771765769523775	0.015771765767493975	1.0000000002573965	1.0000000002573965	NaN	NaN	NaN
5000	5000	1	Sz	false	0	chi2	1.498873095084896e-9	-1.4229547179445134e-8	0.010173721012890036	0.010173721016687629	0.9999999992534504	0.9999999999286834	NaN	NaN	NaN
5000	5000	1	Sz	false	0	chi4	1.498873095084896e-9	-2.5912613312029098e-8	0.010173721012890036	0.010173721019466302	0.9999999987072052	0.9999999999286834	NaN	NaN	NaN
5000	5000	1	Sz	false	0	chi8	1.498873095084896e-9	-3.0038820458822e-9	0.010173721012890036	0.01017372101398387	0.9999999997849687	0.9999999999286834	NaN	NaN	NaN
5000	5000	1	Sz	false	0	chi32	1.498873095084896e-9	-4.5203188414610906e-11	0.010173721012890036	0.010173721013231534	0.9999999999328666	0.9999999999286834	NaN	NaN	NaN
5000	5000	1	Sz	false	0	exact	1.498873095084896e-9	0.0	0.010173721012890036	0.010173721013252814	0.9999999999286834	0.9999999999286834	NaN	NaN	NaN
5000	5000	1	DoubleOcc	false	0	chi2	0.10027732104750578	0.10027732104750578	0.012537434870032255	0.011722475777638661	1.1438753252472262	1.2664304017731267	NaN	NaN	NaN
5000	5000	1	DoubleOcc	false	0	chi4	0.10027732104750578	0.04168047383266396	0.012537434870032255	0.011233541341350933	1.2456155006910639	1.2664304017731267	NaN	NaN	NaN
5000	5000	1	DoubleOcc	false	0	chi8	0.10027732104750578	0.000164670029318692	0.012537434870032255	0.01114077622144342	1.2664454210925367	1.2664304017731267	NaN	NaN	NaN
5000	5000	1	DoubleOcc	false	0	chi32	0.10027732104750578	2.5929579957395532e-5	0.012537434870032255	0.011140831653162438	1.266432818609298	1.2664304017731267	NaN	NaN	NaN
5000	5000	1	DoubleOcc	false	0	exact	0.10027732104750578	0.0	0.012537434870032255	0.011140842283652684	1.2664304017731267	1.2664304017731267	NaN	NaN	NaN
5000	5000	1	ZZ onsite	true	2	chi2	-0.5988907157880141	0.4011092842119831	0.04063468931762429	0.03686272902238038	1.2151193020678281	1.4529152842270199	0.04157241852609232	0.037574135939325806	4.484443831299855
5000	5000	1	ZZ onsite	true	2	chi4	-0.5988907157880141	0.1667218963897199	0.04063468931762429	0.034258545086496506	1.406876764181349	1.4529152842270199	0.04157241852609232	0.03462466958910238	25.95665557985754
5000	5000	1	ZZ onsite	true	2	chi8	-0.5988907157880141	0.0006586799742634986	0.04063468931762429	0.033711285998213235	1.4529251689838552	1.4529152842270199	0.04157241852609232	0.033976381990320124	1.6629726163126242e6
5000	5000	1	ZZ onsite	true	2	chi32	-0.5988907157880141	0.000103719113789702	0.04063468931762429	0.03371138140917748	1.452916944770585	1.4529152842270199	0.04157241852609232	0.03397637202806538	6.706816481044408e7
5000	5000	1	ZZ onsite	true	2	exact	-0.5988907157880141	0.0	0.04063468931762429	0.033711400673618455	1.4529152842270199	1.4529152842270199	0.04157241852609232	0.03397637177476807	NaN
5000	5000	1	ZZ up-up r=1	true	2	chi2	-0.43615457682117426	-0.07171029294962133	0.04160416517790467	0.03865918538335481	1.1581591083070037	1.158772153648171	0.04197563384897944	0.03828592847243187	177.15392348562233
5000	5000	1	ZZ up-up r=1	true	2	chi4	-0.43615457682117426	-0.13537199962080515	0.04160416517790467	0.03883081474048637	1.1479437769496041	1.158772153648171	0.04197563384897944	0.03856041310025649	49.71140988142979
5000	5000	1	ZZ up-up r=1	true	2	chi8	-0.43615457682117426	-0.009747202733221605	0.04160416517790467	0.038638925232876306	1.1593739779970251	1.158772153648171	0.04197563384897944	0.038180316210713765	9588.568394630294
5000	5000	1	ZZ up-up r=1	true	2	chi32	-0.43615457682117426	-0.0004756162267585684	0.04160416517790467	0.038648384889169766	1.1588065060474353	1.158772153648171	0.04197563384897944	0.038178330177596406	4.0271744442134714e6
5000	5000	1	ZZ up-up r=1	true	2	exact	-0.43615457682117426	0.0	0.04160416517790467	0.03864895776059439	1.158772153648171	1.158772153648171	0.04197563384897944	0.03817832543750834	NaN
5000	5000	1	SzSz r=1	false	0	chi2	-0.0898879388012332	0.0012231321666550249	0.0063471541333650185	0.005997239028839203	1.120096324945752	1.1212316421233377	NaN	NaN	NaN
5000	5000	1	SzSz r=1	false	0	chi4	-0.0898879388012332	-0.013452665049220033	0.0063471541333650185	0.0059971008753541884	1.1201479322128203	1.1212316421233377	NaN	NaN	NaN
5000	5000	1	SzSz r=1	false	0	chi8	-0.0898879388012332	-0.0022027891418965467	0.0063471541333650185	0.005992425233223783	1.121896624579603	1.1212316421233377	NaN	NaN	NaN
5000	5000	1	SzSz r=1	false	0	chi32	-0.0898879388012332	-9.11205247974417e-5	0.0063471541333650185	0.0059941135987143295	1.1212647030294	1.1212316421233377	NaN	NaN	NaN
5000	5000	1	SzSz r=1	false	0	exact	-0.0898879388012332	0.0	0.0063471541333650185	0.005994201970001029	1.1212316421233377	1.1212316421233377	NaN	NaN	NaN
5000	5000	1	hop up r=1	false	0	chi2	0.4440883514173588	0.4440883514173588	0.05028099618587134	0.05028099618587134	1.0	1.149567595842403	NaN	NaN	NaN
5000	5000	1	hop up r=1	false	0	chi4	0.4440883514173588	0.4440883514173588	0.05028099618587134	0.05028099618587134	1.0	1.149567595842403	NaN	NaN	NaN
5000	5000	1	hop up r=1	false	0	chi8	0.4440883514173588	0.010882164287152052	0.05028099618587134	0.04686048710897703	1.1513149645398708	1.149567595842403	NaN	NaN	NaN
5000	5000	1	hop up r=1	false	0	chi32	0.4440883514173588	0.00036244009992458803	0.05028099618587134	0.04689480450703902	1.14963052731137	1.149567595842403	NaN	NaN	NaN
5000	5000	1	hop up r=1	false	0	exact	0.4440883514173588	0.0	0.05028099618587134	0.04689608808468902	1.149567595842403	1.149567595842403	NaN	NaN	NaN
5000	2500	2	n	false	0	chi2	0.9999999999890202	-1.0976997089073848e-11	0.015328442602938459	0.01532844262838708	0.9999999966795555	0.9999999996840698	NaN	NaN	NaN
5000	2500	2	n	false	0	chi4	0.9999999999890202	-5.295314187137024e-10	0.015328442602938459	0.015328442647472426	0.9999999941893684	0.9999999996840698	NaN	NaN	NaN
5000	2500	2	n	false	0	chi8	0.9999999999890202	7.150757763696447e-11	0.015328442602938459	0.01532844261019495	0.9999999990531993	0.9999999996840698	NaN	NaN	NaN
5000	2500	2	n	false	0	chi32	0.9999999999890202	-3.9698211384830984e-10	0.015328442602938459	0.015328442605572304	0.9999999996563455	0.9999999996840698	NaN	NaN	NaN
5000	2500	2	n	false	0	exact	0.9999999999890202	0.0	0.015328442602938459	0.015328442605359817	0.9999999996840698	0.9999999996840698	NaN	NaN	NaN
5000	2500	2	Sz	false	0	chi2	1.498873095084896e-9	-1.4229547179445134e-8	0.009063571191553632	0.009063571193633277	0.9999999995410981	0.9999999999530876	NaN	NaN	NaN
5000	2500	2	Sz	false	0	chi4	1.498873095084896e-9	-2.5912613312029098e-8	0.009063571191553632	0.009063571194497843	0.99999999935032	0.9999999999530876	NaN	NaN	NaN
5000	2500	2	Sz	false	0	chi8	1.498873095084896e-9	-3.0038820458822e-9	0.009063571191553632	0.009063571192257239	0.9999999998447393	0.9999999999530876	NaN	NaN	NaN
5000	2500	2	Sz	false	0	chi32	1.498873095084896e-9	-4.5203188414610906e-11	0.009063571191553632	0.009063571191251422	1.0000000000666867	0.9999999999530876	NaN	NaN	NaN
5000	2500	2	Sz	false	0	exact	1.498873095084896e-9	0.0	0.009063571191553632	0.009063571191766227	0.9999999999530876	0.9999999999530876	NaN	NaN	NaN
5000	2500	2	DoubleOcc	false	0	chi2	0.10027732104750578	0.10027732104750578	0.013719834970455784	0.013412508292998244	1.0463519016808573	1.35821131747389	NaN	NaN	NaN
5000	2500	2	DoubleOcc	false	0	chi4	0.10027732104750578	0.04168047383266396	0.013719834970455784	0.012185850170608198	1.2676113143232697	1.35821131747389	NaN	NaN	NaN
5000	2500	2	DoubleOcc	false	0	chi8	0.10027732104750578	0.000164670029318692	0.013719834970455784	0.011773204126030407	1.35802707018011	1.35821131747389	NaN	NaN	NaN
5000	2500	2	DoubleOcc	false	0	chi32	0.10027732104750578	2.5929579957395532e-5	0.013719834970455784	0.01177253085127789	1.358182406614801	1.35821131747389	NaN	NaN	NaN
5000	2500	2	DoubleOcc	false	0	exact	0.10027732104750578	0.0	0.013719834970455784	0.011772405555682356	1.35821131747389	1.35821131747389	NaN	NaN	NaN
5000	2500	2	ZZ onsite	true	2	chi2	-0.5988907157880141	0.4011092842119831	0.04508978951821567	0.043577672423324665	1.0706027537843126	1.6417267328382417	0.04798060155145944	0.040856303604176115	4.484443831299855
5000	2500	2	ZZ onsite	true	2	chi4	-0.5988907157880141	0.1667218963897199	0.04508978951821567	0.03737326859315106	1.4555738740668946	1.6417267328382417	0.04798060155145944	0.03526105003161089	25.95665557985754
5000	2500	2	ZZ onsite	true	2	chi8	-0.5988907157880141	0.0006586799742634986	0.04508978951821567	0.035194957297481136	1.6413285761353589	1.6417267328382417	0.04798060155145944	0.033976392205869115	1.6629726163126242e6
5000	2500	2	ZZ onsite	true	2	chi32	-0.5988907157880141	0.000103719113789702	0.04508978951821567	0.03519135891494741	1.6416642511543935	1.6417267328382417	0.04798060155145944	0.03397637228136269	6.706816481044408e7
5000	2500	2	ZZ onsite	true	2	exact	-0.5988907157880141	0.0	0.04508978951821567	0.035190689243119806	1.6417267328382417	1.6417267328382417	0.04798060155145944	0.03397637177476807	NaN
5000	2500	2	ZZ up-up r=1	true	2	chi2	-0.43615457682117426	-0.07171029294962133	0.04487036756829931	0.037508081970201265	1.4310985493689699	1.459481935917526	0.04545682721918547	0.03839322993419598	177.15392348562233
5000	2500	2	ZZ up-up r=1	true	2	chi4	-0.43615457682117426	-0.13537199962080515	0.04487036756829931	0.038163973170619224	1.3823311371364575	1.459481935917526	0.04545682721918547	0.03893875169689662	49.71140988142979
5000	2500	2	ZZ up-up r=1	true	2	chi8	-0.43615457682117426	-0.009747202733221605	0.04487036756829931	0.037167715039383965	1.4574294091863635	1.459481935917526	0.04545682721918547	0.038182306880123	9588.568394630294
5000	2500	2	ZZ up-up r=1	true	2	chi32	-0.43615457682117426	-0.0004756162267585684	0.04487036756829931	0.03714267221452452	1.4593953664745993	1.459481935917526	0.04545682721918547	0.03817833491768389	4.0271744442134714e6
5000	2500	2	ZZ up-up r=1	true	2	exact	-0.43615457682117426	0.0	0.04487036756829931	0.0371415706359282	1.459481935917526	1.459481935917526	0.04545682721918547	0.03817832543750834	NaN
5000	2500	2	SzSz r=1	false	0	chi2	-0.0898879388012332	0.0012231321666550249	0.006338319951850812	0.005674756824787484	1.2475380617994802	1.255465259192708	NaN	NaN	NaN
5000	2500	2	SzSz r=1	false	0	chi4	-0.0898879388012332	-0.013452665049220033	0.006338319951850812	0.005690864369617663	1.2404859390945293	1.255465259192708	NaN	NaN	NaN
5000	2500	2	SzSz r=1	false	0	chi8	-0.0898879388012332	-0.0022027891418965467	0.006338319951850812	0.005655627658700096	1.2559914900421152	1.255465259192708	NaN	NaN	NaN
5000	2500	2	SzSz r=1	false	0	chi32	-0.0898879388012332	-9.11205247974417e-5	0.006338319951850812	0.005656711370037593	1.255510291074785	1.255465259192708	NaN	NaN	NaN
5000	2500	2	SzSz r=1	false	0	exact	-0.0898879388012332	0.0	0.006338319951850812	0.005656812818513887	1.255465259192708	1.255465259192708	NaN	NaN	NaN
5000	2500	2	hop up r=1	false	0	chi2	0.4440883514173588	0.4440883514173588	0.057108953230625266	0.057108953230625266	1.0	1.5047509262745313	NaN	NaN	NaN
5000	2500	2	hop up r=1	false	0	chi4	0.4440883514173588	0.4440883514173588	0.057108953230625266	0.057108953230625266	1.0	1.5047509262745313	NaN	NaN	NaN
5000	2500	2	hop up r=1	false	0	chi8	0.4440883514173588	0.010882164287152052	0.057108953230625266	0.04661108343625679	1.5011704402661763	1.5047509262745313	NaN	NaN	NaN
5000	2500	2	hop up r=1	false	0	chi32	0.4440883514173588	0.00036244009992458803	0.057108953230625266	0.04655725711389217	1.5046435483576683	1.5047509262745313	NaN	NaN	NaN
5000	2500	2	hop up r=1	false	0	exact	0.4440883514173588	0.0	0.057108953230625266	0.046555595938482734	1.5047509262745313	1.5047509262745313	NaN	NaN	NaN
5000	1000	5	n	false	0	chi2	0.9999999999890202	-1.0976997089073848e-11	0.015568922123583923	0.01556892206176522	1.0000000079412952	1.0000000007563319	NaN	NaN	NaN
5000	1000	5	n	false	0	chi4	0.9999999999890202	-5.295314187137024e-10	0.015568922123583923	0.015568922015686668	1.0000000138605944	1.0000000007563319	NaN	NaN	NaN
5000	1000	5	n	false	0	chi8	0.9999999999890202	7.150757763696447e-11	0.015568922123583923	0.015568922105911858	1.000000002270172	1.0000000007563319	NaN	NaN	NaN
5000	1000	5	n	false	0	chi32	0.9999999999890202	-3.9698211384830984e-10	0.015568922123583923	0.015568922117396477	1.000000000794846	1.0000000007563319	NaN	NaN	NaN
5000	1000	5	n	false	0	exact	0.9999999999890202	0.0	0.015568922123583923	0.015568922117696287	1.0000000007563319	1.0000000007563319	NaN	NaN	NaN
5000	1000	5	Sz	false	0	chi2	1.498873095084896e-9	-1.4229547179445134e-8	0.009713827027815338	0.009713827040386501	0.999999997411697	0.9999999997530492	NaN	NaN	NaN
5000	1000	5	Sz	false	0	chi4	1.498873095084896e-9	-2.5912613312029098e-8	0.009713827027815338	0.009713827049657151	0.9999999955029436	0.9999999997530492	NaN	NaN	NaN
5000	1000	5	Sz	false	0	chi8	1.498873095084896e-9	-3.0038820458822e-9	0.009713827027815338	0.00971382703142492	0.9999999992568156	0.9999999997530492	NaN	NaN	NaN
5000	1000	5	Sz	false	0	chi32	1.498873095084896e-9	-4.5203188414610906e-11	0.009713827027815338	0.009713827028999426	0.9999999997562056	0.9999999997530492	NaN	NaN	NaN
5000	1000	5	Sz	false	0	exact	1.498873095084896e-9	0.0	0.009713827027815338	0.009713827029014755	0.9999999997530492	0.9999999997530492	NaN	NaN	NaN
5000	1000	5	DoubleOcc	false	0	chi2	0.10027732104750578	0.10027732104750578	0.018653985685501293	0.014546874999794583	1.6443863548630715	2.4954965954168187	NaN	NaN	NaN
5000	1000	5	DoubleOcc	false	0	chi4	0.10027732104750578	0.04168047383266396	0.018653985685501293	0.012198367392164835	2.338513382682152	2.4954965954168187	NaN	NaN	NaN
5000	1000	5	DoubleOcc	false	0	chi8	0.10027732104750578	0.000164670029318692	0.018653985685501293	0.011807576692208747	2.4958686624553015	2.4954965954168187	NaN	NaN	NaN
5000	1000	5	DoubleOcc	false	0	chi32	0.10027732104750578	2.5929579957395532e-5	0.018653985685501293	0.011808317004738077	2.495555719481138	2.4954965954168187	NaN	NaN	NaN
5000	1000	5	DoubleOcc	false	0	exact	0.10027732104750578	0.0	0.018653985685501293	0.01180845688702848	2.4954965954168187	2.4954965954168187	NaN	NaN	NaN
5000	1000	5	ZZ onsite	true	2	chi2	-0.5988907157880141	0.4011092842119831	0.06570166606189105	0.048992310490708985	1.7984440124361802	3.7896285200343875	0.0634330714583008	0.04941156850400169	4.484443831299855
5000	1000	5	ZZ onsite	true	2	chi4	-0.5988907157880141	0.1667218963897199	0.06570166606189105	0.03651141015782244	3.2381394790064792	3.7896285200343875	0.0634330714583008	0.03710476202407896	25.95665557985754
5000	1000	5	ZZ onsite	true	2	chi8	-0.5988907157880141	0.0006586799742634986	0.06570166606189105	0.03374799453406824	3.7901537248361836	3.7896285200343875	0.0634330714583008	0.03397642285249764	1.6629726163126242e6
5000	1000	5	ZZ onsite	true	2	chi32	-0.5988907157880141	0.000103719113789702	0.06570166606189105	0.03374995759607677	3.7897128300362257	3.7896285200343875	0.0634330714583008	0.03397637304125461	6.706816481044408e7
5000	1000	5	ZZ onsite	true	2	exact	-0.5988907157880141	0.0	0.06570166606189105	0.033750333021154176	3.7896285200343875	3.7896285200343875	0.0634330714583008	0.03397637177476807	NaN
5000	1000	5	ZZ up-up r=1	true	2	chi2	-0.43615457682117426	-0.07171029294962133	0.054147946954602864	0.037734957246193336	2.0590944358458056	2.0849080971323453	0.054584164849054505	0.03871334992133412	177.15392348562233
5000	1000	5	ZZ up-up r=1	true	2	chi4	-0.43615457682117426	-0.13537199962080515	0.054147946954602864	0.03894205492065955	1.93342023564941	2.0849080971323453	0.054584164849054505	0.04005233026258245	49.71140988142979
5000	1000	5	ZZ up-up r=1	true	2	chi8	-0.43615457682117426	-0.009747202733221605	0.054147946954602864	0.03746069588705324	2.089355343014155	2.0849080971323453	0.054584164849054505	0.0381882782657359	9588.568394630294
5000	1000	5	ZZ up-up r=1	true	2	chi32	-0.43615457682117426	-0.0004756162267585684	0.054147946954602864	0.03749815546773141	2.0851830160753773	2.0849080971323453	0.054584164849054505	0.038178349137942796	4.0271744442134714e6
5000	1000	5	ZZ up-up r=1	true	2	exact	-0.43615457682117426	0.0	0.054147946954602864	0.037500627666257835	2.0849080971323453	2.0849080971323453	0.054584164849054505	0.03817832543750834	NaN
5000	1000	5	SzSz r=1	false	0	chi2	-0.0898879388012332	0.0012231321666550249	0.007790723042324395	0.005972034414191592	1.7018094376557689	1.7112419741311389	NaN	NaN	NaN
5000	1000	5	SzSz r=1	false	0	chi4	-0.0898879388012332	-0.013452665049220033	0.007790723042324395	0.006044310327443452	1.6613533960200064	1.7112419741311389	NaN	NaN	NaN
5000	1000	5	SzSz r=1	false	0	chi8	-0.0898879388012332	-0.0022027891418965467	0.007790723042324395	0.005956593363932988	1.710643945174771	1.7112419741311389	NaN	NaN	NaN
5000	1000	5	SzSz r=1	false	0	chi32	-0.0898879388012332	-9.11205247974417e-5	0.007790723042324395	0.005955434797861679	1.7113095848401783	1.7112419741311389	NaN	NaN	NaN
5000	1000	5	SzSz r=1	false	0	exact	-0.0898879388012332	0.0	0.007790723042324395	0.00595555244551126	1.7112419741311389	1.7112419741311389	NaN	NaN	NaN
5000	1000	5	hop up r=1	false	0	chi2	0.4440883514173588	0.4440883514173588	0.06414297219458177	0.06414297219458177	1.0	2.0658827396637522	NaN	NaN	NaN
5000	1000	5	hop up r=1	false	0	chi4	0.4440883514173588	0.4440883514173588	0.06414297219458177	0.06414297219458177	1.0	2.0658827396637522	NaN	NaN	NaN
5000	1000	5	hop up r=1	false	0	chi8	0.4440883514173588	0.010882164287152052	0.06414297219458177	0.04454243257667181	2.0737208649047174	2.0658827396637522	NaN	NaN	NaN
5000	1000	5	hop up r=1	false	0	chi32	0.4440883514173588	0.00036244009992458803	0.06414297219458177	0.04462350268525083	2.0661928112191634	2.0658827396637522	NaN	NaN	NaN
5000	1000	5	hop up r=1	false	0	exact	0.4440883514173588	0.0	0.06414297219458177	0.044626851365084916	2.0658827396637522	2.0658827396637522	NaN	NaN	NaN
5000	500	10	n	false	0	chi2	0.9999999999890202	-1.0976997089073848e-11	0.015126368079555573	0.01512636814171545	0.9999999917812558	0.9999999992090757	NaN	NaN	NaN
5000	500	10	n	false	0	chi4	0.9999999999890202	-5.295314187137024e-10	0.015126368079555573	0.015126368185134376	0.9999999860404294	0.9999999992090757	NaN	NaN	NaN
5000	500	10	n	false	0	chi8	0.9999999999890202	7.150757763696447e-11	0.015126368079555573	0.015126368097788744	0.9999999975892205	0.9999999992090757	NaN	NaN	NaN
5000	500	10	n	false	0	chi32	0.9999999999890202	-3.9698211384830984e-10	0.015126368079555573	0.015126368083608127	0.9999999994641737	0.9999999992090757	NaN	NaN	NaN
5000	500	10	n	false	0	exact	0.9999999999890202	0.0	0.015126368079555573	0.015126368085537481	0.9999999992090757	0.9999999992090757	NaN	NaN	NaN
5000	500	10	Sz	false	0	chi2	1.498873095084896e-9	-1.4229547179445134e-8	0.00981599466767324	0.009815994702821395	0.9999999928385955	0.9999999993204175	NaN	NaN	NaN
5000	500	10	Sz	false	0	chi4	1.498873095084896e-9	-2.5912613312029098e-8	0.00981599466767324	0.009815994729596253	0.9999999873832424	0.9999999993204175	NaN	NaN	NaN
5000	500	10	Sz	false	0	chi8	1.498873095084896e-9	-3.0038820458822e-9	0.00981599466767324	0.009815994677629433	0.9999999979714346	0.9999999993204175	NaN	NaN	NaN
5000	500	10	Sz	false	0	chi32	1.498873095084896e-9	-4.5203188414610906e-11	0.00981599466767324	0.009815994671620112	0.9999999991958283	0.9999999993204175	NaN	NaN	NaN
5000	500	10	Sz	false	0	exact	1.498873095084896e-9	0.0	0.00981599466767324	0.009815994671008629	0.9999999993204175	0.9999999993204175	NaN	NaN	NaN
5000	500	10	DoubleOcc	false	0	chi2	0.10027732104750578	0.10027732104750578	0.022281867425721823	0.01721238962060541	1.6757947879197606	3.3549492322314136	NaN	NaN	NaN
5000	500	10	DoubleOcc	false	0	chi4	0.10027732104750578	0.04168047383266396	0.022281867425721823	0.013131370249049167	2.8792745483463826	3.3549492322314136	NaN	NaN	NaN
5000	500	10	DoubleOcc	false	0	chi8	0.10027732104750578	0.000164670029318692	0.022281867425721823	0.012164593678427373	3.355119223798557	3.3549492322314136	NaN	NaN	NaN
5000	500	10	DoubleOcc	false	0	chi32	0.10027732104750578	2.5929579957395532e-5	0.022281867425721823	0.012164851078957007	3.3549772409131333	3.3549492322314136	NaN	NaN	NaN
5000	500	10	DoubleOcc	false	0	exact	0.10027732104750578	0.0	0.022281867425721823	0.012164901857777686	3.3549492322314136	3.3549492322314136	NaN	NaN	NaN
5000	500	10	ZZ onsite	true	2	chi2	-0.5988907157880141	0.4011092842119831	0.0842722282673411	0.059648728049261086	1.9960277754910696	5.372012527771784	0.08302478708368083	0.061062364555215576	4.484443831299855
5000	500	10	ZZ onsite	true	2	chi4	-0.5988907157880141	0.1667218963897199	0.0842722282673411	0.040699129783020184	4.287446442781903	5.372012527771784	0.08302478708368083	0.03998915966546194	25.95665557985754
5000	500	10	ZZ onsite	true	2	chi8	-0.5988907157880141	0.0006586799742634986	0.0842722282673411	0.03635460484921025	5.373411466624869	5.372012527771784	0.08302478708368083	0.033976473930150436	1.6629726163126242e6
5000	500	10	ZZ onsite	true	2	chi32	-0.5988907157880141	0.000103719113789702	0.0842722282673411	0.03635858079812545	5.372236324972855	5.372012527771784	0.08302478708368083	0.03397637430774109	6.706816481044408e7
5000	500	10	ZZ onsite	true	2	exact	-0.5988907157880141	0.0	0.0842722282673411	0.036359338136630455	5.372012527771784	5.372012527771784	0.08302478708368083	0.03397637177476807	NaN
5000	500	10	ZZ up-up r=1	true	2	chi2	-0.43615457682117426	-0.07171029294962133	0.06383153740054591	0.03980998731513753	2.5709079717792824	2.6203832391267796	0.06709156110365311	0.039241080401169186	177.15392348562233
5000	500	10	ZZ up-up r=1	true	2	chi4	-0.43615457682117426	-0.13537199962080515	0.06383153740054591	0.04169094628272786	2.344159206475804	2.6203832391267796	0.06709156110365311	0.04184248780502494	49.71140988142979
5000	500	10	ZZ up-up r=1	true	2	chi8	-0.43615457682117426	-0.009747202733221605	0.06383153740054591	0.03937127608930083	2.628522063918172	2.6203832391267796	0.06709156110365311	0.03819822850068124	9588.568394630294
5000	500	10	ZZ up-up r=1	true	2	chi32	-0.43615457682117426	-0.0004756162267585684	0.06383153740054591	0.039428570317839924	2.6208885269304094	2.6203832391267796	0.06709156110365311	0.03817837283836254	4.0271744442134714e6
5000	500	10	ZZ up-up r=1	true	2	exact	-0.43615457682117426	0.0	0.06383153740054591	0.03943237163496511	2.6203832391267796	2.6203832391267796	0.06709156110365311	0.03817832543750834	NaN
5000	500	10	SzSz r=1	false	0	chi2	-0.0898879388012332	0.0012231321666550249	0.008622477514020736	0.00581013697294291	2.2023756619098855	2.248110673238998	NaN	NaN	NaN
5000	500	10	SzSz r=1	false	0	chi4	-0.0898879388012332	-0.013452665049220033	0.008622477514020736	0.005893379314909466	2.140599166882263	2.248110673238998	NaN	NaN	NaN
5000	500	10	SzSz r=1	false	0	chi8	-0.0898879388012332	-0.0022027891418965467	0.008622477514020736	0.005742339260690529	2.254687963441217	2.248110673238998	NaN	NaN	NaN
5000	500	10	SzSz r=1	false	0	chi32	-0.0898879388012332	-9.11205247974417e-5	0.008622477514020736	0.005750333837293115	2.2484230243770353	2.248110673238998	NaN	NaN	NaN
5000	500	10	SzSz r=1	false	0	exact	-0.0898879388012332	0.0	0.008622477514020736	0.005750733297372152	2.248110673238998	2.248110673238998	NaN	NaN	NaN
5000	500	10	hop up r=1	false	0	chi2	0.4440883514173588	0.4440883514173588	0.0796763304255108	0.0796763304255108	1.0	3.2161525093240138	NaN	NaN	NaN
5000	500	10	hop up r=1	false	0	chi4	0.4440883514173588	0.4440883514173588	0.0796763304255108	0.0796763304255108	1.0	3.2161525093240138	NaN	NaN	NaN
5000	500	10	hop up r=1	false	0	chi8	0.4440883514173588	0.010882164287152052	0.0796763304255108	0.04444857151693902	3.2132390153522383	3.2161525093240138	NaN	NaN	NaN
5000	500	10	hop up r=1	false	0	chi32	0.4440883514173588	0.00036244009992458803	0.0796763304255108	0.04442814555955726	3.2161942848077563	3.2161525093240138	NaN	NaN	NaN
5000	500	10	hop up r=1	false	0	exact	0.4440883514173588	0.0	0.0796763304255108	0.04442843410328149	3.2161525093240138	3.2161525093240138	NaN	NaN	NaN
5000	200	25	n	false	0	chi2	0.9999999999890202	-1.0976997089073848e-11	0.014838841026425197	0.014838841061626015	0.999999995255584	0.9999999995520021	NaN	NaN	NaN
5000	200	25	n	false	0	chi4	0.9999999999890202	-5.295314187137024e-10	0.014838841026425197	0.01483884108921846	0.9999999915366352	0.9999999995520021	NaN	NaN	NaN
5000	200	25	n	false	0	chi8	0.9999999999890202	7.150757763696447e-11	0.014838841026425197	0.01483884103627262	0.9999999986727505	0.9999999995520021	NaN	NaN	NaN
5000	200	25	n	false	0	chi32	0.9999999999890202	-3.9698211384830984e-10	0.014838841026425197	0.014838841030956517	0.9999999993892624	0.9999999995520021	NaN	NaN	NaN
5000	200	25	n	false	0	exact	0.9999999999890202	0.0	0.014838841026425197	0.014838841029749082	0.9999999995520021	0.9999999995520021	NaN	NaN	NaN
5000	200	25	Sz	false	0	chi2	1.498873095084896e-9	-1.4229547179445134e-8	0.00944071879829981	0.009440718735269853	1.000000013352788	1.000000001279475	NaN	NaN	NaN
5000	200	25	Sz	false	0	chi4	1.498873095084896e-9	-2.5912613312029098e-8	0.00944071879829981	0.00944071869000937	1.0000000229411437	1.000000001279475	NaN	NaN	NaN
5000	200	25	Sz	false	0	chi8	1.498873095084896e-9	-3.0038820458822e-9	0.00944071879829981	0.009440718780007644	1.000000003875164	1.000000001279475	NaN	NaN	NaN
5000	200	25	Sz	false	0	chi32	1.498873095084896e-9	-4.5203188414610906e-11	0.00944071879829981	0.009440718793271874	1.0000000010651597	1.000000001279475	NaN	NaN	NaN
5000	200	25	Sz	false	0	exact	1.498873095084896e-9	0.0	0.00944071879829981	0.009440718792260229	1.000000001279475	1.000000001279475	NaN	NaN	NaN
5000	200	25	DoubleOcc	false	0	chi2	0.10027732104750578	0.10027732104750578	0.03212788950537443	0.022481152523949336	2.0423362732953367	8.620076325027574	NaN	NaN	NaN
5000	200	25	DoubleOcc	false	0	chi4	0.10027732104750578	0.04168047383266396	0.03212788950537443	0.013525296586956661	5.642490032204109	8.620076325027574	NaN	NaN	NaN
5000	200	25	DoubleOcc	false	0	chi8	0.10027732104750578	0.000164670029318692	0.03212788950537443	0.010941740925138329	8.621672860666477	8.620076325027574	NaN	NaN	NaN
5000	200	25	DoubleOcc	false	0	chi32	0.10027732104750578	2.5929579957395532e-5	0.03212788950537443	0.0109425880705728	8.620337979368976	8.620076325027574	NaN	NaN	NaN
5000	200	25	DoubleOcc	false	0	exact	0.10027732104750578	0.0	0.03212788950537443	0.010942754145317382	8.620076325027574	8.620076325027574	NaN	NaN	NaN
5000	200	25	ZZ onsite	true	2	chi2	-0.5988907157880141	0.4011092842119831	0.12352554490614852	0.08764474601343379	1.9863774809059658	13.048279939121857	0.1245038048304567	0.08712026259268985	4.484443831299855
5000	200	25	ZZ onsite	true	2	chi4	-0.5988907157880141	0.1667218963897199	0.12352554490614852	0.04819177360511656	6.570035811577457	13.048279939121857	0.1245038048304567	0.047605057172622284	25.95665557985754
5000	200	25	ZZ onsite	true	2	chi8	-0.5988907157880141	0.0006586799742634986	0.12352554490614852	0.03419939718634516	13.045978384223954	13.048279939121857	0.1245038048304567	0.03397662716264809	1.6629726163126242e6
5000	200	25	ZZ onsite	true	2	chi32	-0.5988907157880141	0.000103719113789702	0.12352554490614852	0.0341968223965281	13.04794300634483	13.048279939121857	0.1245038048304567	0.033976378107200285	6.706816481044408e7
5000	200	25	ZZ onsite	true	2	exact	-0.5988907157880141	0.0	0.12352554490614852	0.03419638087838277	13.048279939121857	13.048279939121857	0.1245038048304567	0.03397637177476807	NaN
5000	200	25	ZZ up-up r=1	true	2	chi2	-0.43615457682117426	-0.07171029294962133	0.09516792217590016	0.03930296277607074	5.863144458520886	6.76189711352526	0.09521983579325581	0.04078331984781421	177.15392348562233
5000	200	25	ZZ up-up r=1	true	2	chi4	-0.43615457682117426	-0.13537199962080515	0.09516792217590016	0.04558191842388205	4.35909140363644	6.76189711352526	0.09521983579325581	0.04680392787433237	49.71140988142979
5000	200	25	ZZ up-up r=1	true	2	chi8	-0.43615457682117426	-0.009747202733221605	0.09516792217590016	0.036643358757315954	6.745134678857907	6.76189711352526	0.09521983579325581	0.03822806366607125	9588.568394630294
5000	200	25	ZZ up-up r=1	true	2	chi32	-0.43615457682117426	-0.0004756162267585684	0.09516792217590016	0.036597679188979305	6.76198313126478	6.76189711352526	0.09521983579325581	0.038178443939533506	4.0271744442134714e6
5000	200	25	ZZ up-up r=1	true	2	exact	-0.43615457682117426	0.0	0.09516792217590016	0.03659791196682043	6.76189711352526	6.76189711352526	0.09521983579325581	0.03817832543750834	NaN
5000	200	25	SzSz r=1	false	0	chi2	-0.0898879388012332	0.0012231321666550249	0.012146684436921469	0.006081430107874367	3.9893676176844113	4.19779092462439	NaN	NaN	NaN
5000	200	25	SzSz r=1	false	0	chi4	-0.0898879388012332	-0.013452665049220033	0.012146684436921469	0.006378947630706268	3.6259133754881367	4.19779092462439	NaN	NaN	NaN
5000	200	25	SzSz r=1	false	0	chi8	-0.0898879388012332	-0.0022027891418965467	0.012146684436921469	0.005935745361654878	4.18759790884035	4.19779092462439	NaN	NaN	NaN
5000	200	25	SzSz r=1	false	0	chi32	-0.0898879388012332	-9.11205247974417e-5	0.012146684436921469	0.005928109712241746	4.198392453356398	4.19779092462439	NaN	NaN	NaN
5000	200	25	SzSz r=1	false	0	exact	-0.0898879388012332	0.0	0.012146684436921469	0.005928534435702886	4.19779092462439	4.19779092462439	NaN	NaN	NaN
5000	200	25	hop up r=1	false	0	chi2	0.4440883514173588	0.4440883514173588	0.11855283036676059	0.11855283036676059	1.0	6.108545478042085	NaN	NaN	NaN
5000	200	25	hop up r=1	false	0	chi4	0.4440883514173588	0.4440883514173588	0.11855283036676059	0.11855283036676059	1.0	6.108545478042085	NaN	NaN	NaN
5000	200	25	hop up r=1	false	0	chi8	0.4440883514173588	0.010882164287152052	0.11855283036676059	0.048004963709326935	6.09890070024083	6.108545478042085	NaN	NaN	NaN
5000	200	25	hop up r=1	false	0	chi32	0.4440883514173588	0.00036244009992458803	0.11855283036676059	0.04796591689365468	6.108834403056782	6.108545478042085	NaN	NaN	NaN
5000	200	25	hop up r=1	false	0	exact	0.4440883514173588	0.0	0.11855283036676059	0.0479670512381091	6.108545478042085	6.108545478042085	NaN	NaN	NaN
5000	100	50	n	false	0	chi2	0.9999999999890202	-1.0976997089073848e-11	0.015536504382294411	0.01553650419204541	1.0000000244905805	1.0000000023383062	NaN	NaN	NaN
5000	100	50	n	false	0	chi4	0.9999999999890202	-5.295314187137024e-10	0.015536504382294411	0.015536504052349005	1.0000000424735715	1.0000000023383062	NaN	NaN	NaN
5000	100	50	n	false	0	chi8	0.9999999999890202	7.150757763696447e-11	0.015536504382294411	0.01553650432757186	1.000000007044384	1.0000000023383062	NaN	NaN	NaN
5000	100	50	n	false	0	chi32	0.9999999999890202	-3.9698211384830984e-10	0.015536504382294411	0.015536504364823346	1.0000000022490343	1.0000000023383062	NaN	NaN	NaN
5000	100	50	n	false	0	exact	0.9999999999890202	0.0	0.015536504382294411	0.015536504364129858	1.0000000023383062	1.0000000023383062	NaN	NaN	NaN
5000	100	50	Sz	false	0	chi2	1.498873095084896e-9	-1.4229547179445134e-8	0.009967832774759211	0.009967832805900655	0.9999999937516119	0.999999999407181	NaN	NaN	NaN
5000	100	50	Sz	false	0	chi4	1.498873095084896e-9	-2.5912613312029098e-8	0.009967832774759211	0.009967832829652173	0.9999999889859786	0.999999999407181	NaN	NaN	NaN
5000	100	50	Sz	false	0	chi8	1.498873095084896e-9	-3.0038820458822e-9	0.009967832774759211	0.009967832783575856	0.9999999982309806	0.999999999407181	NaN	NaN	NaN
5000	100	50	Sz	false	0	chi32	1.498873095084896e-9	-4.5203188414610906e-11	0.009967832774759211	0.009967832778277544	0.9999999992940625	0.999999999407181	NaN	NaN	NaN
5000	100	50	Sz	false	0	exact	1.498873095084896e-9	0.0	0.009967832774759211	0.009967832777713771	0.999999999407181	0.999999999407181	NaN	NaN	NaN
5000	100	50	DoubleOcc	false	0	chi2	0.10027732104750578	0.10027732104750578	0.04223524606252941	0.02949175798533125	2.0509200686307016	12.463829774689136	NaN	NaN	NaN
5000	100	50	DoubleOcc	false	0	chi4	0.10027732104750578	0.04168047383266396	0.04223524606252941	0.016349408965033844	6.673381339121435	12.463829774689136	NaN	NaN	NaN
5000	100	50	DoubleOcc	false	0	chi8	0.10027732104750578	0.000164670029318692	0.04223524606252941	0.011962951935423965	12.464456370751511	12.463829774689136	NaN	NaN	NaN
5000	100	50	DoubleOcc	false	0	chi32	0.10027732104750578	2.5929579957395532e-5	0.04223524606252941	0.011963194343535797	12.46395124567619	12.463829774689136	NaN	NaN	NaN
5000	100	50	DoubleOcc	false	0	exact	0.10027732104750578	0.0	0.04223524606252941	0.011963252639320916	12.463829774689136	12.463829774689136	NaN	NaN	NaN
5000	100	50	ZZ onsite	true	2	chi2	-0.5988907157880141	0.4011092842119831	0.16453319446604997	0.11430643673782802	2.0718851898701978	22.727604533307076	0.17276574022514893	0.11842924668113537	4.484443831299855
5000	100	50	ZZ onsite	true	2	chi4	-0.5988907157880141	0.1667218963897199	0.16453319446604997	0.05728315115066893	8.249986890726579	22.727604533307076	0.17276574022514893	0.05812133083335253	25.95665557985754
5000	100	50	ZZ onsite	true	2	chi8	-0.5988907157880141	0.0006586799742634986	0.16453319446604997	0.03451676705913876	22.722014685277337	22.727604533307076	0.17276574022514893	0.033976882548608485	1.6629726163126242e6
5000	100	50	ZZ onsite	true	2	chi32	-0.5988907157880141	0.000103719113789702	0.16453319446604997	0.03451312984835123	22.72680411539295	22.727604533307076	0.17276574022514893	0.03397638443963132	6.706816481044408e7
5000	100	50	ZZ onsite	true	2	exact	-0.5988907157880141	0.0	0.16453319446604997	0.03451252210347012	22.727604533307076	22.727604533307076	0.17276574022514893	0.03397637177476807	NaN
5000	100	50	ZZ up-up r=1	true	2	chi2	-0.43615457682117426	-0.07171029294962133	0.13210361179628685	0.04701088289938829	7.896462332416758	10.294672257426882	0.12913578018418018	0.04323162988375452	177.15392348562233
5000	100	50	ZZ up-up r=1	true	2	chi4	-0.43615457682117426	-0.13537199962080515	0.13210361179628685	0.05789264964649938	5.206939474541623	10.294672257426882	0.12913578018418018	0.05407060935220832	49.71140988142979
5000	100	50	ZZ up-up r=1	true	2	chi8	-0.43615457682117426	-0.009747202733221605	0.13210361179628685	0.04143903571608748	10.16272330949687	10.294672257426882	0.12913578018418018	0.03827773726465683	9588.568394630294
5000	100	50	ZZ up-up r=1	true	2	chi32	-0.43615457682117426	-0.0004756162267585684	0.13210361179628685	0.04118140086825579	10.290279036067696	10.294672257426882	0.12913578018418018	0.03817856244119085	4.0271744442134714e6
5000	100	50	ZZ up-up r=1	true	2	exact	-0.43615457682117426	0.0	0.13210361179628685	0.0411726129092438	10.294672257426882	10.294672257426882	0.12913578018418018	0.03817832543750834	NaN
5000	100	50	SzSz r=1	false	0	chi2	-0.0898879388012332	0.0012231321666550249	0.01629281120594237	0.0062960586596149	6.696602474112236	7.574912697493953	NaN	NaN	NaN
5000	100	50	SzSz r=1	false	0	chi4	-0.0898879388012332	-0.013452665049220033	0.01629281120594237	0.006917958294831882	5.546719081376995	7.574912697493953	NaN	NaN	NaN
5000	100	50	SzSz r=1	false	0	chi8	-0.0898879388012332	-0.0022027891418965467	0.01629281120594237	0.0059403744200476165	7.522538370758514	7.574912697493953	NaN	NaN	NaN
5000	100	50	SzSz r=1	false	0	chi32	-0.0898879388012332	-9.11205247974417e-5	0.01629281120594237	0.005920211010371398	7.57386705589069	7.574912697493953	NaN	NaN	NaN
5000	100	50	SzSz r=1	false	0	exact	-0.0898879388012332	0.0	0.01629281120594237	0.005919802383049474	7.574912697493953	7.574912697493953	NaN	NaN	NaN
5000	100	50	hop up r=1	false	0	chi2	0.4440883514173588	0.4440883514173588	0.16766997003377734	0.16766997003377734	1.0	13.026299240456254	NaN	NaN	NaN
5000	100	50	hop up r=1	false	0	chi4	0.4440883514173588	0.4440883514173588	0.16766997003377734	0.16766997003377734	1.0	13.026299240456254	NaN	NaN	NaN
5000	100	50	hop up r=1	false	0	chi8	0.4440883514173588	0.010882164287152052	0.16766997003377734	0.04655280157544832	12.972358106692859	13.026299240456254	NaN	NaN	NaN
5000	100	50	hop up r=1	false	0	chi32	0.4440883514173588	0.00036244009992458803	0.16766997003377734	0.0464540739992481	13.027556297628777	13.026299240456254	NaN	NaN	NaN
5000	100	50	hop up r=1	false	0	exact	0.4440883514173588	0.0	0.16766997003377734	0.04645631538865166	13.026299240456254	13.026299240456254	NaN	NaN	NaN
5000	50	100	n	false	0	chi2	0.9999999999890202	-1.0976997089073848e-11	0.015626790110989927	0.015626790271325203	0.9999999794794359	0.9999999980441648	NaN	NaN	NaN
5000	50	100	n	false	0	chi4	0.9999999999890202	-5.295314187137024e-10	0.015626790110989927	0.015626790390315157	0.9999999642504673	0.9999999980441648	NaN	NaN	NaN
5000	50	100	n	false	0	chi8	0.9999999999890202	7.150757763696447e-11	0.015626790110989927	0.015626790156907967	0.9999999941231639	0.9999999980441648	NaN	NaN	NaN
5000	50	100	n	false	0	chi32	0.9999999999890202	-3.9698211384830984e-10	0.015626790110989927	0.01562679012664986	0.9999999979957582	0.9999999980441648	NaN	NaN	NaN
5000	50	100	n	false	0	exact	0.9999999999890202	0.0	0.015626790110989927	0.01562679012627164	0.9999999980441648	0.9999999980441648	NaN	NaN	NaN
5000	50	100	Sz	false	0	chi2	1.498873095084896e-9	-1.4229547179445134e-8	0.00946523330622935	0.009465233294138644	1.0000000025547613	1.0000000002340503	NaN	NaN	NaN
5000	50	100	Sz	false	0	chi4	1.498873095084896e-9	-2.5912613312029098e-8	0.00946523330622935	0.009465233283054195	1.0000000048969009	1.0000000002340503	NaN	NaN	NaN
5000	50	100	Sz	false	0	chi8	1.498873095084896e-9	-3.0038820458822e-9	0.00946523330622935	0.009465233303102609	1.0000000006606788	1.0000000002340503	NaN	NaN	NaN
5000	50	100	Sz	false	0	chi32	1.498873095084896e-9	-4.5203188414610906e-11	0.00946523330622935	0.00946523330347635	1.0000000005817076	1.0000000002340503	NaN	NaN	NaN
5000	50	100	Sz	false	0	exact	1.498873095084896e-9	0.0	0.00946523330622935	0.009465233305121678	1.0000000002340503	1.0000000002340503	NaN	NaN	NaN
5000	50	100	DoubleOcc	false	0	chi2	0.10027732104750578	0.10027732104750578	0.0641675082868023	0.042123430708087765	2.32050699178835	30.07594935886176	NaN	NaN	NaN
5000	50	100	DoubleOcc	false	0	chi4	0.10027732104750578	0.04168047383266396	0.0641675082868023	0.019956557478977476	10.33853723287119	30.07594935886176	NaN	NaN	NaN
5000	50	100	DoubleOcc	false	0	chi8	0.10027732104750578	0.000164670029318692	0.0641675082868023	0.01169450313393364	30.106952786895214	30.07594935886176	NaN	NaN	NaN
5000	50	100	DoubleOcc	false	0	chi32	0.10027732104750578	2.5929579957395532e-5	0.0641675082868023	0.011699554077883353	30.08096278686324	30.07594935886176	NaN	NaN	NaN
5000	50	100	DoubleOcc	false	0	exact	0.10027732104750578	0.0	0.0641675082868023	0.011700529149811997	30.07594935886176	30.07594935886176	NaN	NaN	NaN
5000	50	100	ZZ onsite	true	2	chi2	-0.5988907157880141	0.4011092842119831	0.2540592341090758	0.16619706031438247	2.3368094141110847	54.00243754411842	0.24195373142836638	0.16400176553910986	4.484443831299855
5000	50	100	ZZ onsite	true	2	chi4	-0.5988907157880141	0.1667218963897199	0.2540592341090758	0.07396747509230664	11.797456393460761	54.00243754411842	0.24195373142836638	0.07484506902062939	25.95665557985754
5000	50	100	ZZ onsite	true	2	chi8	-0.5988907157880141	0.0006586799742634986	0.2540592341090758	0.034545049071815014	54.08767846204754	54.00243754411842	0.24195373142836638	0.033977393314770565	1.6629726163126242e6
5000	50	100	ZZ onsite	true	2	chi32	-0.5988907157880141	0.000103719113789702	0.2540592341090758	0.03456786944314771	54.016288844577446	54.00243754411842	0.24195373142836638	0.03397639710448986	6.706816481044408e7
5000	50	100	ZZ onsite	true	2	exact	-0.5988907157880141	0.0	0.2540592341090758	0.03457230238422063	54.00243754411842	54.00243754411842	0.24195373142836638	0.03397637177476807	NaN
5000	50	100	ZZ up-up r=1	true	2	chi2	-0.43615457682117426	-0.07171029294962133	0.18413023809372303	0.04603540818373289	15.998019908742563	25.60357406931192	0.17859035504287882	0.047753147661694285	177.15392348562233
5000	50	100	ZZ up-up r=1	true	2	chi4	-0.43615457682117426	-0.13537199962080515	0.18413023809372303	0.06579733522047815	7.831295637197172	25.60357406931192	0.17859035504287882	0.06625463801294171	49.71140988142979
5000	50	100	ZZ up-up r=1	true	2	chi8	-0.43615457682117426	-0.009747202733221605	0.18413023809372303	0.03642582590798805	25.55238334342584	25.60357406931192	0.17859035504287882	0.038376891575424656	9588.568394630294
5000	50	100	ZZ up-up r=1	true	2	chi32	-0.43615457682117426	-0.0004756162267585684	0.18413023809372303	0.03638059553417292	25.615959119244405	25.60357406931192	0.17859035504287882	0.03817879944340211	4.0271744442134714e6
5000	50	100	ZZ up-up r=1	true	2	exact	-0.43615457682117426	0.0	0.18413023809372303	0.03638939354447674	25.60357406931192	25.60357406931192	0.17859035504287882	0.03817832543750834	NaN
5000	50	100	SzSz r=1	false	0	chi2	-0.0898879388012332	0.0012231321666550249	0.02373635355176128	0.0060852109515358715	15.21516715497526	18.27210375553207	NaN	NaN	NaN
5000	50	100	SzSz r=1	false	0	chi4	-0.0898879388012332	-0.013452665049220033	0.02373635355176128	0.007368698710221791	10.376392836702138	18.27210375553207	NaN	NaN	NaN
5000	50	100	SzSz r=1	false	0	chi8	-0.0898879388012332	-0.0022027891418965467	0.02373635355176128	0.005567813140158526	18.17434220293082	18.27210375553207	NaN	NaN	NaN
5000	50	100	SzSz r=1	false	0	chi32	-0.0898879388012332	-9.11205247974417e-5	0.02373635355176128	0.005551910785674043	18.27860495369387	18.27210375553207	NaN	NaN	NaN
5000	50	100	SzSz r=1	false	0	exact	-0.0898879388012332	0.0	0.02373635355176128	0.005552898380279693	18.27210375553207	18.27210375553207	NaN	NaN	NaN
5000	50	100	hop up r=1	false	0	chi2	0.4440883514173588	0.4440883514173588	0.22143574583065606	0.22143574583065606	1.0	24.449243068118612	NaN	NaN	NaN
5000	50	100	hop up r=1	false	0	chi4	0.4440883514173588	0.4440883514173588	0.22143574583065606	0.22143574583065606	1.0	24.449243068118612	NaN	NaN	NaN
5000	50	100	hop up r=1	false	0	chi8	0.4440883514173588	0.010882164287152052	0.22143574583065606	0.04530854708400643	23.885546752771358	24.449243068118612	NaN	NaN	NaN
5000	50	100	hop up r=1	false	0	chi32	0.4440883514173588	0.00036244009992458803	0.22143574583065606	0.04479081011636192	24.440924174990116	24.449243068118612	NaN	NaN	NaN
5000	50	100	hop up r=1	false	0	exact	0.4440883514173588	0.0	0.22143574583065606	0.04478318939652752	24.449243068118612	24.449243068118612	NaN	NaN	NaN
5000	20	250	n	false	0	chi2	0.9999999999890202	-1.0976997089073848e-11	0.014868894412586008	0.01486889526954003	0.9999998847319882	0.9999999890351329	NaN	NaN	NaN
5000	20	250	n	false	0	chi4	0.9999999999890202	-5.295314187137024e-10	0.014868894412586008	0.01486889591304632	0.9999997981746263	0.9999999890351329	NaN	NaN	NaN
5000	20	250	n	false	0	chi8	0.9999999999890202	7.150757763696447e-11	0.014868894412586008	0.014868894656808756	0.9999999671498451	0.9999999890351329	NaN	NaN	NaN
5000	20	250	n	false	0	chi32	0.9999999999890202	-3.9698211384830984e-10	0.014868894412586008	0.0148688945018942	0.999999987987245	0.9999999890351329	NaN	NaN	NaN
5000	20	250	n	false	0	exact	0.9999999999890202	0.0	0.014868894412586008	0.014868894494103732	0.9999999890351329	0.9999999890351329	NaN	NaN	NaN
5000	20	250	Sz	false	0	chi2	1.498873095084896e-9	-1.4229547179445134e-8	0.009124032052895015	0.00912403183275731	1.0000000482544806	1.0000000046250563	NaN	NaN	NaN
5000	20	250	Sz	false	0	chi4	1.498873095084896e-9	-2.5912613312029098e-8	0.009124032052895015	0.009124031674954609	1.0000000828450466	1.0000000046250563	NaN	NaN	NaN
5000	20	250	Sz	false	0	chi8	1.498873095084896e-9	-3.0038820458822e-9	0.009124032052895015	0.009124031988964493	1.000000014013656	1.0000000046250563	NaN	NaN	NaN
5000	20	250	Sz	false	0	chi32	1.498873095084896e-9	-4.5203188414610906e-11	0.009124032052895015	0.009124032035537731	1.00000000380474	1.0000000046250563	NaN	NaN	NaN
5000	20	250	Sz	false	0	exact	1.498873095084896e-9	0.0	0.009124032052895015	0.009124032031795435	1.0000000046250563	1.0000000046250563	NaN	NaN	NaN
5000	20	250	DoubleOcc	false	0	chi2	0.10027732104750578	0.10027732104750578	0.0861384613867417	0.05775694410321189	2.22426130471676	58.61613471843397	NaN	NaN	NaN
5000	20	250	DoubleOcc	false	0	chi4	0.10027732104750578	0.04168047383266396	0.0861384613867417	0.025922668532729985	11.041671106219985	58.61613471843397	NaN	NaN	NaN
5000	20	250	DoubleOcc	false	0	chi8	0.10027732104750578	0.000164670029318692	0.0861384613867417	0.011248600632188186	58.640440533374	58.61613471843397	NaN	NaN	NaN
5000	20	250	DoubleOcc	false	0	chi32	0.10027732104750578	2.5929579957395532e-5	0.0861384613867417	0.011250513775854376	58.62049867988975	58.61613471843397	NaN	NaN	NaN
5000	20	250	DoubleOcc	false	0	exact	0.10027732104750578	0.0	0.0861384613867417	0.011250932567497096	58.61613471843397	58.61613471843397	NaN	NaN	NaN
5000	20	250	ZZ onsite	true	2	chi2	-0.5988907157880141	0.4011092842119831	0.3437625193914337	0.22845848037913175	2.2641358417893773	107.44590071263029	0.38029255793639877	0.2559489343431557	4.484443831299855
5000	20	250	ZZ onsite	true	2	chi4	-0.5988907157880141	0.1667218963897199	0.3437625193914337	0.09859127911276212	12.157381492983188	107.44590071263029	0.38029255793639877	0.11078298665991568	25.95665557985754
5000	20	250	ZZ onsite	true	2	chi8	-0.5988907157880141	0.0006586799742634986	0.3437625193914337	0.033144770368733555	107.56897197041356	107.44590071263029	0.38029255793639877	0.03397892556719024	1.6629726163126242e6
5000	20	250	ZZ onsite	true	2	chi32	-0.5988907157880141	0.000103719113789702	0.3437625193914337	0.03316047965936949	107.46707766762708	107.44590071263029	0.38029255793639877	0.03397643509903713	6.706816481044408e7
5000	20	250	ZZ onsite	true	2	exact	-0.5988907157880141	0.0	0.3437625193914337	0.03316374736610575	107.44590071263029	107.44590071263029	0.38029255793639877	0.03397637177476807	NaN
5000	20	250	ZZ up-up r=1	true	2	chi2	-0.43615457682117426	-0.07171029294962133	0.28520260309476503	0.057494686489746566	24.606596618131462	59.97726133899832	0.2784778455928502	0.059283479816728886	177.15392348562233
5000	20	250	ZZ up-up r=1	true	2	chi4	-0.43615457682117426	-0.13537199962080515	0.28520260309476503	0.0934342183349251	9.317406790143481	59.97726133899832	0.2784778455928502	0.09374335094152761	49.71140988142979
5000	20	250	ZZ up-up r=1	true	2	chi8	-0.43615457682117426	-0.009747202733221605	0.28520260309476503	0.03690946525147296	59.70785423390562	59.97726133899832	0.2784778455928502	0.03867282919132379	9588.568394630294
5000	20	250	ZZ up-up r=1	true	2	chi32	-0.43615457682117426	-0.0004756162267585684	0.28520260309476503	0.03680486341680886	60.04772378640052	59.97726133899832	0.2784778455928502	0.03817951044120863	4.0271744442134714e6
5000	20	250	ZZ up-up r=1	true	2	exact	-0.43615457682117426	0.0	0.28520260309476503	0.036826476603700545	59.97726133899832	59.97726133899832	0.2784778455928502	0.03817832543750834	NaN
5000	20	250	SzSz r=1	false	0	chi2	-0.0898879388012332	0.0012231321666550249	0.03447685117258123	0.007396115860158175	21.72940210910414	36.18011078266849	NaN	NaN	NaN
5000	20	250	SzSz r=1	false	0	chi4	-0.0898879388012332	-0.013452665049220033	0.03447685117258123	0.009633662125680433	12.807736002066447	36.18011078266849	NaN	NaN	NaN
5000	20	250	SzSz r=1	false	0	chi8	-0.0898879388012332	-0.0022027891418965467	0.03447685117258123	0.0057889384667105985	35.46968419341321	36.18011078266849	NaN	NaN	NaN
5000	20	250	SzSz r=1	false	0	chi32	-0.0898879388012332	-9.11205247974417e-5	0.03447685117258123	0.005730169379294835	36.20097513487055	36.18011078266849	NaN	NaN	NaN
5000	20	250	SzSz r=1	false	0	exact	-0.0898879388012332	0.0	0.03447685117258123	0.005731821378667648	36.18011078266849	36.18011078266849	NaN	NaN	NaN
5000	20	250	hop up r=1	false	0	chi2	0.4440883514173588	0.4440883514173588	0.3564002050580407	0.3564002050580407	1.0	53.866165602030776	NaN	NaN	NaN
5000	20	250	hop up r=1	false	0	chi4	0.4440883514173588	0.4440883514173588	0.3564002050580407	0.3564002050580407	1.0	53.866165602030776	NaN	NaN	NaN
5000	20	250	hop up r=1	false	0	chi8	0.4440883514173588	0.010882164287152052	0.3564002050580407	0.049218318990744594	52.43512856074626	53.866165602030776	NaN	NaN	NaN
5000	20	250	hop up r=1	false	0	chi32	0.4440883514173588	0.00036244009992458803	0.3564002050580407	0.048557304676838005	53.8724524774679	53.866165602030776	NaN	NaN	NaN
5000	20	250	hop up r=1	false	0	exact	0.4440883514173588	0.0	0.3564002050580407	0.04856013822565135	53.866165602030776	53.866165602030776	NaN	NaN	NaN
5000	10	500	n	false	0	chi2	0.9999999999890202	-1.0976997089073848e-11	0.01569520716077201	0.015695207436412322	0.9999999648758626	0.9999999966761354	NaN	NaN	NaN
5000	10	500	n	false	0	chi4	0.9999999999890202	-5.295314187137024e-10	0.01569520716077201	0.015695207649805306	0.9999999376837441	0.9999999966761354	NaN	NaN	NaN
5000	10	500	n	false	0	chi8	0.9999999999890202	7.150757763696447e-11	0.01569520716077201	0.015695207238307172	0.9999999901198933	0.9999999966761354	NaN	NaN	NaN
5000	10	500	n	false	0	chi32	0.9999999999890202	-3.9698211384830984e-10	0.01569520716077201	0.015695207194265284	0.9999999957320379	0.9999999966761354	NaN	NaN	NaN
5000	10	500	n	false	0	exact	0.9999999999890202	0.0	0.01569520716077201	0.01569520718685638	0.9999999966761354	0.9999999966761354	NaN	NaN	NaN
5000	10	500	Sz	false	0	chi2	1.498873095084896e-9	-1.4229547179445134e-8	0.009187597598069917	0.009187597395493768	1.0000000440977423	1.0000000042069146	NaN	NaN	NaN
5000	10	500	Sz	false	0	chi4	1.498873095084896e-9	-2.5912613312029098e-8	0.009187597598069917	0.009187597245998276	1.0000000766406358	1.0000000042069146	NaN	NaN	NaN
5000	10	500	Sz	false	0	chi8	1.498873095084896e-9	-3.0038820458822e-9	0.009187597598069917	0.009187597539920551	1.0000000126582311	1.0000000042069146	NaN	NaN	NaN
5000	10	500	Sz	false	0	chi32	1.498873095084896e-9	-4.5203188414610906e-11	0.009187597598069917	0.009187597578909294	1.0000000041709758	1.0000000042069146	NaN	NaN	NaN
5000	10	500	Sz	false	0	exact	1.498873095084896e-9	0.0	0.009187597598069917	0.009187597578744199	1.0000000042069146	1.0000000042069146	NaN	NaN	NaN
5000	10	500	DoubleOcc	false	0	chi2	0.10027732104750578	0.10027732104750578	0.14427919370539258	0.09743864441407368	2.1925269816308592	144.52878327199258	NaN	NaN	NaN
5000	10	500	DoubleOcc	false	0	chi4	0.10027732104750578	0.04168047383266396	0.14427919370539258	0.04207938470879779	11.75624563140216	144.52878327199258	NaN	NaN	NaN
5000	10	500	DoubleOcc	false	0	chi8	0.10027732104750578	0.000164670029318692	0.14427919370539258	0.012005459738078449	144.42747612842572	144.52878327199258	NaN	NaN	NaN
5000	10	500	DoubleOcc	false	0	chi32	0.10027732104750578	2.5929579957395532e-5	0.14427919370539258	0.012001775492036541	144.5161610116447	144.52878327199258	NaN	NaN	NaN
5000	10	500	DoubleOcc	false	0	exact	0.10027732104750578	0.0	0.14427919370539258	0.012001251399744492	144.52878327199258	144.52878327199258	NaN	NaN	NaN
5000	10	500	ZZ onsite	true	2	chi2	-0.5988907157880141	0.4011092842119831	0.5765741247040103	0.38787466902619244	2.209670210048455	282.2378553588784	0.53674059414641	0.36036831179200096	4.484443831299855
5000	10	500	ZZ onsite	true	2	chi4	-0.5988907157880141	0.1667218963897199	0.5765741247040103	0.16451391415215566	12.283016241466145	282.2378553588784	0.53674059414641	0.15294229770604617	25.95665557985754
5000	10	500	ZZ onsite	true	2	chi8	-0.5988907157880141	0.0006586799742634986	0.5765741247040103	0.03433554422308598	281.9826748749172	282.2378553588784	0.53674059414641	0.03398147916768857	1.6629726163126242e6
5000	10	500	ZZ onsite	true	2	chi32	-0.5988907157880141	0.000103719113789702	0.5765741247040103	0.03432168809290431	282.21040128126083	282.2378553588784	0.53674059414641	0.03397649842318817	6.706816481044408e7
5000	10	500	ZZ onsite	true	2	exact	-0.5988907157880141	0.0	0.5765741247040103	0.03432001876827897	282.2378553588784	282.2378553588784	0.53674059414641	0.03397637177476807	NaN
5000	10	500	ZZ up-up r=1	true	2	chi2	-0.43615457682117426	-0.07171029294962133	0.4029246615264017	0.07588898295360715	28.18968574327476	119.60982019399192	0.3919722393727117	0.07464232998204641	177.15392348562233
5000	10	500	ZZ up-up r=1	true	2	chi4	-0.43615457682117426	-0.13537199962080515	0.4029246615264017	0.1301684504182529	9.581560139220022	119.60982019399192	0.3919722393727117	0.12695687125272312	49.71140988142979
5000	10	500	ZZ up-up r=1	true	2	chi8	-0.43615457682117426	-0.009747202733221605	0.4029246615264017	0.03802173102380384	112.30107902310684	119.60982019399192	0.3919722393727117	0.03916108913335167	9588.568394630294
5000	10	500	ZZ up-up r=1	true	2	chi32	-0.43615457682117426	-0.0004756162267585684	0.4029246615264017	0.03684972939984954	119.55812443840873	119.60982019399192	0.3919722393727117	0.03818069540813029	4.0271744442134714e6
5000	10	500	ZZ up-up r=1	true	2	exact	-0.43615457682117426	0.0	0.4029246615264017	0.0368417652524249	119.60982019399192	119.60982019399192	0.3919722393727117	0.03817832543750834	NaN
5000	10	500	SzSz r=1	false	0	chi2	-0.0898879388012332	0.0012231321666550249	0.052945621503868674	0.008625016085519657	37.68254911755059	81.10294661575159	NaN	NaN	NaN
5000	10	500	SzSz r=1	false	0	chi4	-0.0898879388012332	-0.013452665049220033	0.052945621503868674	0.012717976452034369	17.33101779729654	81.10294661575159	NaN	NaN	NaN
5000	10	500	SzSz r=1	false	0	chi8	-0.0898879388012332	-0.0022027891418965467	0.052945621503868674	0.006077088703476332	75.90474930963829	81.10294661575159	NaN	NaN	NaN
5000	10	500	SzSz r=1	false	0	chi32	-0.0898879388012332	-9.11205247974417e-5	0.052945621503868674	0.005880024026958355	81.07778955772703	81.10294661575159	NaN	NaN	NaN
5000	10	500	SzSz r=1	false	0	exact	-0.0898879388012332	0.0	0.052945621503868674	0.005879112003507863	81.10294661575159	81.10294661575159	NaN	NaN	NaN
5000	10	500	hop up r=1	false	0	chi2	0.4440883514173588	0.4440883514173588	0.4885855426968042	0.4885855426968042	1.0	120.65599963508022	NaN	NaN	NaN
5000	10	500	hop up r=1	false	0	chi4	0.4440883514173588	0.4440883514173588	0.4885855426968042	0.4885855426968042	1.0	120.65599963508022	NaN	NaN	NaN
5000	10	500	hop up r=1	false	0	chi8	0.4440883514173588	0.010882164287152052	0.4885855426968042	0.0462404899876944	111.64425219918614	120.65599963508022	NaN	NaN	NaN
5000	10	500	hop up r=1	false	0	chi32	0.4440883514173588	0.00036244009992458803	0.4885855426968042	0.044488640960809754	120.60989677401196	120.65599963508022	NaN	NaN	NaN
5000	10	500	hop up r=1	false	0	exact	0.4440883514173588	0.0	0.4885855426968042	0.044480140556334466	120.65599963508022	120.65599963508022	NaN	NaN	NaN
5000	5	1000	n	false	0	chi2	0.9999999999890202	-1.0976997089073848e-11	0.015566578136739556	0.015566578842096846	0.9999999093754276	0.9999999913819704	NaN	NaN	NaN
5000	5	1000	n	false	0	chi4	0.9999999999890202	-5.295314187137024e-10	0.015566578136739556	0.015566579372718735	0.9999998412009344	0.9999999913819704	NaN	NaN	NaN
5000	5	1000	n	false	0	chi8	0.9999999999890202	7.150757763696447e-11	0.015566578136739556	0.015566578337607252	0.9999999741924408	0.9999999913819704	NaN	NaN	NaN
5000	5	1000	n	false	0	chi32	0.9999999999890202	-3.9698211384830984e-10	0.015566578136739556	0.015566578210953242	0.999999990464997	0.9999999913819704	NaN	NaN	NaN
5000	5	1000	n	false	0	exact	0.9999999999890202	0.0	0.015566578136739556	0.015566578203816172	0.9999999913819704	0.9999999913819704	NaN	NaN	NaN
5000	5	1000	Sz	false	0	chi2	1.498873095084896e-9	-1.4229547179445134e-8	0.010384544509108435	0.010384544386148463	1.000000023681342	1.0000000022695437	NaN	NaN	NaN
5000	5	1000	Sz	false	0	chi4	1.498873095084896e-9	-2.5912613312029098e-8	0.010384544509108435	0.010384544297939316	1.0000000406698868	1.0000000022695437	NaN	NaN	NaN
5000	5	1000	Sz	false	0	chi8	1.498873095084896e-9	-3.0038820458822e-9	0.010384544509108435	0.010384544473410102	1.0000000068752817	1.0000000022695437	NaN	NaN	NaN
5000	5	1000	Sz	false	0	chi32	1.498873095084896e-9	-4.5203188414610906e-11	0.010384544509108435	0.010384544499361026	1.0000000018772917	1.0000000022695437	NaN	NaN	NaN
5000	5	1000	Sz	false	0	exact	1.498873095084896e-9	0.0	0.010384544509108435	0.010384544497324346	1.0000000022695437	1.0000000022695437	NaN	NaN	NaN
5000	5	1000	DoubleOcc	false	0	chi2	0.10027732104750578	0.10027732104750578	0.2041042935305232	0.13626713111820188	2.243479243981638	293.7334819967843	NaN	NaN	NaN
5000	5	1000	DoubleOcc	false	0	chi4	0.10027732104750578	0.04168047383266396	0.2041042935305232	0.05741803506941849	12.635942145957664	293.7334819967843	NaN	NaN	NaN
5000	5	1000	DoubleOcc	false	0	chi8	0.10027732104750578	0.000164670029318692	0.2041042935305232	0.011902997818854502	294.0299521224174	293.7334819967843	NaN	NaN	NaN
5000	5	1000	DoubleOcc	false	0	chi32	0.10027732104750578	2.5929579957395532e-5	0.2041042935305232	0.011907779204327663	293.79387312484886	293.7334819967843	NaN	NaN	NaN
5000	5	1000	DoubleOcc	false	0	exact	0.10027732104750578	0.0	0.2041042935305232	0.011909003251472561	293.7334819967843	293.7334819967843	NaN	NaN	NaN
5000	5	1000	ZZ onsite	true	2	chi2	-0.5988907157880141	0.4011092842119831	0.8155274610331946	0.5442792176511183	2.245089585536942	567.5514611122744	0.7583050421633138	0.5085039296295127	4.484443831299855
5000	5	1000	ZZ onsite	true	2	chi4	-0.5988907157880141	0.1667218963897199	0.8155274610331946	0.2274877440630224	12.851717517130634	567.5514611122744	0.7583050421633138	0.21360781590623612	25.95665557985754
5000	5	1000	ZZ onsite	true	2	chi8	-0.5988907157880141	0.0006586799742634986	0.8155274610331946	0.03420455652978831	568.4722257015328	567.5514611122744	0.7583050421633138	0.0339865857930868	1.6629726163126242e6
5000	5	1000	ZZ onsite	true	2	chi32	-0.5988907157880141	0.000103719113789702	0.8155274610331946	0.03422637465220045	567.7476941965189	567.5514611122744	0.7583050421633138	0.0339766250711362	6.706816481044408e7
5000	5	1000	ZZ onsite	true	2	exact	-0.5988907157880141	0.0	0.8155274610331946	0.03423229109068255	567.5514611122744	567.5514611122744	0.7583050421633138	0.03397637177476807	NaN
5000	5	1000	ZZ up-up r=1	true	2	chi2	-0.43615457682117426	-0.07171029294962133	0.5422836505641425	0.0970143638322638	31.245029688574434	196.91007728491175	0.5530161736735233	0.09841427903045936	177.15392348562233
5000	5	1000	ZZ up-up r=1	true	2	chi4	-0.43615457682117426	-0.13537199962080515	0.5422836505641425	0.1723165127541588	9.903739942783893	196.91007728491175	0.5530161736735233	0.17543805112731026	49.71140988142979
5000	5	1000	ZZ up-up r=1	true	2	chi8	-0.43615457682117426	-0.009747202733221605	0.5422836505641425	0.04050969638488989	179.19877873139137	196.91007728491175	0.5530161736735233	0.04011978652745217	9588.568394630294
5000	5	1000	ZZ up-up r=1	true	2	chi32	-0.43615457682117426	-0.0004756162267585684	0.5422836505641425	0.038650387675557556	196.85448467815525	196.91007728491175	0.5530161736735233	0.0381830652316514	4.0271744442134714e6
5000	5	1000	ZZ up-up r=1	true	2	exact	-0.43615457682117426	0.0	0.5422836505641425	0.038644931308087146	196.91007728491175	196.91007728491175	0.5530161736735233	0.03817832543750834	NaN
5000	5	1000	SzSz r=1	false	0	chi2	-0.0898879388012332	0.0012231321666550249	0.06803561613159695	0.010559432708166989	41.513702661973554	148.4629790166291	NaN	NaN	NaN
5000	5	1000	SzSz r=1	false	0	chi4	-0.0898879388012332	-0.013452665049220033	0.06803561613159695	0.01703509669775161	15.950835564894726	148.4629790166291	NaN	NaN	NaN
5000	5	1000	SzSz r=1	false	0	chi8	-0.0898879388012332	-0.0022027891418965467	0.06803561613159695	0.006063013423620146	125.9202521562848	148.4629790166291	NaN	NaN	NaN
5000	5	1000	SzSz r=1	false	0	chi32	-0.0898879388012332	-9.11205247974417e-5	0.06803561613159695	0.0055889344033949896	148.188540072922	148.4629790166291	NaN	NaN	NaN
5000	5	1000	SzSz r=1	false	0	exact	-0.0898879388012332	0.0	0.06803561613159695	0.005583766344830571	148.4629790166291	148.4629790166291	NaN	NaN	NaN
5000	5	1000	hop up r=1	false	0	chi2	0.4440883514173588	0.4440883514173588	0.7180704964930912	0.7180704964930912	1.0	282.6449176843859	NaN	NaN	NaN
5000	5	1000	hop up r=1	false	0	chi4	0.4440883514173588	0.4440883514173588	0.7180704964930912	0.7180704964930912	1.0	282.6449176843859	NaN	NaN	NaN
5000	5	1000	hop up r=1	false	0	chi8	0.4440883514173588	0.010882164287152052	0.7180704964930912	0.04533205972920684	250.91305697922857	282.6449176843859	NaN	NaN	NaN
5000	5	1000	hop up r=1	false	0	chi32	0.4440883514173588	0.00036244009992458803	0.7180704964930912	0.04268458652691621	283.0036315559471	282.6449176843859	NaN	NaN	NaN
5000	5	1000	hop up r=1	false	0	exact	0.4440883514173588	0.0	0.7180704964930912	0.04271166413792908	282.6449176843859	282.6449176843859	NaN	NaN	NaN
50000	50000	1	n	false	0	chi2	0.9999999999890202	-1.0976997089073848e-11	0.00462807630228157	0.0046280762832591514	1.0000000082204428	1.0000000007839684	NaN	NaN	NaN
50000	50000	1	n	false	0	chi4	0.9999999999890202	-5.295314187137024e-10	0.00462807630228157	0.004628076269193536	1.0000000142988286	1.0000000007839684	NaN	NaN	NaN
50000	50000	1	n	false	0	chi8	0.9999999999890202	7.150757763696447e-11	0.00462807630228157	0.004628076296825588	1.0000000023577753	1.0000000007839684	NaN	NaN	NaN
50000	50000	1	n	false	0	chi32	0.9999999999890202	-3.9698211384830984e-10	0.00462807630228157	0.0046280763004619835	1.0000000007863252	1.0000000007839684	NaN	NaN	NaN
50000	50000	1	n	false	0	exact	0.9999999999890202	0.0	0.00462807630228157	0.0046280763004674375	1.0000000007839684	1.0000000007839684	NaN	NaN	NaN
50000	50000	1	Sz	false	0	chi2	1.498873095084896e-9	-1.4229547179445134e-8	0.00321194018715978	0.0032119401841325386	1.0000000018849924	1.0000000001781073	NaN	NaN	NaN
50000	50000	1	Sz	false	0	chi4	1.498873095084896e-9	-2.5912613312029098e-8	0.00321194018715978	0.0032119401817694766	1.0000000033564158	1.0000000001781073	NaN	NaN	NaN
50000	50000	1	Sz	false	0	chi8	1.498873095084896e-9	-3.0038820458822e-9	0.00321194018715978	0.003211940186311373	1.0000000005282832	1.0000000001781073	NaN	NaN	NaN
50000	50000	1	Sz	false	0	chi32	1.498873095084896e-9	-4.5203188414610906e-11	0.00321194018715978	0.0032119401867773847	1.0000000002381086	1.0000000001781073	NaN	NaN	NaN
50000	50000	1	Sz	false	0	exact	1.498873095084896e-9	0.0	0.00321194018715978	0.0032119401868737447	1.0000000001781073	1.0000000001781073	NaN	NaN	NaN
50000	50000	1	DoubleOcc	false	0	chi2	0.10027732104750578	0.10027732104750578	0.004275835380239322	0.0037124799904242937	1.326519717914926	1.4109139414680925	NaN	NaN	NaN
50000	50000	1	DoubleOcc	false	0	chi4	0.10027732104750578	0.04168047383266396	0.004275835380239322	0.003587898896523341	1.4202394108834773	1.4109139414680925	NaN	NaN	NaN
50000	50000	1	DoubleOcc	false	0	chi8	0.10027732104750578	0.000164670029318692	0.004275835380239322	0.0035995235139176063	1.4110809316046498	1.4109139414680925	NaN	NaN	NaN
50000	50000	1	DoubleOcc	false	0	chi32	0.10027732104750578	2.5929579957395532e-5	0.004275835380239322	0.0035997028928460902	1.4109403022880596	1.4109139414680925	NaN	NaN	NaN
50000	50000	1	DoubleOcc	false	0	exact	0.10027732104750578	0.0	0.004275835380239322	0.003599736520225438	1.4109139414680925	1.4109139414680925	NaN	NaN	NaN
50000	50000	1	ZZ onsite	true	2	chi2	-0.5988907157880141	0.4011092842119831	0.014135713370085113	0.012296617076426552	1.3214908567723755	1.5533950361840936	0.01314635303842318	0.011881985068105982	4.484443831299855
50000	50000	1	ZZ onsite	true	2	chi4	-0.5988907157880141	0.1667218963897199	0.014135713370085113	0.011453036417158483	1.5233306400361155	1.5533950361840936	0.01314635303842318	0.010949281913232993	25.95665557985754
50000	50000	1	ZZ onsite	true	2	chi8	-0.5988907157880141	0.0006586799742634986	0.014135713370085113	0.01134126152998025	1.5535052668442537	1.5533950361840936	0.01314635303842318	0.010744275374133659	1.6629726163126242e6
50000	50000	1	ZZ onsite	true	2	chi32	-0.5988907157880141	0.000103719113789702	0.014135713370085113	0.011341600111759338	1.553412514371817	1.5533950361840936	0.01314635303842318	0.010744272223792095	6.706816481044408e7
50000	50000	1	ZZ onsite	true	2	exact	-0.5988907157880141	0.0	0.014135713370085113	0.011341663917183463	1.5533950361840936	1.5533950361840936	0.01314635303842318	0.010744272143692453	NaN
50000	50000	1	ZZ up-up r=1	true	2	chi2	-0.43615457682117426	-0.07171029294962133	0.011495091192813587	0.010632278315750447	1.1688860326197226	1.1492297740120854	0.013273860919203533	0.012107073630717577	177.15392348562233
50000	50000	1	ZZ up-up r=1	true	2	chi4	-0.43615457682117426	-0.13537199962080515	0.011495091192813587	0.010625286023145913	1.1704249808330283	1.1492297740120854	0.013273860919203533	0.012193873291380523	49.71140988142979
50000	50000	1	ZZ up-up r=1	true	2	chi8	-0.43615457682117426	-0.009747202733221605	0.011495091192813587	0.010705426786135558	1.1529669823058708	1.1492297740120854	0.013273860919203533	0.012073676101130476	9588.568394630294
50000	50000	1	ZZ up-up r=1	true	2	chi32	-0.43615457682117426	-0.0004756162267585684	0.011495091192813587	0.010721933850788472	1.1494195905293103	1.1492297740120854	0.013273860919203533	0.01207304806231454	4.0271744442134714e6
50000	50000	1	ZZ up-up r=1	true	2	exact	-0.43615457682117426	0.0	0.011495091192813587	0.010722819276904605	1.1492297740120854	1.1492297740120854	0.013273860919203533	0.01207304656336708	NaN
50000	50000	1	SzSz r=1	false	0	chi2	-0.0898879388012332	0.0012231321666550249	0.001922547114815412	0.0017351745714867715	1.2276303990986654	1.2329464195804385	NaN	NaN	NaN
50000	50000	1	SzSz r=1	false	0	chi4	-0.0898879388012332	-0.013452665049220033	0.001922547114815412	0.0017438046695844908	1.2155093689578174	1.2329464195804385	NaN	NaN	NaN
50000	50000	1	SzSz r=1	false	0	chi8	-0.0898879388012332	-0.0022027891418965467	0.001922547114815412	0.0017320918983823328	1.23200401325387	1.2329464195804385	NaN	NaN	NaN
50000	50000	1	SzSz r=1	false	0	chi32	-0.0898879388012332	-9.11205247974417e-5	0.001922547114815412	0.0017314533974316121	1.2329128229014574	1.2329464195804385	NaN	NaN	NaN
50000	50000	1	SzSz r=1	false	0	exact	-0.0898879388012332	0.0	0.001922547114815412	0.0017314298069984338	1.2329464195804385	1.2329464195804385	NaN	NaN	NaN
50000	50000	1	hop up r=1	false	0	chi2	0.4440883514173588	0.4440883514173588	0.016699193726673882	0.016699193726673882	1.0	1.067051720395115	NaN	NaN	NaN
50000	50000	1	hop up r=1	false	0	chi4	0.4440883514173588	0.4440883514173588	0.016699193726673882	0.016699193726673882	1.0	1.067051720395115	NaN	NaN	NaN
50000	50000	1	hop up r=1	false	0	chi8	0.4440883514173588	0.010882164287152052	0.016699193726673882	0.016146795345124927	1.0695924394055984	1.067051720395115	NaN	NaN	NaN
50000	50000	1	hop up r=1	false	0	chi32	0.4440883514173588	0.00036244009992458803	0.016699193726673882	0.016165341425160504	1.0671396155065314	1.067051720395115	NaN	NaN	NaN
50000	50000	1	hop up r=1	false	0	exact	0.4440883514173588	0.0	0.016699193726673882	0.01616600719665033	1.067051720395115	1.067051720395115	NaN	NaN	NaN
50000	5000	10	n	false	0	chi2	0.9999999999890202	-1.0976997089073848e-11	0.004707365354962404	0.004707365338849167	1.000000006845968	1.0000000006468464	NaN	NaN	NaN
50000	5000	10	n	false	0	chi4	0.9999999999890202	-5.295314187137024e-10	0.004707365354962404	0.00470736532625783	1.0000000121956008	1.0000000006468464	NaN	NaN	NaN
50000	5000	10	n	false	0	chi8	0.9999999999890202	7.150757763696447e-11	0.004707365354962404	0.004707365350448411	1.0000000019178426	1.0000000006468464	NaN	NaN	NaN
50000	5000	10	n	false	0	chi32	0.9999999999890202	-3.9698211384830984e-10	0.004707365354962404	0.0047073653529170105	1.0000000008690184	1.0000000006468464	NaN	NaN	NaN
50000	5000	10	n	false	0	exact	0.9999999999890202	0.0	0.004707365354962404	0.0047073653534399325	1.0000000006468464	1.0000000006468464	NaN	NaN	NaN
50000	5000	10	Sz	false	0	chi2	1.498873095084896e-9	-1.4229547179445134e-8	0.0029604561267596754	0.0029604561452381533	0.9999999875164657	0.9999999988116605	NaN	NaN	NaN
50000	5000	10	Sz	false	0	chi4	1.498873095084896e-9	-2.5912613312029098e-8	0.0029604561267596754	0.0029604561590552067	0.9999999781820573	0.9999999988116605	NaN	NaN	NaN
50000	5000	10	Sz	false	0	chi8	1.498873095084896e-9	-3.0038820458822e-9	0.0029604561267596754	0.0029604561320352068	0.9999999964360009	0.9999999988116605	NaN	NaN	NaN
50000	5000	10	Sz	false	0	chi32	1.498873095084896e-9	-4.5203188414610906e-11	0.0029604561267596754	0.0029604561286416396	0.9999999987285985	0.9999999988116605	NaN	NaN	NaN
50000	5000	10	Sz	false	0	exact	1.498873095084896e-9	0.0	0.0029604561267596754	0.002960456128518689	0.9999999988116605	0.9999999988116605	NaN	NaN	NaN
50000	5000	10	DoubleOcc	false	0	chi2	0.10027732104750578	0.10027732104750578	0.007039653407355612	0.005752965504941142	1.4973351334087823	3.208840892344626	NaN	NaN	NaN
50000	5000	10	DoubleOcc	false	0	chi4	0.10027732104750578	0.04168047383266396	0.007039653407355612	0.004339996603274973	2.6310177359610107	3.208840892344626	NaN	NaN	NaN
50000	5000	10	DoubleOcc	false	0	chi8	0.10027732104750578	0.000164670029318692	0.007039653407355612	0.003930160670328662	3.208351513178994	3.208840892344626	NaN	NaN	NaN
50000	5000	10	DoubleOcc	false	0	chi32	0.10027732104750578	2.5929579957395532e-5	0.007039653407355612	0.003929907420644113	3.2087650293774845	3.208840892344626	NaN	NaN	NaN
50000	5000	10	DoubleOcc	false	0	exact	0.10027732104750578	0.0	0.007039653407355612	0.003929860965209011	3.208840892344626	3.208840892344626	NaN	NaN	NaN
50000	5000	10	ZZ onsite	true	2	chi2	-0.5988907157880141	0.4011092842119831	0.027018933894403598	0.019817910249162962	1.8587488078684307	5.216263934196337	0.026254742943496008	0.01930961513100157	4.484443831299855
50000	5000	10	ZZ onsite	true	2	chi4	-0.5988907157880141	0.1667218963897199	0.027018933894403598	0.01348691312416434	4.013389383277259	5.216263934196337	0.026254742943496008	0.01264568262589967	25.95665557985754
50000	5000	10	ZZ onsite	true	2	chi8	-0.5988907157880141	0.0006586799742634986	0.027018933894403598	0.011829635771077792	5.21667368302945	5.216263934196337	0.026254742943496008	0.010744304448060805	1.6629726163126242e6
50000	5000	10	ZZ onsite	true	2	chi32	-0.5988907157880141	0.000103719113789702	0.027018933894403598	0.011830023294410916	5.216331917064659	5.216263934196337	0.026254742943496008	0.010744272944688854	6.706816481044408e7
50000	5000	10	ZZ onsite	true	2	exact	-0.5988907157880141	0.0	0.027018933894403598	0.011830100383713304	5.216263934196337	5.216263934196337	0.026254742943496008	0.010744272143692453	NaN
50000	5000	10	ZZ up-up r=1	true	2	chi2	-0.43615457682117426	-0.07171029294962133	0.019709555936532733	0.012581464048103078	2.454094698678071	2.5726376063014555	0.021216214486390397	0.012409119191348855	177.15392348562233
50000	5000	10	ZZ up-up r=1	true	2	chi4	-0.43615457682117426	-0.13537199962080515	0.019709555936532733	0.013237750198305353	2.2167938918398433	2.5726376063014555	0.021216214486390397	0.013231756443169821	49.71140988142979
50000	5000	10	ZZ up-up r=1	true	2	chi8	-0.43615457682117426	-0.009747202733221605	0.019709555936532733	0.012298660088981873	2.5682546429283173	2.5726376063014555	0.021216214486390397	0.012079340464571138	9588.568394630294
50000	5000	10	ZZ up-up r=1	true	2	chi32	-0.43615457682117426	-0.0004756162267585684	0.019709555936532733	0.01228847276055689	2.5725146513227406	2.5726376063014555	0.021216214486390397	0.012073061552833312	4.0271744442134714e6
50000	5000	10	ZZ up-up r=1	true	2	exact	-0.43615457682117426	0.0	0.019709555936532733	0.012288179103386417	2.5726376063014555	2.5726376063014555	0.021216214486390397	0.01207304656336708	NaN
50000	5000	10	SzSz r=1	false	0	chi2	-0.0898879388012332	0.0012231321666550249	0.0026238949546422826	0.0018060364325222802	2.110764955262057	2.1385759197565863	NaN	NaN	NaN
50000	5000	10	SzSz r=1	false	0	chi4	-0.0898879388012332	-0.013452665049220033	0.0026238949546422826	0.0018459625542355878	2.0204453822612694	2.1385759197565863	NaN	NaN	NaN
50000	5000	10	SzSz r=1	false	0	chi8	-0.0898879388012332	-0.0022027891418965467	0.0026238949546422826	0.0017942238471161018	2.1386496237983543	2.1385759197565863	NaN	NaN	NaN
50000	5000	10	SzSz r=1	false	0	chi32	-0.0898879388012332	-9.11205247974417e-5	0.0026238949546422826	0.0017942480502257966	2.1385919265113804	2.1385759197565863	NaN	NaN	NaN
50000	5000	10	SzSz r=1	false	0	exact	-0.0898879388012332	0.0	0.0026238949546422826	0.0017942547649826997	2.1385759197565863	2.1385759197565863	NaN	NaN	NaN
50000	5000	10	hop up r=1	false	0	chi2	0.4440883514173588	0.4440883514173588	0.02799223303319249	0.02799223303319249	1.0	3.993245397845804	NaN	NaN	NaN
50000	5000	10	hop up r=1	false	0	chi4	0.4440883514173588	0.4440883514173588	0.02799223303319249	0.02799223303319249	1.0	3.993245397845804	NaN	NaN	NaN
50000	5000	10	hop up r=1	false	0	chi8	0.4440883514173588	0.010882164287152052	0.02799223303319249	0.014084891658441043	3.9497360006938322	3.993245397845804	NaN	NaN	NaN
50000	5000	10	hop up r=1	false	0	chi32	0.4440883514173588	0.00036244009992458803	0.02799223303319249	0.01401016520036802	3.99198202738264	3.993245397845804	NaN	NaN	NaN
50000	5000	10	hop up r=1	false	0	exact	0.4440883514173588	0.0	0.02799223303319249	0.014007948778970634	3.993245397845804	3.993245397845804	NaN	NaN	NaN
50000	500	100	n	false	0	chi2	0.9999999999890202	-1.0976997089073848e-11	0.004814004646675032	0.004814004696721298	0.9999999792080533	0.9999999980107447	NaN	NaN	NaN
50000	500	100	n	false	0	chi4	0.9999999999890202	-5.295314187137024e-10	0.004814004646675032	0.00481400473300517	0.9999999641337551	0.9999999980107447	NaN	NaN	NaN
50000	500	100	n	false	0	chi8	0.9999999999890202	7.150757763696447e-11	0.004814004646675032	0.004814004661144021	0.9999999939887934	0.9999999980107447	NaN	NaN	NaN
50000	500	100	n	false	0	chi32	0.9999999999890202	-3.9698211384830984e-10	0.004814004646675032	0.004814004650925154	0.9999999982342678	0.9999999980107447	NaN	NaN	NaN
50000	500	100	n	false	0	exact	0.9999999999890202	0.0	0.004814004646675032	0.004814004651463174	0.9999999980107447	0.9999999980107447	NaN	NaN	NaN
50000	500	100	Sz	false	0	chi2	1.498873095084896e-9	-1.4229547179445134e-8	0.002935683898541038	0.0029356838885599033	1.0000000067998704	1.0000000006408798	NaN	NaN	NaN
50000	500	100	Sz	false	0	chi4	1.498873095084896e-9	-2.5912613312029098e-8	0.002935683898541038	0.002935683880651695	1.0000000121875134	1.0000000006408798	NaN	NaN	NaN
50000	500	100	Sz	false	0	chi8	1.498873095084896e-9	-3.0038820458822e-9	0.002935683898541038	0.0029356838957622414	1.000000001893117	1.0000000006408798	NaN	NaN	NaN
50000	500	100	Sz	false	0	chi32	1.498873095084896e-9	-4.5203188414610906e-11	0.002935683898541038	0.002935683897193202	1.0000000009182435	1.0000000006408798	NaN	NaN	NaN
50000	500	100	Sz	false	0	exact	1.498873095084896e-9	0.0	0.002935683898541038	0.002935683897600328	1.0000000006408798	1.0000000006408798	NaN	NaN	NaN
50000	500	100	DoubleOcc	false	0	chi2	0.10027732104750578	0.10027732104750578	0.020038199567331518	0.013143810181725597	2.32420717777341	27.949000233094544	NaN	NaN	NaN
50000	500	100	DoubleOcc	false	0	chi4	0.10027732104750578	0.04168047383266396	0.020038199567331518	0.0062856527175900925	10.16287607856394	27.949000233094544	NaN	NaN	NaN
50000	500	100	DoubleOcc	false	0	chi8	0.10027732104750578	0.000164670029318692	0.020038199567331518	0.0037883944702932484	27.977377774911176	27.949000233094544	NaN	NaN	NaN
50000	500	100	DoubleOcc	false	0	chi32	0.10027732104750578	2.5929579957395532e-5	0.020038199567331518	0.0037900066123577134	27.953581555318593	27.949000233094544	NaN	NaN	NaN
50000	500	100	DoubleOcc	false	0	exact	0.10027732104750578	0.0	0.020038199567331518	0.00379031722329017	27.949000233094544	27.949000233094544	NaN	NaN	NaN
50000	500	100	ZZ onsite	true	2	chi2	-0.5988907157880141	0.4011092842119831	0.0793468611341286	0.05158855386567954	2.3656625501947817	53.92627908394752	0.07651248796903028	0.05186191193924995	4.484443831299855
50000	500	100	ZZ onsite	true	2	chi4	-0.5988907157880141	0.1667218963897199	0.0793468611341286	0.022876488961391286	12.030419221989701	53.92627908394752	0.07651248796903028	0.023668088973769673	25.95665557985754
50000	500	100	ZZ onsite	true	2	chi8	-0.5988907157880141	0.0006586799742634986	0.0793468611341286	0.01079511005166219	54.02631597474011	53.92627908394752	0.07651248796903028	0.010744595183005341	1.6629726163126242e6
50000	500	100	ZZ onsite	true	2	chi32	-0.5988907157880141	0.000103719113789702	0.0793468611341286	0.010803498530017604	53.9424500611639	53.92627908394752	0.07651248796903028	0.010744280153653788	6.706816481044408e7
50000	500	100	ZZ onsite	true	2	exact	-0.5988907157880141	0.0	0.0793468611341286	0.010805118241560621	53.92627908394752	53.92627908394752	0.07651248796903028	0.010744272143692453	NaN
50000	500	100	ZZ up-up r=1	true	2	chi2	-0.43615457682117426	-0.07171029294962133	0.05054899629452736	0.015196043364801888	11.065321195084191	14.646896838349083	0.056475229007363494	0.01510087120532977	177.15392348562233
50000	500	100	ZZ up-up r=1	true	2	chi4	-0.43615457682117426	-0.13537199962080515	0.05054899629452736	0.019786491517887923	6.526607366456798	14.646896838349083	0.056475229007363494	0.020951556167086823	49.71140988142979
50000	500	100	ZZ up-up r=1	true	2	chi8	-0.43615457682117426	-0.009747202733221605	0.05054899629452736	0.013205587846264036	14.652428003204335	14.646896838349083	0.056475229007363494	0.012135838689566946	9588.568394630294
50000	500	100	ZZ up-up r=1	true	2	chi32	-0.43615457682117426	-0.0004756162267585684	0.05054899629452736	0.013205819641747173	14.651913633492669	14.646896838349083	0.056475229007363494	0.012073196457191945	4.0271744442134714e6
50000	500	100	ZZ up-up r=1	true	2	exact	-0.43615457682117426	0.0	0.05054899629452736	0.013208081049762543	14.646896838349083	14.646896838349083	0.056475229007363494	0.01207304656336708	NaN
50000	500	100	SzSz r=1	false	0	chi2	-0.0898879388012332	0.0012231321666550249	0.007095433428048595	0.002042638903218933	12.066315072708203	13.98871650157192	NaN	NaN	NaN
50000	500	100	SzSz r=1	false	0	chi4	-0.0898879388012332	-0.013452665049220033	0.007095433428048595	0.002316113144235154	9.38508730225399	13.98871650157192	NaN	NaN	NaN
50000	500	100	SzSz r=1	false	0	chi8	-0.0898879388012332	-0.0022027891418965467	0.007095433428048595	0.0018872508438345654	14.135090810219742	13.98871650157192	NaN	NaN	NaN
50000	500	100	SzSz r=1	false	0	chi32	-0.0898879388012332	-9.11205247974417e-5	0.007095433428048595	0.0018964361820746718	13.998496535383781	13.98871650157192	NaN	NaN	NaN
50000	500	100	SzSz r=1	false	0	exact	-0.0898879388012332	0.0	0.007095433428048595	0.001897099000902678	13.98871650157192	13.98871650157192	NaN	NaN	NaN
50000	500	100	hop up r=1	false	0	chi2	0.4440883514173588	0.4440883514173588	0.07039539442987587	0.07039539442987587	1.0	22.24339563277624	NaN	NaN	NaN
50000	500	100	hop up r=1	false	0	chi4	0.4440883514173588	0.4440883514173588	0.07039539442987587	0.07039539442987587	1.0	22.24339563277624	NaN	NaN	NaN
50000	500	100	hop up r=1	false	0	chi8	0.4440883514173588	0.010882164287152052	0.07039539442987587	0.015219788028315485	21.39298001811172	22.24339563277624	NaN	NaN	NaN
50000	500	100	hop up r=1	false	0	chi32	0.4440883514173588	0.00036244009992458803	0.07039539442987587	0.014932986255065612	22.222615014737315	22.24339563277624	NaN	NaN	NaN
50000	500	100	hop up r=1	false	0	exact	0.4440883514173588	0.0	0.07039539442987587	0.014926009145996245	22.24339563277624	22.24339563277624	NaN	NaN	NaN
50000	50	1000	n	false	0	chi2	0.9999999999890202	-1.0976997089073848e-11	0.004651193615684203	0.004651194164848788	0.9999997638608352	0.9999999774981936	NaN	NaN	NaN
50000	50	1000	n	false	0	chi4	0.9999999999890202	-5.295314187137024e-10	0.004651193615684203	0.004651194572934829	0.9999995883850858	0.9999999774981936	NaN	NaN	NaN
50000	50	1000	n	false	0	chi8	0.9999999999890202	7.150757763696447e-11	0.004651193615684203	0.004651193772873305	0.9999999324091375	0.9999999774981936	NaN	NaN	NaN
50000	50	1000	n	false	0	chi32	0.9999999999890202	-3.9698211384830984e-10	0.004651193615684203	0.004651193669718767	0.999999976765292	0.9999999774981936	NaN	NaN	NaN
50000	50	1000	n	false	0	exact	0.9999999999890202	0.0	0.004651193615684203	0.004651193668014334	0.9999999774981936	0.9999999774981936	NaN	NaN	NaN
50000	50	1000	Sz	false	0	chi2	1.498873095084896e-9	-1.4229547179445134e-8	0.0031251694745569668	0.0031251692596959515	1.000000137503607	1.0000000130464923	NaN	NaN	NaN
50000	50	1000	Sz	false	0	chi4	1.498873095084896e-9	-2.5912613312029098e-8	0.0031251694745569668	0.003125169095874838	1.0000002423434637	1.0000000130464923	NaN	NaN	NaN
50000	50	1000	Sz	false	0	chi8	1.498873095084896e-9	-3.0038820458822e-9	0.0031251694745569668	0.0031251694137179107	1.0000000389348855	1.0000000130464923	NaN	NaN	NaN
50000	50	1000	Sz	false	0	chi32	1.498873095084896e-9	-4.5203188414610906e-11	0.0031251694745569668	0.003125169450319906	1.000000015510878	1.0000000130464923	NaN	NaN	NaN
50000	50	1000	Sz	false	0	exact	1.498873095084896e-9	0.0	0.0031251694745569668	0.0031251694541707172	1.0000000130464923	1.0000000130464923	NaN	NaN	NaN
50000	50	1000	DoubleOcc	false	0	chi2	0.10027732104750578	0.10027732104750578	0.05908133236166504	0.04048856983425594	2.1292942835256135	296.3702110562031	NaN	NaN	NaN
50000	50	1000	DoubleOcc	false	0	chi4	0.10027732104750578	0.04168047383266396	0.05908133236166504	0.0173987548962814	11.530926959686198	296.3702110562031	NaN	NaN	NaN
50000	50	1000	DoubleOcc	false	0	chi8	0.10027732104750578	0.000164670029318692	0.05908133236166504	0.0034421027193118543	294.6136797494812	296.3702110562031	NaN	NaN	NaN
50000	50	1000	DoubleOcc	false	0	chi32	0.10027732104750578	2.5929579957395532e-5	0.05908133236166504	0.003433415105271756	296.10649551282165	296.3702110562031	NaN	NaN	NaN
50000	50	1000	DoubleOcc	false	0	exact	0.10027732104750578	0.0	0.05908133236166504	0.003431887208056863	296.3702110562031	296.3702110562031	NaN	NaN	NaN
50000	50	1000	ZZ onsite	true	2	chi2	-0.5988907157880141	0.4011092842119831	0.23708047806708904	0.16079298569698336	2.1739892367358133	523.4805364428764	0.23979710944260882	0.16080306167752417	4.484443831299855
50000	50	1000	ZZ onsite	true	2	chi4	-0.5988907157880141	0.1667218963897199	0.23708047806708904	0.06811977236672782	12.11281857871946	523.4805364428764	0.23979710944260882	0.06754872242776502	25.95665557985754
50000	50	1000	ZZ onsite	true	2	chi8	-0.5988907157880141	0.0006586799742634986	0.23708047806708904	0.010392939645853208	520.3730280350649	523.4805364428764	0.23979710944260882	0.010747502099887441	1.6629726163126242e6
50000	50	1000	ZZ onsite	true	2	chi32	-0.5988907157880141	0.000103719113789702	0.23708047806708904	0.010366478701966839	523.0329737371239	523.4805364428764	0.23979710944260882	0.010744352243037086	6.706816481044408e7
50000	50	1000	ZZ onsite	true	2	exact	-0.5988907157880141	0.0	0.23708047806708904	0.010362046214936317	523.4805364428764	523.4805364428764	0.23979710944260882	0.010744272143692453	NaN
50000	50	1000	ZZ up-up r=1	true	2	chi2	-0.43615457682117426	-0.07171029294962133	0.16417030559981977	0.031237522035638333	27.62078785597388	154.20298041759162	0.17487906917195792	0.031121327601959903	177.15392348562233
50000	50	1000	ZZ up-up r=1	true	2	chi4	-0.43615457682117426	-0.13537199962080515	0.16417030559981977	0.05361455038392015	9.376135535695758	154.20298041759162	0.17487906917195792	0.05547838298233712	49.71140988142979
50000	50	1000	ZZ up-up r=1	true	2	chi8	-0.43615457682117426	-0.009747202733221605	0.16417030559981977	0.014157179761011982	134.47319393228378	154.20298041759162	0.17487906917195792	0.012686990466648632	9588.568394630294
50000	50	1000	ZZ up-up r=1	true	2	chi32	-0.43615457682117426	-0.0004756162267585684	0.16417030559981977	0.013244828904463908	153.6372440778604	154.20298041759162	0.17487906917195792	0.012074545417880318	4.0271744442134714e6
50000	50	1000	ZZ up-up r=1	true	2	exact	-0.43615457682117426	0.0	0.16417030559981977	0.013220510417716056	154.20298041759162	154.20298041759162	0.17487906917195792	0.01207304656336708	NaN
50000	50	1000	SzSz r=1	false	0	chi2	-0.0898879388012332	0.0012231321666550249	0.02036595963952151	0.0032211307818545815	39.975420557741025	133.93326698010196	NaN	NaN	NaN
50000	50	1000	SzSz r=1	false	0	chi4	-0.0898879388012332	-0.013452665049220033	0.02036595963952151	0.004724216442490093	18.584470156575897	133.93326698010196	NaN	NaN	NaN
50000	50	1000	SzSz r=1	false	0	chi8	-0.0898879388012332	-0.0022027891418965467	0.02036595963952151	0.0019221170369676016	112.2664787598462	133.93326698010196	NaN	NaN	NaN
50000	50	1000	SzSz r=1	false	0	chi32	-0.0898879388012332	-9.11205247974417e-5	0.02036595963952151	0.0017625959542187095	133.50705612533466	133.93326698010196	NaN	NaN	NaN
50000	50	1000	SzSz r=1	false	0	exact	-0.0898879388012332	0.0	0.02036595963952151	0.0017597891977015623	133.93326698010196	133.93326698010196	NaN	NaN	NaN
50000	50	1000	hop up r=1	false	0	chi2	0.4440883514173588	0.4440883514173588	0.20329415815441648	0.20329415815441648	1.0	186.44421090193597	NaN	NaN	NaN
50000	50	1000	hop up r=1	false	0	chi4	0.4440883514173588	0.4440883514173588	0.20329415815441648	0.20329415815441648	1.0	186.44421090193597	NaN	NaN	NaN
50000	50	1000	hop up r=1	false	0	chi8	0.4440883514173588	0.010882164287152052	0.20329415815441648	0.015588240210075464	170.08092882048686	186.44421090193597	NaN	NaN	NaN
50000	50	1000	hop up r=1	false	0	chi32	0.4440883514173588	0.00036244009992458803	0.20329415815441648	0.014885555986217306	186.51753917147656	186.44421090193597	NaN	NaN	NaN
50000	50	1000	hop up r=1	false	0	exact	0.4440883514173588	0.0	0.20329415815441648	0.014888482933514028	186.44421090193597	186.44421090193597	NaN	NaN	NaN
