L	n_u	n_m	n_repeat	observable	absA	prior	true	Delta	G	G_theory	CI_relwidth
16	50	100	300	Sz  |A|=1	1	chi2	6.825333007109968e-11	-8.293536743822494e-8	1.000000013682803	NaN	1.1257644275059602e-9
16	50	100	300	Sz  |A|=1	1	chi4	6.825333007109968e-11	-8.397395851594824e-9	1.0000000135576275	NaN	1.1257644275059602e-9
16	50	100	300	Sz  |A|=1	1	chi8	6.825333007109968e-11	3.612213861359237e-10	0.9999999987726209	NaN	1.1257644275059602e-9
16	50	100	300	Sz  |A|=1	1	chi32	6.825333007109968e-11	6.841992250539164e-13	0.9999999999840108	NaN	1.1257644275059602e-9
16	50	100	300	Sz  |A|=1	1	exact	6.825333007109968e-11	0.0	1.0000000000000153	NaN	1.1257644275059602e-9
16	50	100	300	ZZ onsite |A|=2	2	chi2	-0.5985704920183841	0.40142950798161536	2.311386537797579	50.58961184532023	0.10384861729877722
16	50	100	300	ZZ onsite |A|=2	2	chi4	-0.5985704920183841	0.14172611448061567	14.643921394807814	50.58961184532023	0.10384861729877722
16	50	100	300	ZZ onsite |A|=2	2	chi8	-0.5985704920183841	-0.002375888552378913	47.64057352989979	50.58961184532023	0.10384861729877722
16	50	100	300	ZZ onsite |A|=2	2	chi32	-0.5985704920183841	-8.800334999614634e-6	47.90534149254915	50.58961184532023	0.10384861729877722
16	50	100	300	ZZ onsite |A|=2	2	exact	-0.5985704920183841	0.0	47.90620362056076	50.58961184532023	0.10384861729877722
16	50	100	300	ZZ up-up |A|=2	2	chi2	-0.3978048604828066	-0.05588934129602918	15.491048951564297	17.675482778502886	0.12170188050767257
16	50	100	300	ZZ up-up |A|=2	2	chi4	-0.3978048604828066	-0.33694326491432003	1.3681996391271651	17.675482778502886	0.12170188050767257
16	50	100	300	ZZ up-up |A|=2	2	chi8	-0.3978048604828066	-0.004365509915066401	22.13291339312777	17.675482778502886	0.12170188050767257
16	50	100	300	ZZ up-up |A|=2	2	chi32	-0.3978048604828066	-0.00014386712555558567	22.219292801036783	17.675482778502886	0.12170188050767257
16	50	100	300	ZZ up-up |A|=2	2	exact	-0.3978048604828066	0.0	22.220388176230205	17.675482778502886	0.12170188050767257
16	50	100	300	DoubleOcc |A|=2	2	chi2	0.10035737699017858	0.10035737699017855	2.193064914703295	NaN	0.10923976032753502
16	50	100	300	DoubleOcc |A|=2	2	chi4	0.10035737699017858	0.0354315229591369	11.94576018321725	NaN	0.10923976032753502
16	50	100	300	DoubleOcc |A|=2	2	chi8	0.10035737699017858	-0.0005939715950023794	30.691101998781473	NaN	0.10923976032753502
16	50	100	300	DoubleOcc |A|=2	2	chi32	0.10035737699017858	-2.2000763591489836e-6	30.744233626046455	NaN	0.10923976032753502
16	50	100	300	DoubleOcc |A|=2	2	exact	0.10035737699017858	0.0	30.744378710424154	NaN	0.10923976032753502
16	50	100	300	SzSz |A|=2	2	chi2	-0.08155407383732062	0.003924805959373737	14.42541654641577	NaN	0.12113059083110135
16	50	100	300	SzSz |A|=2	2	chi4	-0.08155407383732062	-0.06633867494519897	1.4456775255224776	NaN	0.12113059083110135
16	50	100	300	SzSz |A|=2	2	chi8	-0.08155407383732062	-0.0007873035619198054	17.37469128955989	NaN	0.12113059083110135
16	50	100	300	SzSz |A|=2	2	chi32	-0.08155407383732062	-4.321406686590146e-5	17.46337568689061	NaN	0.12113059083110135
16	50	100	300	SzSz |A|=2	2	exact	-0.08155407383732062	0.0	17.466324162931482	NaN	0.12113059083110135
16	50	100	300	hop |A|=3	3	chi2	0.4227169615035098	0.4227169615035098	1.0	NaN	0.11375341372061493
16	50	100	300	hop |A|=3	3	chi4	0.4227169615035098	0.4227169615035098	1.0	NaN	0.11375341372061493
16	50	100	300	hop |A|=3	3	chi8	0.4227169615035098	0.005699855880129889	23.66351581951183	NaN	0.11375341372061493
16	50	100	300	hop |A|=3	3	chi32	0.4227169615035098	0.00010409997357258005	24.17760216945716	NaN	0.11375341372061493
16	50	100	300	hop |A|=3	3	exact	0.4227169615035098	0.0	24.185623216758785	NaN	0.11375341372061493
16	50	100	300	ZZZZ |A|=4	4	chi2	0.5437227893572482	-0.4562772106427513	1.266683363186046	42.386531746891016	0.14832290804794893
16	50	100	300	ZZZZ |A|=4	4	chi4	0.5437227893572482	-0.009609589043273581	42.52874298302848	42.386531746891016	0.14832290804794893
16	50	100	300	ZZZZ |A|=4	4	chi8	0.5437227893572482	-0.003358510723449948	44.15888157312189	42.386531746891016	0.14832290804794893
16	50	100	300	ZZZZ |A|=4	4	chi32	0.5437227893572482	-1.5389805756993447e-5	44.8573533628678	42.386531746891016	0.14832290804794893
16	50	100	300	ZZZZ |A|=4	4	exact	0.5437227893572482	0.0	44.86025788705268	42.386531746891016	0.14832290804794893
16	50	100	300	SxSx |A|=4	4	chi2	-0.08155407393587649	-0.08155407393587649	1.0	NaN	0.1081135808529914
16	50	100	300	SxSx |A|=4	4	chi4	-0.08155407393587649	-0.00868633917037781	7.454159401601326	NaN	0.1081135808529914
16	50	100	300	SxSx |A|=4	4	chi8	-0.08155407393587649	0.0014228968707603318	11.05754904852965	NaN	0.1081135808529914
16	50	100	300	SxSx |A|=4	4	chi32	-0.08155407393587649	-2.62097423203711e-5	11.219190771105001	NaN	0.1081135808529914
16	50	100	300	SxSx |A|=4	4	exact	-0.08155407393587649	0.0	11.216808693411863	NaN	0.1081135808529914
16	100	100	300	Sz  |A|=1	1	chi2	6.825333007109968e-11	-8.293536743822494e-8	1.000000099263138	NaN	1.0523893988911472e-9
16	100	100	300	Sz  |A|=1	1	chi4	6.825333007109968e-11	-8.397395851594824e-9	1.000000016727699	NaN	1.0523893988911472e-9
16	100	100	300	Sz  |A|=1	1	chi8	6.825333007109968e-11	3.612213861359237e-10	0.9999999990094334	NaN	1.0523893988911472e-9
16	100	100	300	Sz  |A|=1	1	chi32	6.825333007109968e-11	6.841992250539164e-13	1.0000000000660767	NaN	1.0523893988911472e-9
16	100	100	300	Sz  |A|=1	1	exact	6.825333007109968e-11	0.0	1.0000000000755234	NaN	1.0523893988911472e-9
16	100	100	300	ZZ onsite |A|=2	2	chi2	-0.5985704920183841	0.40142950798161536	2.2752137480748824	50.58961184532023	0.11217555138368948
16	100	100	300	ZZ onsite |A|=2	2	chi4	-0.5985704920183841	0.14172611448061567	14.939886989001144	50.58961184532023	0.11217555138368948
16	100	100	300	ZZ onsite |A|=2	2	chi8	-0.5985704920183841	-0.002375888552378913	58.75074797550957	50.58961184532023	0.11217555138368948
16	100	100	300	ZZ onsite |A|=2	2	chi32	-0.5985704920183841	-8.800334999614634e-6	59.04308957574863	50.58961184532023	0.11217555138368948
16	100	100	300	ZZ onsite |A|=2	2	exact	-0.5985704920183841	0.0	59.04398542209132	50.58961184532023	0.11217555138368948
16	100	100	300	ZZ up-up |A|=2	2	chi2	-0.3978048604828066	-0.05588934129602918	13.595320999686722	17.675482778502886	0.10868897564581248
16	100	100	300	ZZ up-up |A|=2	2	chi4	-0.3978048604828066	-0.33694326491432003	1.3691821108188809	17.675482778502886	0.10868897564581248
16	100	100	300	ZZ up-up |A|=2	2	chi8	-0.3978048604828066	-0.004365509915066401	17.223662513511524	17.675482778502886	0.10868897564581248
16	100	100	300	ZZ up-up |A|=2	2	chi32	-0.3978048604828066	-0.00014386712555558567	17.173007417545623	17.675482778502886	0.10868897564581248
16	100	100	300	ZZ up-up |A|=2	2	exact	-0.3978048604828066	0.0	17.17015270530578	17.675482778502886	0.10868897564581248
16	100	100	300	DoubleOcc |A|=2	2	chi2	0.10035737699017858	0.10035737699017855	2.1937391983086862	NaN	0.11261989596168095
16	100	100	300	DoubleOcc |A|=2	2	chi4	0.10035737699017858	0.0354315229591369	11.91211145315921	NaN	0.11261989596168095
16	100	100	300	DoubleOcc |A|=2	2	chi8	0.10035737699017858	-0.0005939715950023794	30.37186521828881	NaN	0.11261989596168095
16	100	100	300	DoubleOcc |A|=2	2	chi32	0.10035737699017858	-2.2000763591489836e-6	30.42495869451606	NaN	0.11261989596168095
16	100	100	300	DoubleOcc |A|=2	2	exact	0.10035737699017858	0.0	30.425104765266163	NaN	0.11261989596168095
16	100	100	300	SzSz |A|=2	2	chi2	-0.08155407383732062	0.003924805959373737	12.294635725492888	NaN	0.11073269567646518
16	100	100	300	SzSz |A|=2	2	chi4	-0.08155407383732062	-0.06633867494519897	1.4360422319104627	NaN	0.11073269567646518
16	100	100	300	SzSz |A|=2	2	chi8	-0.08155407383732062	-0.0007873035619198054	14.824479171618307	NaN	0.11073269567646518
16	100	100	300	SzSz |A|=2	2	chi32	-0.08155407383732062	-4.321406686590146e-5	15.018105529539206	NaN	0.11073269567646518
16	100	100	300	SzSz |A|=2	2	exact	-0.08155407383732062	0.0	15.025221831890148	NaN	0.11073269567646518
16	100	100	300	hop |A|=3	3	chi2	0.4227169615035098	0.4227169615035098	1.0	NaN	0.10935889643281048
16	100	100	300	hop |A|=3	3	chi4	0.4227169615035098	0.4227169615035098	1.0	NaN	0.10935889643281048
16	100	100	300	hop |A|=3	3	chi8	0.4227169615035098	0.005699855880129889	20.08239147623097	NaN	0.10935889643281048
16	100	100	300	hop |A|=3	3	chi32	0.4227169615035098	0.00010409997357258005	20.140731286587886	NaN	0.10935889643281048
16	100	100	300	hop |A|=3	3	exact	0.4227169615035098	0.0	20.140536705179073	NaN	0.10935889643281048
16	100	100	300	ZZZZ |A|=4	4	chi2	0.5437227893572482	-0.4562772106427513	1.491764698888467	42.386531746891016	0.1615179313836227
16	100	100	300	ZZZZ |A|=4	4	chi4	0.5437227893572482	-0.009609589043273581	61.39425518030092	42.386531746891016	0.1615179313836227
16	100	100	300	ZZZZ |A|=4	4	chi8	0.5437227893572482	-0.003358510723449948	61.29776832489609	42.386531746891016	0.1615179313836227
16	100	100	300	ZZZZ |A|=4	4	chi32	0.5437227893572482	-1.5389805756993447e-5	60.85868526038003	42.386531746891016	0.1615179313836227
16	100	100	300	ZZZZ |A|=4	4	exact	0.5437227893572482	0.0	60.85605790937411	42.386531746891016	0.1615179313836227
16	100	100	300	SxSx |A|=4	4	chi2	-0.08155407393587649	-0.08155407393587649	1.0	NaN	0.11905538380428934
16	100	100	300	SxSx |A|=4	4	chi4	-0.08155407393587649	-0.00868633917037781	7.839566499172274	NaN	0.11905538380428934
16	100	100	300	SxSx |A|=4	4	chi8	-0.08155407393587649	0.0014228968707603318	13.973279585273357	NaN	0.11905538380428934
16	100	100	300	SxSx |A|=4	4	chi32	-0.08155407393587649	-2.62097423203711e-5	13.84286409795473	NaN	0.11905538380428934
16	100	100	300	SxSx |A|=4	4	exact	-0.08155407393587649	0.0	13.84569313312032	NaN	0.11905538380428934
16	200	100	300	Sz  |A|=1	1	chi2	6.825333007109968e-11	-8.293536743822494e-8	1.000000039520792	NaN	1.1972343686471803e-9
16	200	100	300	Sz  |A|=1	1	chi4	6.825333007109968e-11	-8.397395851594824e-9	1.0000000150546529	NaN	1.1972343686471803e-9
16	200	100	300	Sz  |A|=1	1	chi8	6.825333007109968e-11	3.612213861359237e-10	0.9999999987917737	NaN	1.1972343686471803e-9
16	200	100	300	Sz  |A|=1	1	chi32	6.825333007109968e-11	6.841992250539164e-13	1.0000000000075835	NaN	1.1972343686471803e-9
16	200	100	300	Sz  |A|=1	1	exact	6.825333007109968e-11	0.0	1.0000000000223137	NaN	1.1972343686471803e-9
16	200	100	300	ZZ onsite |A|=2	2	chi2	-0.5985704920183841	0.40142950798161536	2.1261460287122143	50.58961184532023	0.11828428370422203
16	200	100	300	ZZ onsite |A|=2	2	chi4	-0.5985704920183841	0.14172611448061567	12.943137217161624	50.58961184532023	0.11828428370422203
16	200	100	300	ZZ onsite |A|=2	2	chi8	-0.5985704920183841	-0.002375888552378913	50.61391998486358	50.58961184532023	0.11828428370422203
16	200	100	300	ZZ onsite |A|=2	2	chi32	-0.5985704920183841	-8.800334999614634e-6	50.5662987393924	50.58961184532023	0.11828428370422203
16	200	100	300	ZZ onsite |A|=2	2	exact	-0.5985704920183841	0.0	50.565974306738596	50.58961184532023	0.11828428370422203
16	200	100	300	ZZ up-up |A|=2	2	chi2	-0.3978048604828066	-0.05588934129602918	12.62410957152013	17.675482778502886	0.10649293461827922
16	200	100	300	ZZ up-up |A|=2	2	chi4	-0.3978048604828066	-0.33694326491432003	1.35723541581584	17.675482778502886	0.10649293461827922
16	200	100	300	ZZ up-up |A|=2	2	chi8	-0.3978048604828066	-0.004365509915066401	17.198046632526186	17.675482778502886	0.10649293461827922
16	200	100	300	ZZ up-up |A|=2	2	chi32	-0.3978048604828066	-0.00014386712555558567	17.30515926438211	17.675482778502886	0.10649293461827922
16	200	100	300	ZZ up-up |A|=2	2	exact	-0.3978048604828066	0.0	17.307740694864233	17.675482778502886	0.10649293461827922
16	200	100	300	DoubleOcc |A|=2	2	chi2	0.10035737699017858	0.10035737699017855	2.171082188207427	NaN	0.10689864855013763
16	200	100	300	DoubleOcc |A|=2	2	chi4	0.10035737699017858	0.0354315229591369	11.27723038799631	NaN	0.10689864855013763
16	200	100	300	DoubleOcc |A|=2	2	chi8	0.10035737699017858	-0.0005939715950023794	26.83156038055126	NaN	0.10689864855013763
16	200	100	300	DoubleOcc |A|=2	2	chi32	0.10035737699017858	-2.2000763591489836e-6	26.866944193232342	NaN	0.10689864855013763
16	200	100	300	DoubleOcc |A|=2	2	exact	0.10035737699017858	0.0	26.867035723022656	NaN	0.10689864855013763
16	200	100	300	SzSz |A|=2	2	chi2	-0.08155407383732062	0.003924805959373737	10.635998868135257	NaN	0.11492204824884512
16	200	100	300	SzSz |A|=2	2	chi4	-0.08155407383732062	-0.06633867494519897	1.4330106258765531	NaN	0.11492204824884512
16	200	100	300	SzSz |A|=2	2	chi8	-0.08155407383732062	-0.0007873035619198054	12.969865596376247	NaN	0.11492204824884512
16	200	100	300	SzSz |A|=2	2	chi32	-0.08155407383732062	-4.321406686590146e-5	13.041885002499132	NaN	0.11492204824884512
16	200	100	300	SzSz |A|=2	2	exact	-0.08155407383732062	0.0	13.043296121563337	NaN	0.11492204824884512
16	200	100	300	hop |A|=3	3	chi2	0.4227169615035098	0.4227169615035098	1.0	NaN	0.11804905552262444
16	200	100	300	hop |A|=3	3	chi4	0.4227169615035098	0.4227169615035098	1.0	NaN	0.11804905552262444
16	200	100	300	hop |A|=3	3	chi8	0.4227169615035098	0.005699855880129889	17.884856889632825	NaN	0.11804905552262444
16	200	100	300	hop |A|=3	3	chi32	0.4227169615035098	0.00010409997357258005	17.883008075598262	NaN	0.11804905552262444
16	200	100	300	hop |A|=3	3	exact	0.4227169615035098	0.0	17.881956774532135	NaN	0.11804905552262444
16	200	100	300	ZZZZ |A|=4	4	chi2	0.5437227893572482	-0.4562772106427513	1.3650693526043165	42.386531746891016	0.1257664742845905
16	200	100	300	ZZZZ |A|=4	4	chi4	0.5437227893572482	-0.009609589043273581	35.02132682548792	42.386531746891016	0.1257664742845905
16	200	100	300	ZZZZ |A|=4	4	chi8	0.5437227893572482	-0.003358510723449948	35.54359082004	42.386531746891016	0.1257664742845905
16	200	100	300	ZZZZ |A|=4	4	chi32	0.5437227893572482	-1.5389805756993447e-5	35.69268186305875	42.386531746891016	0.1257664742845905
16	200	100	300	ZZZZ |A|=4	4	exact	0.5437227893572482	0.0	35.69315168962344	42.386531746891016	0.1257664742845905
16	200	100	300	SxSx |A|=4	4	chi2	-0.08155407393587649	-0.08155407393587649	1.0	NaN	0.10505162485245959
16	200	100	300	SxSx |A|=4	4	chi4	-0.08155407393587649	-0.00868633917037781	7.623990683076167	NaN	0.10505162485245959
16	200	100	300	SxSx |A|=4	4	chi8	-0.08155407393587649	0.0014228968707603318	14.214696802631572	NaN	0.10505162485245959
16	200	100	300	SxSx |A|=4	4	chi32	-0.08155407393587649	-2.62097423203711e-5	14.34487125082107	NaN	0.10505162485245959
16	200	100	300	SxSx |A|=4	4	exact	-0.08155407393587649	0.0	14.34426237740296	NaN	0.10505162485245959
16	400	100	300	Sz  |A|=1	1	chi2	6.825333007109968e-11	-8.293536743822494e-8	1.0000000322860583	NaN	9.578122728679204e-10
16	400	100	300	Sz  |A|=1	1	chi4	6.825333007109968e-11	-8.397395851594824e-9	0.9999999905890926	NaN	9.578122728679204e-10
16	400	100	300	Sz  |A|=1	1	chi8	6.825333007109968e-11	3.612213861359237e-10	1.000000001117661	NaN	9.578122728679204e-10
16	400	100	300	Sz  |A|=1	1	chi32	6.825333007109968e-11	6.841992250539164e-13	1.0000000000546216	NaN	9.578122728679204e-10
16	400	100	300	Sz  |A|=1	1	exact	6.825333007109968e-11	0.0	1.000000000038288	NaN	9.578122728679204e-10
16	400	100	300	ZZ onsite |A|=2	2	chi2	-0.5985704920183841	0.40142950798161536	2.160044303273514	50.58961184532023	0.11251399246153543
16	400	100	300	ZZ onsite |A|=2	2	chi4	-0.5985704920183841	0.14172611448061567	13.351515986857471	50.58961184532023	0.11251399246153543
16	400	100	300	ZZ onsite |A|=2	2	chi8	-0.5985704920183841	-0.002375888552378913	51.975058715084955	50.58961184532023	0.11251399246153543
16	400	100	300	ZZ onsite |A|=2	2	chi32	-0.5985704920183841	-8.800334999614634e-6	51.99208559737387	50.58961184532023	0.11251399246153543
16	400	100	300	ZZ onsite |A|=2	2	exact	-0.5985704920183841	0.0	51.99199383833729	50.58961184532023	0.11251399246153543
16	400	100	300	ZZ up-up |A|=2	2	chi2	-0.3978048604828066	-0.05588934129602918	11.599546043312436	17.675482778502886	0.09711016221679687
16	400	100	300	ZZ up-up |A|=2	2	chi4	-0.3978048604828066	-0.33694326491432003	1.352155736332	17.675482778502886	0.09711016221679687
16	400	100	300	ZZ up-up |A|=2	2	chi8	-0.3978048604828066	-0.004365509915066401	15.529647461632218	17.675482778502886	0.09711016221679687
16	400	100	300	ZZ up-up |A|=2	2	chi32	-0.3978048604828066	-0.00014386712555558567	15.637053891882159	17.675482778502886	0.09711016221679687
16	400	100	300	ZZ up-up |A|=2	2	exact	-0.3978048604828066	0.0	15.639862066067383	17.675482778502886	0.09711016221679687
16	400	100	300	DoubleOcc |A|=2	2	chi2	0.10035737699017858	0.10035737699017855	2.093395091619948	NaN	0.09039619640770978
16	400	100	300	DoubleOcc |A|=2	2	chi4	0.10035737699017858	0.0354315229591369	10.945422817749952	NaN	0.09039619640770978
16	400	100	300	DoubleOcc |A|=2	2	chi8	0.10035737699017858	-0.0005939715950023794	28.58689443550488	NaN	0.09039619640770978
16	400	100	300	DoubleOcc |A|=2	2	chi32	0.10035737699017858	-2.2000763591489836e-6	28.574418367017806	NaN	0.09039619640770978
16	400	100	300	DoubleOcc |A|=2	2	exact	0.10035737699017858	0.0	28.574325654659873	NaN	0.09039619640770978
16	400	100	300	SzSz |A|=2	2	chi2	-0.08155407383732062	0.003924805959373737	10.24527839453288	NaN	0.10694422913185053
16	400	100	300	SzSz |A|=2	2	chi4	-0.08155407383732062	-0.06633867494519897	1.4376340463413346	NaN	0.10694422913185053
16	400	100	300	SzSz |A|=2	2	chi8	-0.08155407383732062	-0.0007873035619198054	11.465171188789629	NaN	0.10694422913185053
16	400	100	300	SzSz |A|=2	2	chi32	-0.08155407383732062	-4.321406686590146e-5	11.546559986498927	NaN	0.10694422913185053
16	400	100	300	SzSz |A|=2	2	exact	-0.08155407383732062	0.0	11.54909440718069	NaN	0.10694422913185053
16	400	100	300	hop |A|=3	3	chi2	0.4227169615035098	0.4227169615035098	1.0	NaN	0.11110310300175856
16	400	100	300	hop |A|=3	3	chi4	0.4227169615035098	0.4227169615035098	1.0	NaN	0.11110310300175856
16	400	100	300	hop |A|=3	3	chi8	0.4227169615035098	0.005699855880129889	20.758694300182235	NaN	0.11110310300175856
16	400	100	300	hop |A|=3	3	chi32	0.4227169615035098	0.00010409997357258005	20.783601089197408	NaN	0.11110310300175856
16	400	100	300	hop |A|=3	3	exact	0.4227169615035098	0.0	20.782687032429795	NaN	0.11110310300175856
16	400	100	300	ZZZZ |A|=4	4	chi2	0.5437227893572482	-0.4562772106427513	1.5223381847201232	42.386531746891016	0.11993645999482298
16	400	100	300	ZZZZ |A|=4	4	chi4	0.5437227893572482	-0.009609589043273581	47.661438874820085	42.386531746891016	0.11993645999482298
16	400	100	300	ZZZZ |A|=4	4	chi8	0.5437227893572482	-0.003358510723449948	47.344101442578	42.386531746891016	0.11993645999482298
16	400	100	300	ZZZZ |A|=4	4	chi32	0.5437227893572482	-1.5389805756993447e-5	46.94928171035823	42.386531746891016	0.11993645999482298
16	400	100	300	ZZZZ |A|=4	4	exact	0.5437227893572482	0.0	46.94711566904881	42.386531746891016	0.11993645999482298
16	400	100	300	SxSx |A|=4	4	chi2	-0.08155407393587649	-0.08155407393587649	1.0	NaN	0.12644263295775776
16	400	100	300	SxSx |A|=4	4	chi4	-0.08155407393587649	-0.00868633917037781	7.634722306795738	NaN	0.12644263295775776
16	400	100	300	SxSx |A|=4	4	chi8	-0.08155407393587649	0.0014228968707603318	14.10147909714277	NaN	0.12644263295775776
16	400	100	300	SxSx |A|=4	4	chi32	-0.08155407393587649	-2.62097423203711e-5	14.301944714407233	NaN	0.12644263295775776
16	400	100	300	SxSx |A|=4	4	exact	-0.08155407393587649	0.0	14.301497474469896	NaN	0.12644263295775776
16	800	100	300	Sz  |A|=1	1	chi2	6.825333007109968e-11	-8.293536743822494e-8	0.9999999703010188	NaN	1.0004032043138804e-9
16	800	100	300	Sz  |A|=1	1	chi4	6.825333007109968e-11	-8.397395851594824e-9	0.9999999938586133	NaN	1.0004032043138804e-9
16	800	100	300	Sz  |A|=1	1	chi8	6.825333007109968e-11	3.612213861359237e-10	1.0000000004065681	NaN	1.0004032043138804e-9
16	800	100	300	Sz  |A|=1	1	chi32	6.825333007109968e-11	6.841992250539164e-13	0.9999999999827679	NaN	1.0004032043138804e-9
16	800	100	300	Sz  |A|=1	1	exact	6.825333007109968e-11	0.0	0.9999999999784558	NaN	1.0004032043138804e-9
16	800	100	300	ZZ onsite |A|=2	2	chi2	-0.5985704920183841	0.40142950798161536	2.1020730588974974	50.58961184532023	0.11338965605690074
16	800	100	300	ZZ onsite |A|=2	2	chi4	-0.5985704920183841	0.14172611448061567	12.673341766847443	50.58961184532023	0.11338965605690074
16	800	100	300	ZZ onsite |A|=2	2	chi8	-0.5985704920183841	-0.002375888552378913	49.91225881918792	50.58961184532023	0.11338965605690074
16	800	100	300	ZZ onsite |A|=2	2	chi32	-0.5985704920183841	-8.800334999614634e-6	49.820317859443115	50.58961184532023	0.11338965605690074
16	800	100	300	ZZ onsite |A|=2	2	exact	-0.5985704920183841	0.0	49.81983281030038	50.58961184532023	0.11338965605690074
16	800	100	300	ZZ up-up |A|=2	2	chi2	-0.3978048604828066	-0.05588934129602918	13.386282301392244	17.675482778502886	0.10754905889975469
16	800	100	300	ZZ up-up |A|=2	2	chi4	-0.3978048604828066	-0.33694326491432003	1.3620845143485263	17.675482778502886	0.10754905889975469
16	800	100	300	ZZ up-up |A|=2	2	chi8	-0.3978048604828066	-0.004365509915066401	18.14439508078797	17.675482778502886	0.10754905889975469
16	800	100	300	ZZ up-up |A|=2	2	chi32	-0.3978048604828066	-0.00014386712555558567	18.215057402606416	17.675482778502886	0.10754905889975469
16	800	100	300	ZZ up-up |A|=2	2	exact	-0.3978048604828066	0.0	18.216242979643148	17.675482778502886	0.10754905889975469
16	800	100	300	DoubleOcc |A|=2	2	chi2	0.10035737699017858	0.10035737699017855	1.9938484860102048	NaN	0.11365200485486901
16	800	100	300	DoubleOcc |A|=2	2	chi4	0.10035737699017858	0.0354315229591369	10.167945440313126	NaN	0.11365200485486901
16	800	100	300	DoubleOcc |A|=2	2	chi8	0.10035737699017858	-0.0005939715950023794	27.902484254060255	NaN	0.11365200485486901
16	800	100	300	DoubleOcc |A|=2	2	chi32	0.10035737699017858	-2.2000763591489836e-6	27.8269266812552	NaN	0.11365200485486901
16	800	100	300	DoubleOcc |A|=2	2	exact	0.10035737699017858	0.0	27.82660168381912	NaN	0.11365200485486901
16	800	100	300	SzSz |A|=2	2	chi2	-0.08155407383732062	0.003924805959373737	9.164384845418253	NaN	0.11160011972373057
16	800	100	300	SzSz |A|=2	2	chi4	-0.08155407383732062	-0.06633867494519897	1.4408594305484965	NaN	0.11160011972373057
16	800	100	300	SzSz |A|=2	2	chi8	-0.08155407383732062	-0.0007873035619198054	11.881476543817353	NaN	0.11160011972373057
16	800	100	300	SzSz |A|=2	2	chi32	-0.08155407383732062	-4.321406686590146e-5	11.981276467840187	NaN	0.11160011972373057
16	800	100	300	SzSz |A|=2	2	exact	-0.08155407383732062	0.0	11.98171552215385	NaN	0.11160011972373057
16	800	100	300	hop |A|=3	3	chi2	0.4227169615035098	0.4227169615035098	1.0	NaN	0.10385167833009164
16	800	100	300	hop |A|=3	3	chi4	0.4227169615035098	0.4227169615035098	1.0	NaN	0.10385167833009164
16	800	100	300	hop |A|=3	3	chi8	0.4227169615035098	0.005699855880129889	20.830490229832975	NaN	0.10385167833009164
16	800	100	300	hop |A|=3	3	chi32	0.4227169615035098	0.00010409997357258005	20.87018303638351	NaN	0.10385167833009164
16	800	100	300	hop |A|=3	3	exact	0.4227169615035098	0.0	20.869536801031316	NaN	0.10385167833009164
16	800	100	300	ZZZZ |A|=4	4	chi2	0.5437227893572482	-0.4562772106427513	1.3144509301476517	42.386531746891016	0.11181246623364395
16	800	100	300	ZZZZ |A|=4	4	chi4	0.5437227893572482	-0.009609589043273581	41.560264947893316	42.386531746891016	0.11181246623364395
16	800	100	300	ZZZZ |A|=4	4	chi8	0.5437227893572482	-0.003358510723449948	42.70860817868973	42.386531746891016	0.11181246623364395
16	800	100	300	ZZZZ |A|=4	4	chi32	0.5437227893572482	-1.5389805756993447e-5	43.14443930721217	42.386531746891016	0.11181246623364395
16	800	100	300	ZZZZ |A|=4	4	exact	0.5437227893572482	0.0	43.146137782455035	42.386531746891016	0.11181246623364395
16	800	100	300	SxSx |A|=4	4	chi2	-0.08155407393587649	-0.08155407393587649	1.0	NaN	0.10068444546341174
16	800	100	300	SxSx |A|=4	4	chi4	-0.08155407393587649	-0.00868633917037781	7.114971697811552	NaN	0.10068444546341174
16	800	100	300	SxSx |A|=4	4	chi8	-0.08155407393587649	0.0014228968707603318	12.510095624732102	NaN	0.10068444546341174
16	800	100	300	SxSx |A|=4	4	chi32	-0.08155407393587649	-2.62097423203711e-5	12.545456590299873	NaN	0.10068444546341174
16	800	100	300	SxSx |A|=4	4	exact	-0.08155407393587649	0.0	12.546381413920127	NaN	0.10068444546341174
16	1600	100	300	Sz  |A|=1	1	chi2	6.825333007109968e-11	-8.293536743822494e-8	0.9999999708141687	NaN	1.0541931772448994e-9
16	1600	100	300	Sz  |A|=1	1	chi4	6.825333007109968e-11	-8.397395851594824e-9	0.9999999985566388	NaN	1.0541931772448994e-9
16	1600	100	300	Sz  |A|=1	1	chi8	6.825333007109968e-11	3.612213861359237e-10	0.9999999999543675	NaN	1.0541931772448994e-9
16	1600	100	300	Sz  |A|=1	1	chi32	6.825333007109968e-11	6.841992250539164e-13	0.9999999999728224	NaN	1.0541931772448994e-9
16	1600	100	300	Sz  |A|=1	1	exact	6.825333007109968e-11	0.0	0.9999999999745856	NaN	1.0541931772448994e-9
16	1600	100	300	ZZ onsite |A|=2	2	chi2	-0.5985704920183841	0.40142950798161536	2.206064921363053	50.58961184532023	0.10488896714553717
16	1600	100	300	ZZ onsite |A|=2	2	chi4	-0.5985704920183841	0.14172611448061567	14.342161136196014	50.58961184532023	0.10488896714553717
16	1600	100	300	ZZ onsite |A|=2	2	chi8	-0.5985704920183841	-0.002375888552378913	62.669491986574094	50.58961184532023	0.10488896714553717
16	1600	100	300	ZZ onsite |A|=2	2	chi32	-0.5985704920183841	-8.800334999614634e-6	62.80291638069489	50.58961184532023	0.10488896714553717
16	1600	100	300	ZZ onsite |A|=2	2	exact	-0.5985704920183841	0.0	62.80318804876884	50.58961184532023	0.10488896714553717
16	1600	100	300	ZZ up-up |A|=2	2	chi2	-0.3978048604828066	-0.05588934129602918	11.985525636237165	17.675482778502886	0.09971020322630587
16	1600	100	300	ZZ up-up |A|=2	2	chi4	-0.3978048604828066	-0.33694326491432003	1.3611219226407523	17.675482778502886	0.09971020322630587
16	1600	100	300	ZZ up-up |A|=2	2	chi8	-0.3978048604828066	-0.004365509915066401	15.063391823835845	17.675482778502886	0.09971020322630587
16	1600	100	300	ZZ up-up |A|=2	2	chi32	-0.3978048604828066	-0.00014386712555558567	15.061413870965268	17.675482778502886	0.09971020322630587
16	1600	100	300	ZZ up-up |A|=2	2	exact	-0.3978048604828066	0.0	15.060495622721614	17.675482778502886	0.09971020322630587
16	1600	100	300	DoubleOcc |A|=2	2	chi2	0.10035737699017858	0.10035737699017855	2.1248190930267175	NaN	0.1120566701534149
16	1600	100	300	DoubleOcc |A|=2	2	chi4	0.10035737699017858	0.0354315229591369	11.12583153505625	NaN	0.1120566701534149
16	1600	100	300	DoubleOcc |A|=2	2	chi8	0.10035737699017858	-0.0005939715950023794	28.198404251829928	NaN	0.1120566701534149
16	1600	100	300	DoubleOcc |A|=2	2	chi32	0.10035737699017858	-2.2000763591489836e-6	28.206705910199943	NaN	0.1120566701534149
16	1600	100	300	DoubleOcc |A|=2	2	exact	0.10035737699017858	0.0	28.206691943118553	NaN	0.1120566701534149
16	1600	100	300	SzSz |A|=2	2	chi2	-0.08155407383732062	0.003924805959373737	7.635233473231971	NaN	0.10183770879824328
16	1600	100	300	SzSz |A|=2	2	chi4	-0.08155407383732062	-0.06633867494519897	1.4542175434587128	NaN	0.10183770879824328
16	1600	100	300	SzSz |A|=2	2	chi8	-0.08155407383732062	-0.0007873035619198054	9.333145753765953	NaN	0.10183770879824328
16	1600	100	300	SzSz |A|=2	2	chi32	-0.08155407383732062	-4.321406686590146e-5	9.274271640926596	NaN	0.10183770879824328
16	1600	100	300	SzSz |A|=2	2	exact	-0.08155407383732062	0.0	9.270446323596618	NaN	0.10183770879824328
16	1600	100	300	hop |A|=3	3	chi2	0.4227169615035098	0.4227169615035098	1.0	NaN	0.11307995318752834
16	1600	100	300	hop |A|=3	3	chi4	0.4227169615035098	0.4227169615035098	1.0	NaN	0.11307995318752834
16	1600	100	300	hop |A|=3	3	chi8	0.4227169615035098	0.005699855880129889	17.559638590918503	NaN	0.11307995318752834
16	1600	100	300	hop |A|=3	3	chi32	0.4227169615035098	0.00010409997357258005	17.4501546880212	NaN	0.11307995318752834
16	1600	100	300	hop |A|=3	3	exact	0.4227169615035098	0.0	17.447137005859332	NaN	0.11307995318752834
16	1600	100	300	ZZZZ |A|=4	4	chi2	0.5437227893572482	-0.4562772106427513	1.3318971900790764	42.386531746891016	0.10412545274479176
16	1600	100	300	ZZZZ |A|=4	4	chi4	0.5437227893572482	-0.009609589043273581	39.129907731583046	42.386531746891016	0.10412545274479176
16	1600	100	300	ZZZZ |A|=4	4	chi8	0.5437227893572482	-0.003358510723449948	40.01755692429603	42.386531746891016	0.10412545274479176
16	1600	100	300	ZZZZ |A|=4	4	chi32	0.5437227893572482	-1.5389805756993447e-5	40.3316375619553	42.386531746891016	0.10412545274479176
16	1600	100	300	ZZZZ |A|=4	4	exact	0.5437227893572482	0.0	40.33281021508541	42.386531746891016	0.10412545274479176
16	1600	100	300	SxSx |A|=4	4	chi2	-0.08155407393587649	-0.08155407393587649	1.0	NaN	0.11143891720981144
16	1600	100	300	SxSx |A|=4	4	chi4	-0.08155407393587649	-0.00868633917037781	6.510950226700621	NaN	0.11143891720981144
16	1600	100	300	SxSx |A|=4	4	chi8	-0.08155407393587649	0.0014228968707603318	13.491649751120287	NaN	0.11143891720981144
16	1600	100	300	SxSx |A|=4	4	chi32	-0.08155407393587649	-2.62097423203711e-5	13.377725972621583	NaN	0.11143891720981144
16	1600	100	300	SxSx |A|=4	4	exact	-0.08155407393587649	0.0	13.38327779313786	NaN	0.11143891720981144
16	3200	100	300	Sz  |A|=1	1	chi2	6.825333007109968e-11	-8.293536743822494e-8	0.9999997491020974	NaN	1.1733601851710095e-9
16	3200	100	300	Sz  |A|=1	1	chi4	6.825333007109968e-11	-8.397395851594824e-9	0.9999999693105424	NaN	1.1733601851710095e-9
16	3200	100	300	Sz  |A|=1	1	chi8	6.825333007109968e-11	3.612213861359237e-10	1.0000000013800132	NaN	1.1733601851710095e-9
16	3200	100	300	Sz  |A|=1	1	chi32	6.825333007109968e-11	6.841992250539164e-13	0.9999999998071348	NaN	1.1733601851710095e-9
16	3200	100	300	Sz  |A|=1	1	exact	6.825333007109968e-11	0.0	0.9999999997984026	NaN	1.1733601851710095e-9
16	3200	100	300	ZZ onsite |A|=2	2	chi2	-0.5985704920183841	0.40142950798161536	2.1314992719391137	50.58961184532023	0.10553305470336652
16	3200	100	300	ZZ onsite |A|=2	2	chi4	-0.5985704920183841	0.14172611448061567	13.081362507587166	50.58961184532023	0.10553305470336652
16	3200	100	300	ZZ onsite |A|=2	2	chi8	-0.5985704920183841	-0.002375888552378913	52.285136805479546	50.58961184532023	0.10553305470336652
16	3200	100	300	ZZ onsite |A|=2	2	chi32	-0.5985704920183841	-8.800334999614634e-6	52.242330606205584	50.58961184532023	0.10553305470336652
16	3200	100	300	ZZ onsite |A|=2	2	exact	-0.5985704920183841	0.0	52.24201411203676	50.58961184532023	0.10553305470336652
16	3200	100	300	ZZ up-up |A|=2	2	chi2	-0.3978048604828066	-0.05588934129602918	16.271495852767963	17.675482778502886	0.09772446048471423
16	3200	100	300	ZZ up-up |A|=2	2	chi4	-0.3978048604828066	-0.33694326491432003	1.3696332425636204	17.675482778502886	0.09772446048471423
16	3200	100	300	ZZ up-up |A|=2	2	chi8	-0.3978048604828066	-0.004365509915066401	23.882173610948815	17.675482778502886	0.09772446048471423
16	3200	100	300	ZZ up-up |A|=2	2	chi32	-0.3978048604828066	-0.00014386712555558567	23.99113073590102	17.675482778502886	0.09772446048471423
16	3200	100	300	ZZ up-up |A|=2	2	exact	-0.3978048604828066	0.0	23.992688056975897	17.675482778502886	0.09772446048471423
16	3200	100	300	DoubleOcc |A|=2	2	chi2	0.10035737699017858	0.10035737699017855	2.0291318223698123	NaN	0.10331442477062143
16	3200	100	300	DoubleOcc |A|=2	2	chi4	0.10035737699017858	0.0354315229591369	10.447494992871775	NaN	0.10331442477062143
16	3200	100	300	DoubleOcc |A|=2	2	chi8	0.10035737699017858	-0.0005939715950023794	28.225591997382804	NaN	0.10331442477062143
16	3200	100	300	DoubleOcc |A|=2	2	chi32	0.10035737699017858	-2.2000763591489836e-6	28.171919079804013	NaN	0.10331442477062143
16	3200	100	300	DoubleOcc |A|=2	2	exact	0.10035737699017858	0.0	28.17167427302476	NaN	0.10331442477062143
16	3200	100	300	SzSz |A|=2	2	chi2	-0.08155407383732062	0.003924805959373737	10.383460561190432	NaN	0.10612400616261375
16	3200	100	300	SzSz |A|=2	2	chi4	-0.08155407383732062	-0.06633867494519897	1.4435635782145044	NaN	0.10612400616261375
16	3200	100	300	SzSz |A|=2	2	chi8	-0.08155407383732062	-0.0007873035619198054	12.118687383819845	NaN	0.10612400616261375
16	3200	100	300	SzSz |A|=2	2	chi32	-0.08155407383732062	-4.321406686590146e-5	12.14201543389168	NaN	0.10612400616261375
16	3200	100	300	SzSz |A|=2	2	exact	-0.08155407383732062	0.0	12.140860506005794	NaN	0.10612400616261375
16	3200	100	300	hop |A|=3	3	chi2	0.4227169615035098	0.4227169615035098	1.0	NaN	0.1071726048679413
16	3200	100	300	hop |A|=3	3	chi4	0.4227169615035098	0.4227169615035098	1.0	NaN	0.1071726048679413
16	3200	100	300	hop |A|=3	3	chi8	0.4227169615035098	0.005699855880129889	21.852412393612557	NaN	0.1071726048679413
16	3200	100	300	hop |A|=3	3	chi32	0.4227169615035098	0.00010409997357258005	21.820271665404157	NaN	0.1071726048679413
16	3200	100	300	hop |A|=3	3	exact	0.4227169615035098	0.0	21.818137114208895	NaN	0.1071726048679413
16	3200	100	300	ZZZZ |A|=4	4	chi2	0.5437227893572482	-0.4562772106427513	1.4690764616318344	42.386531746891016	0.11219185438160453
16	3200	100	300	ZZZZ |A|=4	4	chi4	0.5437227893572482	-0.009609589043273581	43.35535826145002	42.386531746891016	0.11219185438160453
16	3200	100	300	ZZZZ |A|=4	4	chi8	0.5437227893572482	-0.003358510723449948	43.42391403755443	42.386531746891016	0.11219185438160453
16	3200	100	300	ZZZZ |A|=4	4	chi32	0.5437227893572482	-1.5389805756993447e-5	43.26538800287957	42.386531746891016	0.11219185438160453
16	3200	100	300	ZZZZ |A|=4	4	exact	0.5437227893572482	0.0	43.26434765899762	42.386531746891016	0.11219185438160453
16	3200	100	300	SxSx |A|=4	4	chi2	-0.08155407393587649	-0.08155407393587649	1.0	NaN	0.09769258963190505
16	3200	100	300	SxSx |A|=4	4	chi4	-0.08155407393587649	-0.00868633917037781	7.785742976476933	NaN	0.09769258963190505
16	3200	100	300	SxSx |A|=4	4	chi8	-0.08155407393587649	0.0014228968707603318	11.91820098769774	NaN	0.09769258963190505
16	3200	100	300	SxSx |A|=4	4	chi32	-0.08155407393587649	-2.62097423203711e-5	11.918775311299965	NaN	0.09769258963190505
16	3200	100	300	SxSx |A|=4	4	exact	-0.08155407393587649	0.0	11.918221332779675	NaN	0.09769258963190505
16	6400	100	300	Sz  |A|=1	1	chi2	6.825333007109968e-11	-8.293536743822494e-8	0.9999998495395944	NaN	9.81853988665498e-10
16	6400	100	300	Sz  |A|=1	1	chi4	6.825333007109968e-11	-8.397395851594824e-9	1.0000000075950073	NaN	9.81853988665498e-10
16	6400	100	300	Sz  |A|=1	1	chi8	6.825333007109968e-11	3.612213861359237e-10	0.999999998307015	NaN	9.81853988665498e-10
16	6400	100	300	Sz  |A|=1	1	chi32	6.825333007109968e-11	6.841992250539164e-13	0.9999999998263459	NaN	9.81853988665498e-10
16	6400	100	300	Sz  |A|=1	1	exact	6.825333007109968e-11	0.0	0.9999999998550817	NaN	9.81853988665498e-10
16	6400	100	300	ZZ onsite |A|=2	2	chi2	-0.5985704920183841	0.40142950798161536	2.123570293992857	50.58961184532023	0.10921959059799563
16	6400	100	300	ZZ onsite |A|=2	2	chi4	-0.5985704920183841	0.14172611448061567	12.888835183811876	50.58961184532023	0.10921959059799563
16	6400	100	300	ZZ onsite |A|=2	2	chi8	-0.5985704920183841	-0.002375888552378913	50.05933520695245	50.58961184532023	0.10921959059799563
16	6400	100	300	ZZ onsite |A|=2	2	chi32	-0.5985704920183841	-8.800334999614634e-6	50.008793318139695	50.58961184532023	0.10921959059799563
16	6400	100	300	ZZ onsite |A|=2	2	exact	-0.5985704920183841	0.0	50.00846125981267	50.58961184532023	0.10921959059799563
16	6400	100	300	ZZ up-up |A|=2	2	chi2	-0.3978048604828066	-0.05588934129602918	14.677034763859801	17.675482778502886	0.12828787754379106
16	6400	100	300	ZZ up-up |A|=2	2	chi4	-0.3978048604828066	-0.33694326491432003	1.3706863370689664	17.675482778502886	0.12828787754379106
16	6400	100	300	ZZ up-up |A|=2	2	chi8	-0.3978048604828066	-0.004365509915066401	19.36933655222971	17.675482778502886	0.12828787754379106
16	6400	100	300	ZZ up-up |A|=2	2	chi32	-0.3978048604828066	-0.00014386712555558567	19.33704877865013	17.675482778502886	0.12828787754379106
16	6400	100	300	ZZ up-up |A|=2	2	exact	-0.3978048604828066	0.0	19.33451504358831	17.675482778502886	0.12828787754379106
16	6400	100	300	DoubleOcc |A|=2	2	chi2	0.10035737699017858	0.10035737699017855	2.0498417793058517	NaN	0.11488836767788832
16	6400	100	300	DoubleOcc |A|=2	2	chi4	0.10035737699017858	0.0354315229591369	10.676919070377332	NaN	0.11488836767788832
16	6400	100	300	DoubleOcc |A|=2	2	chi8	0.10035737699017858	-0.0005939715950023794	28.98507877358433	NaN	0.11488836767788832
16	6400	100	300	DoubleOcc |A|=2	2	chi32	0.10035737699017858	-2.2000763591489836e-6	28.941620032041108	NaN	0.11488836767788832
16	6400	100	300	DoubleOcc |A|=2	2	exact	0.10035737699017858	0.0	28.941410681726715	NaN	0.11488836767788832
16	6400	100	300	SzSz |A|=2	2	chi2	-0.08155407383732062	0.003924805959373737	9.846236975283599	NaN	0.1155211611136863
16	6400	100	300	SzSz |A|=2	2	chi4	-0.08155407383732062	-0.06633867494519897	1.444508076952791	NaN	0.1155211611136863
16	6400	100	300	SzSz |A|=2	2	chi8	-0.08155407383732062	-0.0007873035619198054	12.044178684430397	NaN	0.1155211611136863
16	6400	100	300	SzSz |A|=2	2	chi32	-0.08155407383732062	-4.321406686590146e-5	12.027723570459745	NaN	0.1155211611136863
16	6400	100	300	SzSz |A|=2	2	exact	-0.08155407383732062	0.0	12.025283257626027	NaN	0.1155211611136863
16	6400	100	300	hop |A|=3	3	chi2	0.4227169615035098	0.4227169615035098	1.0	NaN	0.11763612105933864
16	6400	100	300	hop |A|=3	3	chi4	0.4227169615035098	0.4227169615035098	1.0	NaN	0.11763612105933864
16	6400	100	300	hop |A|=3	3	chi8	0.4227169615035098	0.005699855880129889	22.270740600983537	NaN	0.11763612105933864
16	6400	100	300	hop |A|=3	3	chi32	0.4227169615035098	0.00010409997357258005	22.36696014902291	NaN	0.11763612105933864
16	6400	100	300	hop |A|=3	3	exact	0.4227169615035098	0.0	22.36717342245782	NaN	0.11763612105933864
16	6400	100	300	ZZZZ |A|=4	4	chi2	0.5437227893572482	-0.4562772106427513	1.4227959949253393	42.386531746891016	0.12239242218630345
16	6400	100	300	ZZZZ |A|=4	4	chi4	0.5437227893572482	-0.009609589043273581	34.54478422539396	42.386531746891016	0.12239242218630345
16	6400	100	300	ZZZZ |A|=4	4	chi8	0.5437227893572482	-0.003358510723449948	34.774225057306744	42.386531746891016	0.12239242218630345
16	6400	100	300	ZZZZ |A|=4	4	chi32	0.5437227893572482	-1.5389805756993447e-5	34.77116353315334	42.386531746891016	0.12239242218630345
16	6400	100	300	ZZZZ |A|=4	4	exact	0.5437227893572482	0.0	34.77094549436242	42.386531746891016	0.12239242218630345
16	6400	100	300	SxSx |A|=4	4	chi2	-0.08155407393587649	-0.08155407393587649	1.0	NaN	0.11229914810727239
16	6400	100	300	SxSx |A|=4	4	chi4	-0.08155407393587649	-0.00868633917037781	6.792911988595535	NaN	0.11229914810727239
16	6400	100	300	SxSx |A|=4	4	chi8	-0.08155407393587649	0.0014228968707603318	11.889818335841817	NaN	0.11229914810727239
16	6400	100	300	SxSx |A|=4	4	chi32	-0.08155407393587649	-2.62097423203711e-5	11.898537105232824	NaN	0.11229914810727239
16	6400	100	300	SxSx |A|=4	4	exact	-0.08155407393587649	0.0	11.898887912008574	NaN	0.11229914810727239
