U	prior	observable	pure	true	Delta	prior_fid	G_emp	G_theo
4.0	UHF	ZZ onsite	true	-0.530461494819691	-0.051427568324837525	NaN	19.176614845160724	26.980085782039932
4.0	UHF-sym	ZZ onsite	true	-0.530461494819691	-0.051427568324837414	NaN	19.17661484516074	26.98008578203996
4.0	chi=8	ZZ onsite	true	-0.530461494819691	0.18974654124611257	0.01805222120869906	7.564500267145373	6.565799858607988
4.0	chi=16	ZZ onsite	true	-0.530461494819691	0.13311836390289733	0.08199587597910815	12.519870791555665	11.21779680464542
4.0	chi=32	ZZ onsite	true	-0.530461494819691	0.0923460127349125	0.2243213557910256	18.20141241663328	17.42541896159353
4.0	chi=64	ZZ onsite	true	-0.530461494819691	0.03792348878619245	0.484545151526493	26.121588140512245	30.39873293033833
4.0	chi=128	ZZ onsite	true	-0.530461494819691	0.022145888858403295	0.7371576098117656	27.022264326368997	33.758622972485824
4.0	UHF	ZZ up-up y1	true	-0.5166919693629672	0.07010316160317276	NaN	15.09460250168943	20.911515739066513
4.0	UHF-sym	ZZ up-up y1	true	-0.5166919693629672	-0.24929177327413293	NaN	4.315299886330112	3.90972529905786
4.0	chi=8	ZZ up-up y1	true	-0.5166919693629672	0.27114759741496397	0.01805222120869906	2.617803657794351	3.365846259352031
4.0	chi=16	ZZ up-up y1	true	-0.5166919693629672	0.18339189587044258	0.08199587597910815	4.895344783775907	6.571696217813946
4.0	chi=32	ZZ up-up y1	true	-0.5166919693629672	0.1258458265919019	0.2243213557910256	8.244704647716357	11.427503552808162
4.0	chi=64	ZZ up-up y1	true	-0.5166919693629672	0.0665670215048425	0.484545151526493	15.72364942982795	21.708677754240398
4.0	chi=128	ZZ up-up y1	true	-0.5166919693629672	0.030193057274581325	0.7371576098117656	23.71815922522517	30.051442999376324
4.0	UHF	ZZ up-up y2	true	0.352856857027833	-0.12526970825255035	NaN	6.825131168221567	5.260291938522605
4.0	UHF-sym	ZZ up-up y2	true	0.352856857027833	0.1935202453071967	NaN	2.507915883206857	2.840571550508234
4.0	chi=8	ZZ up-up y2	true	0.352856857027833	-0.2447231565036928	0.01805222120869906	2.6417007364686755	1.9265806518336346
4.0	chi=16	ZZ up-up y2	true	0.352856857027833	-0.18143179359306427	0.08199587597910815	4.28385268192343	3.1416263591307376
4.0	chi=32	ZZ up-up y2	true	0.352856857027833	-0.11632056287201736	0.2243213557910256	7.336646237853484	5.746733670427896
4.0	chi=64	ZZ up-up y2	true	0.352856857027833	-0.058900384010640405	0.484545151526493	10.578747930333178	10.087985637597802
4.0	chi=128	ZZ up-up y2	true	0.352856857027833	-0.02859990514848737	0.7371576098117656	11.227747381664694	12.595314898262442
4.0	UHF	ZZ up-up x1	true	-0.4569777879305974	0.13164025526716416	NaN	7.674777663197066	8.300829362592372
4.0	UHF-sym	ZZ up-up x1	true	-0.4569777879305974	-0.18775467961014353	NaN	4.483338536358842	4.9313038063117665
4.0	chi=8	ZZ up-up x1	true	-0.4569777879305974	0.17968510316400987	0.01805222120869906	5.1496418859872986	5.286308549670333
4.0	chi=16	ZZ up-up x1	true	-0.4569777879305974	0.10742255147571167	0.08199587597910815	9.4510507098875	10.651975297497495
4.0	chi=32	ZZ up-up x1	true	-0.4569777879305974	0.09241837292428068	0.2243213557910256	10.726013337723117	12.483170683564149
4.0	chi=64	ZZ up-up x1	true	-0.4569777879305974	0.04351351840421158	0.484545151526493	15.147124583415811	20.171140413436962
4.0	chi=128	ZZ up-up x1	true	-0.4569777879305974	0.02475872751588154	0.7371576098117656	16.34553518924518	22.885945828387726
4.0	UHF	DoubleOcc	false	0.11724169385294578	-0.012999824523342307	NaN	14.3392352696879	NaN
4.0	UHF-sym	DoubleOcc	false	0.11724169385294578	-0.01299982452334228	NaN	1.9883646645053594	NaN
4.0	chi=8	DoubleOcc	false	0.11724169385294578	0.0412780404284151	0.01805222120869906	6.998878722499859	NaN
4.0	chi=16	DoubleOcc	false	0.11724169385294578	0.03205545356018716	0.08199587597910815	11.764518552158693	NaN
4.0	chi=32	DoubleOcc	false	0.11724169385294578	0.023106250024309716	0.2243213557910256	17.163330816129772	NaN
4.0	chi=64	DoubleOcc	false	0.11724169385294578	0.00924106508369063	0.484545151526493	25.521999830047243	NaN
4.0	chi=128	DoubleOcc	false	0.11724169385294578	0.005773133081408116	0.7371576098117656	29.108575799443265	NaN
4.0	UHF	SzSz y-bond	false	-0.11618654751320324	0.01704208466942099	NaN	17.652009359664593	NaN
4.0	UHF-sym	SzSz y-bond	false	-0.11618654751320324	-0.0628066490499055	NaN	3.134157779470134	NaN
4.0	chi=8	SzSz y-bond	false	-0.11618654751320324	0.0672575262994093	0.01805222120869906	2.675322889941915	NaN
4.0	chi=16	SzSz y-bond	false	-0.11618654751320324	0.04456315500436821	0.08199587597910815	5.371844014066378	NaN
4.0	chi=32	SzSz y-bond	false	-0.11618654751320324	0.03235439050369336	0.2243213557910256	8.897590220502677	NaN
4.0	chi=64	SzSz y-bond	false	-0.11618654751320324	0.016284277580583637	0.484545151526493	17.742335899536926	NaN
4.0	chi=128	SzSz y-bond	false	-0.11618654751320324	0.007225667477173001	0.7371576098117656	25.94034176889861	NaN
4.0	UHF	SzSz x-bond	false	-0.10473129204891486	0.028725204162662152	NaN	6.396685078381453	NaN
4.0	UHF-sym	SzSz x-bond	false	-0.10473129204891486	-0.05112352955666462	NaN	3.8232532851080707	NaN
4.0	chi=8	SzSz x-bond	false	-0.10473129204891486	0.05917292401419909	0.01805222120869906	2.4603477851119298	NaN
4.0	chi=16	SzSz x-bond	false	-0.10473129204891486	0.03587580155039134	0.08199587597910815	5.054823629093397	NaN
4.0	chi=32	SzSz x-bond	false	-0.10473129204891486	0.026688015731007472	0.2243213557910256	7.125558272482583	NaN
4.0	chi=64	SzSz x-bond	false	-0.10473129204891486	0.01317831677316579	0.484545151526493	11.584838009128221	NaN
4.0	chi=128	SzSz x-bond	false	-0.10473129204891486	0.0068666639754061815	0.7371576098117656	14.030398189692207	NaN
4.0	UHF	hop y-bond	false	0.36424018849647766	0.03597017087182941	NaN	14.898148906827426	NaN
4.0	UHF-sym	hop y-bond	false	0.36424018849647766	0.035970170871829854	NaN	14.898148906827341	NaN
4.0	chi=8	hop y-bond	false	0.36424018849647766	0.02676980645516014	0.01805222120869906	16.570290817998444	NaN
4.0	chi=16	hop y-bond	false	0.36424018849647766	0.031524496947475444	0.08199587597910815	15.694258720097686	NaN
4.0	chi=32	hop y-bond	false	0.36424018849647766	0.01794502107733742	0.2243213557910256	18.233371566093695	NaN
4.0	chi=64	hop y-bond	false	0.36424018849647766	-0.0037224773812787326	0.484545151526493	22.00142434915851	NaN
4.0	chi=128	hop y-bond	false	0.36424018849647766	0.00016752100011474536	0.7371576098117656	21.41032092772382	NaN
