L	n_u	n_m	n_repeat	observable	nterms	prior	true	Delta	sd_std	sd_crm	G
8	50	100	300	ZZ onsite	1	chi2	-0.599724290633531	0.40027570936646895	0.24620340131701446	0.15787533555283337	2.431977337566864
8	50	100	300	ZZ onsite	1	chi4	-0.599724290633531	0.03399666828282255	0.24620340131701446	0.0348051107751556	50.03824350304759
8	50	100	300	ZZ onsite	1	chi8	-0.599724290633531	-0.0024502346616934734	0.24620340131701446	0.034321786381317505	51.45745809164647
8	50	100	300	ZZ onsite	1	chi32	-0.599724290633531	-7.736944911851396e-6	0.24620340131701446	0.03416227959698001	51.93909897047301
8	50	100	300	ZZ onsite	1	exact	-0.599724290633531	0.0	0.24620340131701446	0.03416181712676269	51.940505245138574
8	50	100	300	DoubleOcc	4	chi2	0.10006892733917228	0.10006892733917228	0.061640710258756864	0.04071804063858725	2.2917198452434224
8	50	100	300	DoubleOcc	4	chi4	0.10006892733917228	0.008499167078370423	0.061640710258756864	0.011968573678400178	26.52469954699233
8	50	100	300	DoubleOcc	4	chi8	0.10006892733917228	-0.000612558647755751	0.061640710258756864	0.011743558536836262	27.55090280851416
8	50	100	300	DoubleOcc	4	chi32	0.10006892733917228	-1.9342364396268685e-6	0.061640710258756864	0.011723739338917193	27.644132165199302
8	50	100	300	DoubleOcc	4	exact	0.10006892733917228	0.0	0.061640710258756864	0.011723684513941212	27.644390717435837
8	50	100	300	SzSz r=1	4	chi2	-0.06980259492960687	0.006095784422398456	0.018195141138713167	0.00675641401603806	7.252343220451741
8	50	100	300	SzSz r=1	4	chi4	-0.06980259492960687	-0.06980259492960687	0.018195141138713167	0.018055320322806226	1.0155480158983379
8	50	100	300	SzSz r=1	4	chi8	-0.06980259492960687	6.105015250831847e-5	0.018195141138713167	0.006014803528597312	9.150987577607939
8	50	100	300	SzSz r=1	4	chi32	-0.06980259492960687	-9.515011272664964e-6	0.018195141138713167	0.006011193853434329	9.161981071126414
8	50	100	300	SzSz r=1	4	exact	-0.06980259492960687	0.0	0.018195141138713167	0.006011315306933646	9.161610854838026
8	50	100	300	hop r=1	2	chi2	0.39097164277893914	0.39097164277893914	0.20413755936576863	0.20413755936576863	1.0
8	50	100	300	hop r=1	2	chi4	0.39097164277893914	0.13330368337695203	0.20413755936576863	0.0842422657321453	5.871996100285983
8	50	100	300	hop r=1	2	chi8	0.39097164277893914	0.002717423348741199	0.20413755936576863	0.04719731969226281	18.707302297604784
8	50	100	300	hop r=1	2	chi32	0.39097164277893914	1.466707797659339e-5	0.20413755936576863	0.047082038128024584	18.79902506114464
8	50	100	300	hop r=1	2	exact	0.39097164277893914	0.0	0.20413755936576863	0.047081517396909994	18.799440905490787
8	50	100	300	全エネルギー	84	chi2	-27.42078817670401	-11.420788176704013	1.8521428218989238	2.076964697835807	0.7952262653899705
8	50	100	300	全エネルギー	84	chi4	-27.42078817670401	-1.746749302948988	1.8521428218989238	0.8201990243634127	5.0992986613121145
8	50	100	300	全エネルギー	84	chi8	-27.42078817670401	-0.062093583695979504	1.8521428218989238	0.3600201389100658	26.466429462552604
8	50	100	300	全エネルギー	84	chi32	-27.42078817670401	-5.645310469759579e-5	1.8521428218989238	0.35925346655088175	26.579512469998967
8	50	100	300	全エネルギー	84	exact	-27.42078817670401	0.0	1.8521428218989238	0.3592513781777514	26.579821490948476
8	50	100	300	構造因子 S(π)	248	chi2	1.1789191437712991	-0.24023506330364142	0.07939130726717723	0.0345146595073469	5.291011671882335
8	50	100	300	構造因子 S(π)	248	chi4	1.1789191437712991	0.14086020357030038	0.07939130726717723	0.02195512374243507	13.075976394806588
8	50	100	300	構造因子 S(π)	248	chi8	1.1789191437712991	0.011085571348784296	0.07939130726717723	0.013915719096358461	32.54877134167189
8	50	100	300	構造因子 S(π)	248	chi32	1.1789191437712991	7.989320554813162e-5	0.07939130726717723	0.013718084843855347	33.493376945532816
8	50	100	300	構造因子 S(π)	248	exact	1.1789191437712991	0.0	0.07939130726717723	0.01371753216837292	33.496075877226225
8	100	100	300	ZZ onsite	1	chi2	-0.599724290633531	0.40027570936646895	0.1752747641366087	0.11724252712742116	2.234953238070787
8	100	100	300	ZZ onsite	1	chi4	-0.599724290633531	0.03399666828282255	0.1752747641366087	0.0246201196884217	50.68255063799996
8	100	100	300	ZZ onsite	1	chi8	-0.599724290633531	-0.0024502346616934734	0.1752747641366087	0.022863731101952063	58.768495830095084
8	100	100	300	ZZ onsite	1	chi32	-0.599724290633531	-7.736944911851396e-6	0.1752747641366087	0.02283446728312608	58.91922346509638
8	100	100	300	ZZ onsite	1	exact	-0.599724290633531	0.0	0.1752747641366087	0.022834409143821805	58.91952349712261
8	100	100	300	DoubleOcc	4	chi2	0.10006892733917228	0.10006892733917228	0.04451543791813666	0.029488738834692028	2.2788141202029433
8	100	100	300	DoubleOcc	4	chi4	0.10006892733917228	0.008499167078370423	0.04451543791813666	0.008189279095086788	29.548126895466943
8	100	100	300	DoubleOcc	4	chi8	0.10006892733917228	-0.000612558647755751	0.04451543791813666	0.00798205947215694	31.102219471165586
8	100	100	300	DoubleOcc	4	chi32	0.10006892733917228	-1.9342364396268685e-6	0.04451543791813666	0.007968998929114382	31.204251044742453
8	100	100	300	DoubleOcc	4	exact	0.10006892733917228	0.0	0.04451543791813666	0.007968963723636726	31.20452675511777
8	100	100	300	SzSz r=1	4	chi2	-0.06980259492960687	0.006095784422398456	0.01148671876039606	0.004716318285584494	5.9317899450918805
8	100	100	300	SzSz r=1	4	chi4	-0.06980259492960687	-0.06980259492960687	0.01148671876039606	0.011391280951772517	1.016826484211936
8	100	100	300	SzSz r=1	4	chi8	-0.06980259492960687	6.105015250831847e-5	0.01148671876039606	0.004309853966239205	7.103409735056808
8	100	100	300	SzSz r=1	4	chi32	-0.06980259492960687	-9.515011272664964e-6	0.01148671876039606	0.0043109259679216215	7.099877352248225
8	100	100	300	SzSz r=1	4	exact	-0.06980259492960687	0.0	0.01148671876039606	0.00431106277852942	7.099426733376199
8	100	100	300	hop r=1	2	chi2	0.39097164277893914	0.39097164277893914	0.1522319757227156	0.1522319757227156	1.0
8	100	100	300	hop r=1	2	chi4	0.39097164277893914	0.13330368337695203	0.1522319757227156	0.06202756867746815	6.023407580445989
8	100	100	300	hop r=1	2	chi8	0.39097164277893914	0.002717423348741199	0.1522319757227156	0.03348229768831218	20.67194119958997
8	100	100	300	hop r=1	2	chi32	0.39097164277893914	1.466707797659339e-5	0.1522319757227156	0.03338955163153575	20.78694147336883
8	100	100	300	hop r=1	2	exact	0.39097164277893914	0.0	0.1522319757227156	0.03338913083534173	20.787465423574016
8	100	100	300	全エネルギー	84	chi2	-27.42078817670401	-11.420788176704013	1.3287306244753783	1.4655845851963702	0.8219627044417009
8	100	100	300	全エネルギー	84	chi4	-27.42078817670401	-1.746749302948988	1.3287306244753783	0.5445973380384715	5.952821512552313
8	100	100	300	全エネルギー	84	chi8	-27.42078817670401	-0.062093583695979504	1.3287306244753783	0.2584157417013961	26.43844803552167
8	100	100	300	全エネルギー	84	chi32	-27.42078817670401	-5.645310469759579e-5	1.3287306244753783	0.2575329829059006	26.620007477133672
8	100	100	300	全エネルギー	84	exact	-27.42078817670401	0.0	1.3287306244753783	0.2575323901211606	26.6201300244557
8	100	100	300	構造因子 S(π)	248	chi2	1.1789191437712991	-0.24023506330364142	0.05493655986770068	0.025701030101520566	4.569007386967805
8	100	100	300	構造因子 S(π)	248	chi4	1.1789191437712991	0.14086020357030038	0.05493655986770068	0.015619665653369136	12.370277837957858
8	100	100	300	構造因子 S(π)	248	chi8	1.1789191437712991	0.011085571348784296	0.05493655986770068	0.011188325819666424	24.109750187065515
8	100	100	300	構造因子 S(π)	248	chi32	1.1789191437712991	7.989320554813162e-5	0.05493655986770068	0.01118989249831128	24.10299952586975
8	100	100	300	構造因子 S(π)	248	exact	1.1789191437712991	0.0	0.05493655986770068	0.011190476585859624	24.100483476730112
8	200	100	300	ZZ onsite	1	chi2	-0.599724290633531	0.40027570936646895	0.11440871238341413	0.07616437090695471	2.256391614579689
8	200	100	300	ZZ onsite	1	chi4	-0.599724290633531	0.03399666828282255	0.11440871238341413	0.01810820130359532	39.917889180253866
8	200	100	300	ZZ onsite	1	chi8	-0.599724290633531	-0.0024502346616934734	0.11440871238341413	0.017268641811480648	43.8936638014904
8	200	100	300	ZZ onsite	1	chi32	-0.599724290633531	-7.736944911851396e-6	0.11440871238341413	0.017241891794249717	44.02996753222658
8	200	100	300	ZZ onsite	1	exact	-0.599724290633531	0.0	0.11440871238341413	0.017241826279036927	44.03030214158011
8	200	100	300	DoubleOcc	4	chi2	0.10006892733917228	0.10006892733917228	0.028847790141884943	0.01932536511613365	2.228279600485358
8	200	100	300	DoubleOcc	4	chi4	0.10006892733917228	0.008499167078370423	0.028847790141884943	0.005707383222228834	25.547654346240932
8	200	100	300	DoubleOcc	4	chi8	0.10006892733917228	-0.000612558647755751	0.028847790141884943	0.005552898743433255	26.988925321727322
8	200	100	300	DoubleOcc	4	chi32	0.10006892733917228	-1.9342364396268685e-6	0.028847790141884943	0.005546995732116603	27.046398126771866
8	200	100	300	DoubleOcc	4	exact	0.10006892733917228	0.0	0.028847790141884943	0.005546980770054566	27.046544033328676
8	200	100	300	SzSz r=1	4	chi2	-0.06980259492960687	0.006095784422398456	0.008968991436858427	0.003363146115237008	7.112065481646521
8	200	100	300	SzSz r=1	4	chi4	-0.06980259492960687	-0.06980259492960687	0.008968991436858427	0.008972271145186077	0.9992690571104774
8	200	100	300	SzSz r=1	4	chi8	-0.06980259492960687	6.105015250831847e-5	0.008968991436858427	0.003059999841701074	8.591013682485666
8	200	100	300	SzSz r=1	4	chi32	-0.06980259492960687	-9.515011272664964e-6	0.008968991436858427	0.0030612323027983507	8.58409754041955
8	200	100	300	SzSz r=1	4	exact	-0.06980259492960687	0.0	0.008968991436858427	0.0030613388677942863	8.583499927128393
8	200	100	300	hop r=1	2	chi2	0.39097164277893914	0.39097164277893914	0.10140656884384897	0.10140656884384897	1.0
8	200	100	300	hop r=1	2	chi4	0.39097164277893914	0.13330368337695203	0.10140656884384897	0.042428722707877606	5.712316485453801
8	200	100	300	hop r=1	2	chi8	0.39097164277893914	0.002717423348741199	0.10140656884384897	0.024226792021966207	17.520252243787223
8	200	100	300	hop r=1	2	chi32	0.39097164277893914	1.466707797659339e-5	0.10140656884384897	0.02416099286038737	17.615810210793036
8	200	100	300	hop r=1	2	exact	0.39097164277893914	0.0	0.10140656884384897	0.02416068550281512	17.61625840892864
8	200	100	300	全エネルギー	84	chi2	-27.42078817670401	-11.420788176704013	0.9370057329329226	1.0290612540657624	0.8290906987411508
8	200	100	300	全エネルギー	84	chi4	-27.42078817670401	-1.746749302948988	0.9370057329329226	0.38585633011485154	5.897028644116707
8	200	100	300	全エネルギー	84	chi8	-27.42078817670401	-0.062093583695979504	0.9370057329329226	0.17518504431202572	28.60819394990725
8	200	100	300	全エネルギー	84	chi32	-27.42078817670401	-5.645310469759579e-5	0.9370057329329226	0.17538351365983362	28.543482770815668
8	200	100	300	全エネルギー	84	exact	-27.42078817670401	0.0	0.9370057329329226	0.17538368245781785	28.543427827505447
8	200	100	300	構造因子 S(π)	248	chi2	1.1789191437712991	-0.24023506330364142	0.038005112190660814	0.018474420610404992	4.231968083446119
8	200	100	300	構造因子 S(π)	248	chi4	1.1789191437712991	0.14086020357030038	0.038005112190660814	0.010471890686129956	13.171457585102818
8	200	100	300	構造因子 S(π)	248	chi8	1.1789191437712991	0.011085571348784296	0.038005112190660814	0.007477865660441018	25.830256581051827
8	200	100	300	構造因子 S(π)	248	chi32	1.1789191437712991	7.989320554813162e-5	0.038005112190660814	0.007515523581055666	25.572050546499284
8	200	100	300	構造因子 S(π)	248	exact	1.1789191437712991	0.0	0.038005112190660814	0.00751602401618114	25.568645361453683
8	400	100	300	ZZ onsite	1	chi2	-0.599724290633531	0.40027570936646895	0.08575320311353259	0.05646424332262545	2.306501158645948
8	400	100	300	ZZ onsite	1	chi4	-0.599724290633531	0.03399666828282255	0.08575320311353259	0.01307107639208723	43.04056824657863
8	400	100	300	ZZ onsite	1	chi8	-0.599724290633531	-0.0024502346616934734	0.08575320311353259	0.012565437983215586	46.574203892078465
8	400	100	300	ZZ onsite	1	chi32	-0.599724290633531	-7.736944911851396e-6	0.08575320311353259	0.01253528463266799	46.79853982478494
8	400	100	300	ZZ onsite	1	exact	-0.599724290633531	0.0	0.08575320311353259	0.012535203802309776	46.79914336581924
8	400	100	300	DoubleOcc	4	chi2	0.10006892733917228	0.10006892733917228	0.021578554671306188	0.01450435906267695	2.2133373861147794
8	400	100	300	DoubleOcc	4	chi4	0.10006892733917228	0.008499167078370423	0.021578554671306188	0.004464401887701108	23.362436742983764
8	400	100	300	DoubleOcc	4	chi8	0.10006892733917228	-0.000612558647755751	0.021578554671306188	0.004351500820517836	24.59045503164094
8	400	100	300	DoubleOcc	4	chi32	0.10006892733917228	-1.9342364396268685e-6	0.021578554671306188	0.004347489251593593	24.635856784972344
8	400	100	300	DoubleOcc	4	exact	0.10006892733917228	0.0	0.021578554671306188	0.004347479205551399	24.63597064090171
8	400	100	300	SzSz r=1	4	chi2	-0.06980259492960687	0.006095784422398456	0.006272606515823512	0.002182133862798825	8.262915510495587
8	400	100	300	SzSz r=1	4	chi4	-0.06980259492960687	-0.06980259492960687	0.006272606515823512	0.006208669652870932	1.020702043228211
8	400	100	300	SzSz r=1	4	chi8	-0.06980259492960687	6.105015250831847e-5	0.006272606515823512	0.00200540550492597	9.783442213726559
8	400	100	300	SzSz r=1	4	chi32	-0.06980259492960687	-9.515011272664964e-6	0.006272606515823512	0.002006994145174285	9.767960136902348
8	400	100	300	SzSz r=1	4	exact	-0.06980259492960687	0.0	0.006272606515823512	0.002007008802240282	9.767817467758656
8	400	100	300	hop r=1	2	chi2	0.39097164277893914	0.39097164277893914	0.0684741243373184	0.0684741243373184	1.0
8	400	100	300	hop r=1	2	chi4	0.39097164277893914	0.13330368337695203	0.0684741243373184	0.027668701638139438	6.124567335220623
8	400	100	300	hop r=1	2	chi8	0.39097164277893914	0.002717423348741199	0.0684741243373184	0.015575868064973486	19.326288330056883
8	400	100	300	hop r=1	2	chi32	0.39097164277893914	1.466707797659339e-5	0.0684741243373184	0.015562637442297807	19.359162901751564
8	400	100	300	hop r=1	2	exact	0.39097164277893914	0.0	0.0684741243373184	0.015562602621505835	19.359249532780407
8	400	100	300	全エネルギー	84	chi2	-27.42078817670401	-11.420788176704013	0.651789423694596	0.7158723431436126	0.8289788483756414
8	400	100	300	全エネルギー	84	chi4	-27.42078817670401	-1.746749302948988	0.651789423694596	0.26894802428470405	5.873242078733032
8	400	100	300	全エネルギー	84	chi8	-27.42078817670401	-0.062093583695979504	0.651789423694596	0.11943099340964672	29.783828927884898
8	400	100	300	全エネルギー	84	chi32	-27.42078817670401	-5.645310469759579e-5	0.651789423694596	0.11926241888083139	29.868085869187105
8	400	100	300	全エネルギー	84	exact	-27.42078817670401	0.0	0.651789423694596	0.11926296134492734	29.867814161572806
8	400	100	300	構造因子 S(π)	248	chi2	1.1789191437712991	-0.24023506330364142	0.025963935510170868	0.012563888849901643	4.270639102907723
8	400	100	300	構造因子 S(π)	248	chi4	1.1789191437712991	0.14086020357030038	0.025963935510170868	0.007249325692401274	12.827612134327374
8	400	100	300	構造因子 S(π)	248	chi8	1.1789191437712991	0.011085571348784296	0.025963935510170868	0.005114619398338048	25.769998933677886
8	400	100	300	構造因子 S(π)	248	chi32	1.1789191437712991	7.989320554813162e-5	0.025963935510170868	0.005085288494603441	26.068128400305476
8	400	100	300	構造因子 S(π)	248	exact	1.1789191437712991	0.0	0.025963935510170868	0.0050851626267120805	26.06941889235134
8	800	100	300	ZZ onsite	1	chi2	-0.599724290633531	0.40027570936646895	0.05856763368595956	0.03960119443936315	2.1872518106004337
8	800	100	300	ZZ onsite	1	chi4	-0.599724290633531	0.03399666828282255	0.05856763368595956	0.00927792856302199	39.84862189192557
8	800	100	300	ZZ onsite	1	chi8	-0.599724290633531	-0.0024502346616934734	0.05856763368595956	0.008685968186610337	45.46517701622642
8	800	100	300	ZZ onsite	1	chi32	-0.599724290633531	-7.736944911851396e-6	0.05856763368595956	0.008682413808872108	45.50240940213419
8	800	100	300	ZZ onsite	1	exact	-0.599724290633531	0.0	0.05856763368595956	0.008682412726114898	45.50242075106828
8	800	100	300	DoubleOcc	4	chi2	0.10006892733917228	0.10006892733917228	0.014831500413303585	0.009982535167564909	2.2074378182846437
8	800	100	300	DoubleOcc	4	chi4	0.10006892733917228	0.008499167078370423	0.014831500413303585	0.002909111668749745	25.99258014450947
8	800	100	300	DoubleOcc	4	chi8	0.10006892733917228	-0.000612558647755751	0.014831500413303585	0.00281822271853706	27.696159606905038
8	800	100	300	DoubleOcc	4	chi32	0.10006892733917228	-1.9342364396268685e-6	0.014831500413303585	0.0028158242416783997	27.743362048271216
8	800	100	300	DoubleOcc	4	exact	0.10006892733917228	0.0	0.014831500413303585	0.002815818602485542	27.74347317071755
8	800	100	300	SzSz r=1	4	chi2	-0.06980259492960687	0.006095784422398456	0.004738762532932827	0.0016551756979638398	8.196750006454366
8	800	100	300	SzSz r=1	4	chi4	-0.06980259492960687	-0.06980259492960687	0.004738762532932827	0.0047132666728737695	1.0108480254808647
8	800	100	300	SzSz r=1	4	chi8	-0.06980259492960687	6.105015250831847e-5	0.004738762532932827	0.001470029062933954	10.391495410781152
8	800	100	300	SzSz r=1	4	chi32	-0.06980259492960687	-9.515011272664964e-6	0.004738762532932827	0.0014675028411664872	10.42730292835565
8	800	100	300	SzSz r=1	4	exact	-0.06980259492960687	0.0	0.004738762532932827	0.0014674710107265556	10.427755283784427
8	800	100	300	hop r=1	2	chi2	0.39097164277893914	0.39097164277893914	0.052327499358708694	0.052327499358708694	1.0
8	800	100	300	hop r=1	2	chi4	0.39097164277893914	0.13330368337695203	0.052327499358708694	0.021422729804386607	5.966372187990973
8	800	100	300	hop r=1	2	chi8	0.39097164277893914	0.002717423348741199	0.052327499358708694	0.011743759730138501	19.853891654768518
8	800	100	300	hop r=1	2	chi32	0.39097164277893914	1.466707797659339e-5	0.052327499358708694	0.01171317040822179	19.957725215794056
8	800	100	300	hop r=1	2	exact	0.39097164277893914	0.0	0.052327499358708694	0.011713032181084493	19.958196266408237
8	800	100	300	全エネルギー	84	chi2	-27.42078817670401	-11.420788176704013	0.505403714186886	0.5818307866888662	0.7545420771974709
8	800	100	300	全エネルギー	84	chi4	-27.42078817670401	-1.746749302948988	0.505403714186886	0.19917402072511547	6.43889699040864
8	800	100	300	全エネルギー	84	chi8	-27.42078817670401	-0.062093583695979504	0.505403714186886	0.08125839653667888	38.6848005461149
8	800	100	300	全エネルギー	84	chi32	-27.42078817670401	-5.645310469759579e-5	0.505403714186886	0.08115831635797795	38.780267506034235
8	800	100	300	全エネルギー	84	exact	-27.42078817670401	0.0	0.505403714186886	0.0811582678165405	38.78031389565154
8	800	100	300	構造因子 S(π)	248	chi2	1.1789191437712991	-0.24023506330364142	0.020371880806049507	0.00955098251613339	4.549526016439121
8	800	100	300	構造因子 S(π)	248	chi4	1.1789191437712991	0.14086020357030038	0.020371880806049507	0.005597323515556495	13.246508875091825
8	800	100	300	構造因子 S(π)	248	chi8	1.1789191437712991	0.011085571348784296	0.020371880806049507	0.0037206133543604084	29.980106543022103
8	800	100	300	構造因子 S(π)	248	chi32	1.1789191437712991	7.989320554813162e-5	0.020371880806049507	0.0036935265959002	30.42144170041772
8	800	100	300	構造因子 S(π)	248	exact	1.1789191437712991	0.0	0.020371880806049507	0.0036935266718449346	30.421440449392076
8	1600	100	300	ZZ onsite	1	chi2	-0.599724290633531	0.40027570936646895	0.044153765332816494	0.02958751859572514	2.2269906953374017
8	1600	100	300	ZZ onsite	1	chi4	-0.599724290633531	0.03399666828282255	0.044153765332816494	0.006468486234327631	46.59401914190928
8	1600	100	300	ZZ onsite	1	chi8	-0.599724290633531	-0.0024502346616934734	0.044153765332816494	0.006040351526112483	53.433185109529184
8	1600	100	300	ZZ onsite	1	chi32	-0.599724290633531	-7.736944911851396e-6	0.044153765332816494	0.006033713638994191	53.55081699325271
8	1600	100	300	ZZ onsite	1	exact	-0.599724290633531	0.0	0.044153765332816494	0.006033700905269832	53.55104302436464
8	1600	100	300	DoubleOcc	4	chi2	0.10006892733917228	0.10006892733917228	0.011280331208951562	0.007344549007813075	2.3589212174710124
8	1600	100	300	DoubleOcc	4	chi4	0.10006892733917228	0.008499167078370423	0.011280331208951562	0.0020257435646763924	31.008072229358103
8	1600	100	300	DoubleOcc	4	chi8	0.10006892733917228	-0.000612558647755751	0.011280331208951562	0.0019984498475920697	31.860838060570593
8	1600	100	300	DoubleOcc	4	chi32	0.10006892733917228	-1.9342364396268685e-6	0.011280331208951562	0.001993419715620319	32.02183418370346
8	1600	100	300	DoubleOcc	4	exact	0.10006892733917228	0.0	0.011280331208951562	0.0019934053328033515	32.022296273208255
8	1600	100	300	SzSz r=1	4	chi2	-0.06980259492960687	0.006095784422398456	0.003265290549740205	0.0012644039681425452	6.669172681720978
8	1600	100	300	SzSz r=1	4	chi4	-0.06980259492960687	-0.06980259492960687	0.003265290549740205	0.003244248096585318	1.0130142295195488
8	1600	100	300	SzSz r=1	4	chi8	-0.06980259492960687	6.105015250831847e-5	0.003265290549740205	0.0011634763028400567	7.876414779387388
8	1600	100	300	SzSz r=1	4	chi32	-0.06980259492960687	-9.515011272664964e-6	0.003265290549740205	0.0011638023776811826	7.872001760556924
8	1600	100	300	SzSz r=1	4	exact	-0.06980259492960687	0.0	0.003265290549740205	0.001163825855881749	7.8716841553567285
8	1600	100	300	hop r=1	2	chi2	0.39097164277893914	0.39097164277893914	0.03474041111283106	0.03474041111283106	1.0
8	1600	100	300	hop r=1	2	chi4	0.39097164277893914	0.13330368337695203	0.03474041111283106	0.014032070148338807	6.129519242623617
8	1600	100	300	hop r=1	2	chi8	0.39097164277893914	0.002717423348741199	0.03474041111283106	0.008020195486836825	18.762901512602802
8	1600	100	300	hop r=1	2	chi32	0.39097164277893914	1.466707797659339e-5	0.03474041111283106	0.00801714548702735	18.777180343308405
8	1600	100	300	hop r=1	2	exact	0.39097164277893914	0.0	0.03474041111283106	0.008017147528034398	18.777170782712847
8	1600	100	300	全エネルギー	84	chi2	-27.42078817670401	-11.420788176704013	0.33524053785579594	0.35215029273203574	0.9062686355270393
8	1600	100	300	全エネルギー	84	chi4	-27.42078817670401	-1.746749302948988	0.33524053785579594	0.13954009645941542	5.771849784337529
8	1600	100	300	全エネルギー	84	chi8	-27.42078817670401	-0.062093583695979504	0.33524053785579594	0.06133665464052238	29.87259057513681
8	1600	100	300	全エネルギー	84	chi32	-27.42078817670401	-5.645310469759579e-5	0.33524053785579594	0.06140708898565526	29.804101750608417
8	1600	100	300	全エネルギー	84	exact	-27.42078817670401	0.0	0.33524053785579594	0.06140726076338803	29.80393500570556
8	1600	100	300	構造因子 S(π)	248	chi2	1.1789191437712991	-0.24023506330364142	0.013372192196634375	0.006564189108347944	4.149951791066821
8	1600	100	300	構造因子 S(π)	248	chi4	1.1789191437712991	0.14086020357030038	0.013372192196634375	0.0036525034301360328	13.403677043099377
8	1600	100	300	構造因子 S(π)	248	chi8	1.1789191437712991	0.011085571348784296	0.013372192196634375	0.0025233983257048165	28.08235977037586
8	1600	100	300	構造因子 S(π)	248	chi32	1.1789191437712991	7.989320554813162e-5	0.013372192196634375	0.0025287209199106866	27.964265522228324
8	1600	100	300	構造因子 S(π)	248	exact	1.1789191437712991	0.0	0.013372192196634375	0.0025288138407722495	27.962210475025294
