nm	chi_prior	observable	pure	true	Delta	G_emp	G_theo	G_exact
1	2	ZZ onsite(i0)	true	-0.5997268274586702	0.4002731725413322	1.361770225253306	1.2265007141049913	1.226500714104991
1	4	ZZ onsite(i0)	true	-0.5997268274586702	0.03399473575710443	1.6017450165297982	1.4968877765069646	1.4968877765069637
1	8	ZZ onsite(i0)	true	-0.5997268274586702	-0.0024518932361988766	1.5962155982725066	1.499276627039978	1.4992766270399773
1	16	ZZ onsite(i0)	true	-0.5997268274586702	0.00022972894840522784	1.59682732272729	1.4992890292950358	1.499289029295035
1	32	ZZ onsite(i0)	true	-0.5997268274586702	-8.051428061373045e-6	1.59677438532383	1.4992891390004837	1.4992891390004828
1	2	ZZ up-up r=1	true	-0.3435038447528071	-0.03991426631994649	1.0826601419880133	1.11712217338785	1.1171221733878498
1	4	ZZ up-up r=1	true	-0.3435038447528071	-0.30286557777647194	1.019148580702853	1.0242322303551163	1.0242322303551161
1	8	ZZ up-up r=1	true	-0.3435038447528071	-0.0016475788418109372	1.081645642131012	1.1189127444047977	1.1189127444047975
1	16	ZZ up-up r=1	true	-0.3435038447528071	-0.000402831176740559	1.0815665384825488	1.118915622429796	1.1189156224297958
1	32	ZZ up-up r=1	true	-0.3435038447528071	-1.0932248446671178e-5	1.081541034099925	1.118915805281869	1.118915805281869
1	2	ZZ up-up r=2	true	0.12932021245876324	-0.17426936597409748	0.9600448898319492	0.9879934653371424	0.9879934653371428
1	4	ZZ up-up r=2	true	0.12932021245876324	0.16680825995793794	0.9945218055267738	0.9902106063655095	0.9902106063655097
1	8	ZZ up-up r=2	true	0.12932021245876324	0.00886367550283633	1.0018600161862383	1.0150462700118486	1.015046270011849
1	16	ZZ up-up r=2	true	0.12932021245876324	0.005094836609105938	1.0015271110381898	1.0150945418974233	1.0150945418974233
1	32	ZZ up-up r=2	true	0.12932021245876324	-6.836552219408043e-5	1.0010329151569017	1.0151183574531815	1.015118357453182
1	2	ZZ up-up r=4	true	0.08748887395276257	0.0006181556917795317	1.0056657351397205	1.0068559605592928	1.0068559605592933
1	4	ZZ up-up r=4	true	0.08748887395276257	0.0890639831786536	0.9997704123523901	0.9997526596413381	0.9997526596413384
1	8	ZZ up-up r=4	true	0.08748887395276257	0.008383481327555856	1.0057249524872172	1.0067929220897494	1.0067929220897494
1	16	ZZ up-up r=4	true	0.08748887395276257	0.008570344868763277	1.0057250020764126	1.0067900652336248	1.0067900652336252
1	32	ZZ up-up r=4	true	0.08748887395276257	3.461408444786762e-5	1.0056567763187156	1.0068563041043441	1.0068563041043446
1	2	DoubleOcc(i0)	false	0.10006829335605882	0.10006829335605882	1.3153436012263005	NaN	1.13470631094299
1	4	DoubleOcc(i0)	false	0.10006829335605882	0.008497890536941333	1.3852575350546819	NaN	1.271276249789024
1	8	DoubleOcc(i0)	false	0.10006829335605882	-0.0006129284067248886	1.377317492063698	NaN	1.2723830218381855
1	16	DoubleOcc(i0)	false	0.10006829335605882	5.699606320858086e-5	1.3779908928707996	NaN	1.2723887639457645
1	32	DoubleOcc(i0)	false	0.10006829335605882	-1.9826742806428044e-6	1.3779327282873692	NaN	1.2723888145608995
1	2	SzSz r=1	false	-0.06980119874879474	0.0060961958594204085	1.067542785730506	NaN	1.0781332767446836
1	4	SzSz r=1	false	-0.06980119874879474	-0.06980119867658988	1.0015303629098984	NaN	1.0010011280305555
1	8	SzSz r=1	false	-0.06980119874879474	6.087935529987265e-5	1.0713911925945179	NaN	1.0802824045123929
1	16	SzSz r=1	false	-0.06980119874879474	-8.737790853095839e-5	1.0715336827602029	NaN	1.0802855486542304
1	32	SzSz r=1	false	-0.06980119874879474	-8.843966930419112e-6	1.071521352749687	NaN	1.0802856797006413
1	2	hop bond(i0)	false	0.39096245326240264	0.39096245326240264	1.0	NaN	1.0
1	4	hop bond(i0)	false	0.39096245326240264	0.13329675397410756	1.1576117012173928	NaN	1.1448325469135492
1	8	hop bond(i0)	false	0.39096245326240264	0.002713691884959568	1.1866266096445037	NaN	1.1670561439991225
1	16	hop bond(i0)	false	0.39096245326240264	0.00014330578156773743	1.186756948390624	NaN	1.1670655113493897
1	32	hop bond(i0)	false	0.39096245326240264	1.0389580956005062e-5	1.1867632111542665	NaN	1.1670655374079661
3	2	ZZ onsite(i0)	true	-0.5997268274586702	0.4002731725413322	1.8288540098903368	1.4982087762105745	1.498208776210574
3	4	ZZ onsite(i0)	true	-0.5997268274586702	0.03399473575710443	2.735668456484881	2.48590348300375	2.4859034830037476
3	8	ZZ onsite(i0)	true	-0.5997268274586702	-0.0024518932361988766	2.7066205938402224	2.497804881702384	2.4978048817023812
3	16	ZZ onsite(i0)	true	-0.5997268274586702	0.00022972894840522784	2.7097310357214472	2.497866868412767	2.4978668684127645
3	32	ZZ onsite(i0)	true	-0.5997268274586702	-8.051428061373045e-6	2.7094613247803303	2.4978674167318657	2.497867416731863
3	2	ZZ up-up r=1	true	-0.3435038447528071	-0.03991426631994649	1.342540350356301	1.3502436328208816	1.3502436328208811
3	4	ZZ up-up r=1	true	-0.3435038447528071	-0.30286557777647194	1.0606610059497883	1.062174223313148	1.062174223313148
3	8	ZZ up-up r=1	true	-0.3435038447528071	-0.0016475788418109372	1.34970963195169	1.3567362813714097	1.3567362813714092
3	16	ZZ up-up r=1	true	-0.3435038447528071	-0.000402831176740559	1.3497509184322924	1.356746750605074	1.3567467506050734
3	32	ZZ up-up r=1	true	-0.3435038447528071	-1.0932248446671178e-5	1.3497613983432115	1.3567474157596693	1.3567474157596688
3	2	ZZ up-up r=2	true	0.12932021245876324	-0.17426936597409748	0.9134668449618825	0.9658076956604466	0.9658076956604463
3	4	ZZ up-up r=2	true	0.12932021245876324	0.16680825995793794	0.9781260941250915	0.972005604802282	0.9720056048022819
3	8	ZZ up-up r=2	true	0.12932021245876324	0.00886367550283633	1.021634513212489	1.0451323996051818	1.0451323996051816
3	16	ZZ up-up r=2	true	0.12932021245876324	0.005094836609105938	1.0210247067844518	1.0452815006231961	1.045281500623196
3	32	ZZ up-up r=2	true	0.12932021245876324	-6.836552219408043e-5	1.0200626248519966	1.0453550719762772	1.045355071976277
3	2	ZZ up-up r=4	true	0.08748887395276257	0.0006181556917795317	1.0094026379693282	1.0205678675979863	1.0205678675979863
3	4	ZZ up-up r=4	true	0.08748887395276257	0.0890639831786536	0.9994654505450253	0.9992683035594809	0.9992683035594807
3	8	ZZ up-up r=4	true	0.08748887395276257	0.008383481327555856	1.0101989132098042	1.020376200845223	1.0203762008452228
3	16	ZZ up-up r=4	true	0.08748887395276257	0.008570344868763277	1.0102141066772867	1.0203675157886627	1.0203675157886627
3	32	ZZ up-up r=4	true	0.08748887395276257	3.461408444786762e-5	1.0093298135168063	1.0205689122688828	1.0205689122688826
3	2	DoubleOcc(i0)	false	0.10006829335605882	0.10006829335605882	1.6608166021106399	NaN	1.3322210564792474
3	4	DoubleOcc(i0)	false	0.10006829335605882	0.008497890536941333	2.126272480034693	NaN	1.8124080254664092
3	8	DoubleOcc(i0)	false	0.10006829335605882	-0.0006129284067248886	2.106409801218091	NaN	1.817141625138621
3	16	DoubleOcc(i0)	false	0.10006829335605882	5.699606320858086e-5	2.1083402554036437	NaN	1.8171662267444761
3	32	DoubleOcc(i0)	false	0.10006829335605882	-1.9826742806428044e-6	2.1081715837684407	NaN	1.8171664436029933
3	2	SzSz r=1	false	-0.06980119874879474	0.0060961958594204085	1.2755116729835743	NaN	1.2334694816399132
3	4	SzSz r=1	false	-0.06980119874879474	-0.06980119867658988	1.0012386780590936	NaN	1.0026189613618097
3	8	SzSz r=1	false	-0.06980119874879474	6.087935529987265e-5	1.273152538950685	NaN	1.240845751759036
3	16	SzSz r=1	false	-0.06980119874879474	-8.737790853095839e-5	1.2726288549046274	NaN	1.2408565861317602
3	32	SzSz r=1	false	-0.06980119874879474	-8.843966930419112e-6	1.2726998422457476	NaN	1.240857037706258
3	2	hop bond(i0)	false	0.39096245326240264	0.39096245326240264	1.0	NaN	1.0
3	4	hop bond(i0)	false	0.39096245326240264	0.13329675397410756	1.4357912495321843	NaN	1.4185505822840099
3	8	hop bond(i0)	false	0.39096245326240264	0.002713691884959568	1.5126974281751526	NaN	1.50116036445865
3	16	hop bond(i0)	false	0.39096245326240264	0.00014330578156773743	1.512463191555486	NaN	1.5011965115481847
3	32	hop bond(i0)	false	0.39096245326240264	1.0389580956005062e-5	1.5124491613073308	NaN	1.5011966121056353
10	2	ZZ onsite(i0)	true	-0.5997268274586702	0.4002731725413322	1.7638146107976433	1.8587683387441005	1.8587683387440999
10	4	ZZ onsite(i0)	true	-0.5997268274586702	0.03399473575710443	5.85602385291593	5.898269179834746	5.898269179834737
10	8	ZZ onsite(i0)	true	-0.5997268274586702	-0.0024518932361988766	6.00873326402436	5.992391301040926	5.992391301040915
10	16	ZZ onsite(i0)	true	-0.5997268274586702	0.00022972894840522784	6.005020471898143	5.992887000866947	5.992887000866936
10	32	ZZ onsite(i0)	true	-0.5997268274586702	-8.051428061373045e-6	6.005399592044651	5.992891385961072	5.9928913859610615
10	2	ZZ up-up r=1	true	-0.3435038447528071	-0.03991426631994649	2.3247573700200386	2.154564735637769	2.154564735637767
10	4	ZZ up-up r=1	true	-0.3435038447528071	-0.30286557777647194	1.140781511827814	1.1375590583714348	1.1375590583714346
10	8	ZZ up-up r=1	true	-0.3435038447528071	-0.0016475788418109372	2.4037327950189797	2.189098166963883	2.1890981669638805
10	16	ZZ up-up r=1	true	-0.3435038447528071	-0.000402831176740559	2.4051365287196687	2.1891544740352527	2.189154474035251
10	32	ZZ up-up r=1	true	-0.3435038447528071	-1.0932248446671178e-5	2.4055624529115933	2.189158051529619	2.1891580515296174
10	2	ZZ up-up r=2	true	0.12932021245876324	-0.17426936597409748	0.7189757245517431	0.9032112203915894	0.9032112203915897
10	4	ZZ up-up r=2	true	0.12932021245876324	0.16680825995793794	0.9593472475965094	0.9198136999257047	0.9198136999257049
10	8	ZZ up-up r=2	true	0.12932021245876324	0.00886367550283633	1.001293146048468	1.1503665914344017	1.1503665914344017
10	16	ZZ up-up r=2	true	0.12932021245876324	0.005094836609105938	0.9980169136198744	1.1509135481728414	1.1509135481728412
10	32	ZZ up-up r=2	true	0.12932021245876324	-6.836552219408043e-5	0.9932405935440067	1.1511835687828034	1.1511835687828034
10	2	ZZ up-up r=4	true	0.08748887395276257	0.0006181556917795317	1.1050241062752801	1.0685593943950444	1.0685593943950444
10	4	ZZ up-up r=4	true	0.08748887395276257	0.0890639831786536	0.9973070220539176	0.997674274083115	0.997674274083115
10	8	ZZ up-up r=4	true	0.08748887395276257	0.008383481327555856	1.0999338738641646	1.0678907564847266	1.0678907564847264
10	16	ZZ up-up r=4	true	0.08748887395276257	0.008570344868763277	1.099799356217174	1.0678604721545	1.0678604721545
10	32	ZZ up-up r=4	true	0.08748887395276257	3.461408444786762e-5	1.1053667794182245	1.0685630403811917	1.0685630403811914
10	2	DoubleOcc(i0)	false	0.10006829335605882	0.10006829335605882	1.554327009538951	NaN	1.6824473979074013
10	4	DoubleOcc(i0)	false	0.10006829335605882	0.008497890536941333	3.4014064398831576	NaN	3.6915810590127607
10	8	DoubleOcc(i0)	false	0.10006829335605882	-0.0006129284067248886	3.453226018385068	NaN	3.7237186162994185
10	16	DoubleOcc(i0)	false	0.10006829335605882	5.699606320858086e-5	3.451594144330892	NaN	3.7238866630656604
10	32	DoubleOcc(i0)	false	0.10006829335605882	-1.9826742806428044e-6	3.451748411685457	NaN	3.723888144413428
10	2	SzSz r=1	false	-0.06980119874879474	0.0060961958594204085	1.5675743534107647	NaN	1.7675687446771724
10	4	SzSz r=1	false	-0.06980119874879474	-0.06980119867658988	1.0162130995356107	NaN	1.0060289672051712
10	8	SzSz r=1	false	-0.06980119874879474	6.087935529987265e-5	1.5985088297159442	NaN	1.8028021189175654
10	16	SzSz r=1	false	-0.06980119874879474	-8.737790853095839e-5	1.598043431994269	NaN	1.8028545890791337
10	32	SzSz r=1	false	-0.06980119874879474	-8.843966930419112e-6	1.5979274284808307	NaN	1.8028567760714296
10	2	hop bond(i0)	false	0.39096245326240264	0.39096245326240264	1.0	NaN	1.0
10	4	hop bond(i0)	false	0.39096245326240264	0.13329675397410756	2.3146711117164536	NaN	2.236349592675354
10	8	hop bond(i0)	false	0.39096245326240264	0.002713691884959568	2.869358121115884	NaN	2.6704404337280843
10	16	hop bond(i0)	false	0.39096245326240264	0.00014330578156773743	2.871538010090493	NaN	2.670654775994182
10	32	hop bond(i0)	false	0.39096245326240264	1.0389580956005062e-5	2.8716388818674963	NaN	2.6706553723057085
30	2	ZZ onsite(i0)	true	-0.5997268274586702	0.4002731725413322	1.9746756275440769	2.082628658267264	2.0826286582672635
30	4	ZZ onsite(i0)	true	-0.5997268274586702	0.03399473575710443	18.943519613013937	15.244977503741811	15.244977503741785
30	8	ZZ onsite(i0)	true	-0.5997268274586702	-0.0024518932361988766	20.93468461277774	15.974674712239267	15.974674712239235
30	16	ZZ onsite(i0)	true	-0.5997268274586702	0.00022972894840522784	20.881376035811687	15.978639055424738	15.978639055424708
30	32	ZZ onsite(i0)	true	-0.5997268274586702	-8.051428061373045e-6	20.886784806988228	15.978674130924801	15.978674130924771
30	2	ZZ up-up r=1	true	-0.3435038447528071	-0.03991426631994649	3.5957744328927155	4.357580487912713	4.357580487912709
30	4	ZZ up-up r=1	true	-0.3435038447528071	-0.30286557777647194	1.2169237729922704	1.210470788546371	1.210470788546371
30	8	ZZ up-up r=1	true	-0.3435038447528071	-0.0016475788418109372	3.4838975615821965	4.567099335814478	4.567099335814475
30	16	ZZ up-up r=1	true	-0.3435038447528071	-0.000402831176740559	3.475830623077301	4.567451753743045	4.56745175374304
30	32	ZZ up-up r=1	true	-0.3435038447528071	-1.0932248446671178e-5	3.4732394352383578	4.567474145995038	4.567474145995034
30	2	ZZ up-up r=2	true	0.12932021245876324	-0.17426936597409748	0.571548928809486	0.7970619837676557	0.7970619837676559
30	4	ZZ up-up r=2	true	0.12932021245876324	0.16680825995793794	0.8095827978093952	0.8284135071293532	0.8284135071293534
30	8	ZZ up-up r=2	true	0.12932021245876324	0.00886367550283633	1.3662143199210315	1.4504603666178266	1.4504603666178264
30	16	ZZ up-up r=2	true	0.12932021245876324	0.005094836609105938	1.3595000734344962	1.4525283169955017	1.4525283169955012
30	32	ZZ up-up r=2	true	0.12932021245876324	-6.836552219408043e-5	1.3482557246742106	1.4535506680216617	1.4535506680216612
30	2	ZZ up-up r=4	true	0.08748887395276257	0.0006181556917795317	1.1441127591760645	1.205676775213208	1.2056767752132076
30	4	ZZ up-up r=4	true	0.08748887395276257	0.0890639831786536	0.9938695209408475	0.9938401188020423	0.9938401188020423
30	8	ZZ up-up r=4	true	0.08748887395276257	0.008383481327555856	1.1518463846307525	1.2034163073184045	1.2034163073184043
30	16	ZZ up-up r=4	true	0.08748887395276257	0.008570344868763277	1.1519787867953704	1.2033140586711177	1.2033140586711173
30	32	ZZ up-up r=4	true	0.08748887395276257	3.461408444786762e-5	1.1433581816339013	1.2056891167285666	1.2056891167285664
30	2	DoubleOcc(i0)	false	0.10006829335605882	0.10006829335605882	1.6512532616275828	NaN	1.9765977062532039
30	4	DoubleOcc(i0)	false	0.10006829335605882	0.008497890536941333	8.248423000980116	NaN	8.93702573093792
30	8	DoubleOcc(i0)	false	0.10006829335605882	-0.0006129284067248886	8.865034048551514	NaN	9.170411933232927
30	16	DoubleOcc(i0)	false	0.10006829335605882	5.699606320858086e-5	8.835625962690976	NaN	9.171653479924611
30	32	DoubleOcc(i0)	false	0.10006829335605882	-1.9826742806428044e-6	8.838366264499856	NaN	9.171664425269855
30	2	SzSz r=1	false	-0.06980119874879474	0.0060961958594204085	3.9249102156950024	NaN	3.2159584396344965
30	4	SzSz r=1	false	-0.06980119874879474	-0.06980119867658988	0.9889359497047013	NaN	1.0096004632974376
30	8	SzSz r=1	false	-0.06980119874879474	6.087935529987265e-5	3.8530855329735174	NaN	3.4082601949066764
30	16	SzSz r=1	false	-0.06980119874879474	-8.737790853095839e-5	3.8479479896414883	NaN	3.408557784171164
30	32	SzSz r=1	false	-0.06980119874879474	-8.843966930419112e-6	3.8490761077127846	NaN	3.4085701886477544
30	2	hop bond(i0)	false	0.39096245326240264	0.39096245326240264	1.0	NaN	1.0
30	4	hop bond(i0)	false	0.39096245326240264	0.13329675397410756	3.3589475272930986	NaN	3.79876912986222
30	8	hop bond(i0)	false	0.39096245326240264	0.002713691884959568	4.916317186934998	NaN	6.0105147810187685
30	16	hop bond(i0)	false	0.39096245326240264	0.00014330578156773743	4.9185008619788375	NaN	6.01196207798591
30	32	hop bond(i0)	false	0.39096245326240264	1.0389580956005062e-5	4.918568979465602	NaN	6.011966105090767
100	2	ZZ onsite(i0)	true	-0.5997268274586702	0.4002731725413322	2.0911480976017542	2.191320722143629	2.191320722143629
100	4	ZZ onsite(i0)	true	-0.5997268274586702	0.03399473575710443	45.422692576436305	43.88820590902357	43.888205909023505
100	8	ZZ onsite(i0)	true	-0.5997268274586702	-0.0024518932361988766	56.96468987442251	50.88644702853715	50.88644702853706
100	16	ZZ onsite(i0)	true	-0.5997268274586702	0.00022972894840522784	56.72010379023438	50.928540802716206	50.928540802716114
100	32	ZZ onsite(i0)	true	-0.5997268274586702	-8.051428061373045e-6	56.74692435731029	50.92891345523448	50.92891345523438
100	2	ZZ up-up r=1	true	-0.3435038447528071	-0.03991426631994649	8.92658527551527	11.10808554939306	11.108085549393047
100	4	ZZ up-up r=1	true	-0.3435038447528071	-0.30286557777647194	1.2425423780854885	1.2584092795556285	1.2584092795556283
100	8	ZZ up-up r=1	true	-0.3435038447528071	-0.0016475788418109372	10.68977397618927	12.88805475393713	12.888054753937112
100	16	ZZ up-up r=1	true	-0.3435038447528071	-0.000402831176740559	10.718385247475304	12.891369716915449	12.891369716915431
100	32	ZZ up-up r=1	true	-0.3435038447528071	-1.0932248446671178e-5	10.726897764034025	12.891580386388911	12.891580386388892
100	2	ZZ up-up r=2	true	0.12932021245876324	-0.17426936597409748	0.5329253381896335	0.6706361453751551	0.6706361453751555
100	4	ZZ up-up r=2	true	0.12932021245876324	0.16680825995793794	0.7294931010197158	0.7145236201037506	0.7145236201037508
100	8	ZZ up-up r=2	true	0.12932021245876324	0.00886367550283633	1.9183322397529146	2.4941221461399725	2.4941221461399707
100	16	ZZ up-up r=2	true	0.12932021245876324	0.005094836609105938	1.9089481230575847	2.5059557881573764	2.505955788157375
100	32	ZZ up-up r=2	true	0.12932021245876324	-6.836552219408043e-5	1.8900477714682478	2.511835112926981	2.5118351129269794
100	2	ZZ up-up r=4	true	0.08748887395276257	0.0006181556917795317	1.6998194209102688	1.6855728248775594	1.6855728248775586
100	4	ZZ up-up r=4	true	0.08748887395276257	0.0890639831786536	0.9854140635760461	0.9854374777584506	0.9854374777584506
100	8	ZZ up-up r=4	true	0.08748887395276257	0.008383481327555856	1.6870575653570294	1.6750849468772675	1.6750849468772668
100	16	ZZ up-up r=4	true	0.08748887395276257	0.008570344868763277	1.686530195072029	1.6746127037785754	1.674612703778575
100	32	ZZ up-up r=4	true	0.08748887395276257	3.461408444786762e-5	1.7000443511712187	1.6856303375868005	1.6856303375867998
100	2	DoubleOcc(i0)	false	0.10006829335605882	0.10006829335605882	2.091287752165709	NaN	2.150099319185443
100	4	DoubleOcc(i0)	false	0.10006829335605882	0.008497890536941333	28.151727250328932	NaN	25.96641545043382
100	8	DoubleOcc(i0)	false	0.10006829335605882	-0.0006129284067248886	31.692249887203836	NaN	28.22603098256616
100	16	DoubleOcc(i0)	false	0.10006829335605882	5.699606320858086e-5	31.64708063558693	NaN	28.238768991843273
100	32	DoubleOcc(i0)	false	0.10006829335605882	-1.9826742806428044e-6	31.652885702561626	NaN	28.238881324577825
100	2	SzSz r=1	false	-0.06980119874879474	0.0060961958594204085	4.923181257554065	NaN	7.5260526114880255
100	4	SzSz r=1	false	-0.06980119874879474	-0.06980119867658988	1.0366275503075475	NaN	1.0121116471646983
100	8	SzSz r=1	false	-0.06980119874879474	6.087935529987265e-5	6.274607454312431	NaN	9.025829227077196
100	16	SzSz r=1	false	-0.06980119874879474	-8.737790853095839e-5	6.305590593207966	NaN	9.028456145578057
100	32	SzSz r=1	false	-0.06980119874879474	-8.843966930419112e-6	6.307297706111139	NaN	9.028565667216718
100	2	hop bond(i0)	false	0.39096245326240264	0.39096245326240264	1.0	NaN	1.0
100	4	hop bond(i0)	false	0.39096245326240264	0.13329675397410756	5.361963356234646	NaN	6.0184818701762
100	8	hop bond(i0)	false	0.39096245326240264	0.002713691884959568	14.182461130382606	NaN	17.69231334551741
100	16	hop bond(i0)	false	0.39096245326240264	0.00014330578156773743	14.239604355678015	NaN	17.70651401004532
100	32	hop bond(i0)	false	0.39096245326240264	1.0389580956005062e-5	14.242145846306077	NaN	17.70655354566174
300	2	ZZ onsite(i0)	true	-0.5997268274586702	0.4002731725413322	2.187936762527334	2.226502577361102	2.226502577361102
300	4	ZZ onsite(i0)	true	-0.5997268274586702	0.03399473575710443	93.19550611192878	101.79550815608484	101.7955081560847
300	8	ZZ onsite(i0)	true	-0.5997268274586702	-0.0024518932361988766	140.50122714510564	150.410170857678	150.41017085767768
300	16	ZZ onsite(i0)	true	-0.5997268274586702	0.00022972894840522784	140.22269474496204	150.78342774842108	150.78342774842073
300	32	ZZ onsite(i0)	true	-0.5997268274586702	-8.051428061373045e-6	140.27912489409047	150.78673766986196	150.78673766986162
300	2	ZZ up-up r=1	true	-0.3435038447528071	-0.03991426631994649	22.551881074909467	24.752220542096765	24.752220542096744
300	4	ZZ up-up r=1	true	-0.3435038447528071	-0.30286557777647194	1.2720024736087272	1.2763961885229156	1.276396188522916
300	8	ZZ up-up r=1	true	-0.3435038447528071	-0.0016475788418109372	34.410675057236254	36.64466695829913	36.644666958299084
300	16	ZZ up-up r=1	true	-0.3435038447528071	-0.000402831176740559	34.53146997609136	36.672942383168	36.67294238316796
300	32	ZZ up-up r=1	true	-0.3435038447528071	-1.0932248446671178e-5	34.56351537177922	36.67474029978489	36.67474029978484
300	2	ZZ up-up r=2	true	0.12932021245876324	-0.17426936597409748	0.6239474168692939	0.5993171650775998	0.5993171650776
300	4	ZZ up-up r=2	true	0.12932021245876324	0.16680825995793794	0.6398038490012486	0.6477158219430561	0.6477158219430562
300	8	ZZ up-up r=2	true	0.12932021245876324	0.00886367550283633	7.170493897585897	5.420024444974823	5.4200244449748185
300	16	ZZ up-up r=2	true	0.12932021245876324	0.005094836609105938	7.359703371337456	5.496812651798403	5.496812651798398
300	32	ZZ up-up r=2	true	0.12932021245876324	-6.836552219408043e-5	7.504004385409948	5.535501506111958	5.535501506111952
300	2	ZZ up-up r=4	true	0.08748887395276257	0.0006181556917795317	3.0818049138117187	3.056577694787331	3.056577694787328
300	4	ZZ up-up r=4	true	0.08748887395276257	0.0890639831786536	0.9753269803300054	0.9761371679754794	0.9761371679754797
300	8	ZZ up-up r=4	true	0.08748887395276257	0.008383481327555856	3.055010398415592	3.0002273619981197	3.0002273619981175
300	16	ZZ up-up r=4	true	0.08748887395276257	0.008570344868763277	3.0530734063145943	2.9977226163965565	2.997722616396554
300	32	ZZ up-up r=4	true	0.08748887395276257	3.461408444786762e-5	3.0795037301031005	3.056890571259778	3.0568905712597747
300	2	DoubleOcc(i0)	false	0.10006829335605882	0.10006829335605882	2.173130615926859	NaN	2.211599867740138
300	4	DoubleOcc(i0)	false	0.10006829335605882	0.008497890536941333	77.71812595421288	NaN	65.51570804085097
300	8	DoubleOcc(i0)	false	0.10006829335605882	-0.0006129284067248886	109.32746854906578	NaN	82.6038231310021
300	16	DoubleOcc(i0)	false	0.10006829335605882	5.699606320858086e-5	109.06435339995416	NaN	82.71565605762578
300	32	DoubleOcc(i0)	false	0.10006829335605882	-1.9826742806428044e-6	109.10631870786445	NaN	82.71664317669045
300	2	SzSz r=1	false	-0.06980119874879474	0.0060961958594204085	12.027030898369606	NaN	15.689098886106684
300	4	SzSz r=1	false	-0.06980119874879474	-0.06980119867658988	1.015012508920382	NaN	1.013089908496529
300	8	SzSz r=1	false	-0.06980119874879474	6.087935529987265e-5	23.74007944590833	NaN	25.062887449250994
300	16	SzSz r=1	false	-0.06980119874879474	-8.737790853095839e-5	24.01679797274224	NaN	25.08477015686189
300	32	SzSz r=1	false	-0.06980119874879474	-8.843966930419112e-6	24.00706505916845	NaN	25.08568304501134
300	2	hop bond(i0)	false	0.39096245326240264	0.39096245326240264	1.0	NaN	1.0
300	4	hop bond(i0)	false	0.39096245326240264	0.13329675397410756	7.847473399237135	NaN	7.488864487301105
300	8	hop bond(i0)	false	0.39096245326240264	0.002713691884959568	42.8290503847949	NaN	50.996521122555734
300	16	hop bond(i0)	false	0.39096245326240264	0.00014330578156773743	42.404203440098684	NaN	51.119317032290596
300	32	hop bond(i0)	false	0.39096245326240264	1.0389580956005062e-5	42.378159258239045	NaN	51.11965945434965
1000	2	ZZ onsite(i0)	true	-0.5997268274586702	0.4002731725413322	2.2988650226545846	2.2393122737432534	2.239312273743253
1000	4	ZZ onsite(i0)	true	-0.5997268274586702	0.03399473575710443	270.94302486316025	192.10584731572274	192.10584731572254
1000	8	ZZ onsite(i0)	true	-0.5997268274586702	-0.0024518932361988766	882.2456421522239	496.14857018143897	496.14857018143783
1000	16	ZZ onsite(i0)	true	-0.5997268274586702	0.00022972894840522784	932.2610251243265	500.2524898193607	500.25248981935954
1000	32	ZZ onsite(i0)	true	-0.5997268274586702	-8.051428061373045e-6	928.9750488211505	500.28909411472506	500.2890941147239
1000	2	ZZ up-up r=1	true	-0.3435038447528071	-0.03991426631994649	36.492759014008	46.02264425845589	46.02264425845587
1000	4	ZZ up-up r=1	true	-0.3435038447528071	-0.30286557777647194	1.2762235617286448	1.2832979493736405	1.2832979493736407
1000	8	ZZ up-up r=1	true	-0.3435038447528071	-0.0016475788418109372	96.21518759593758	119.58864651624701	119.5886465162468
1000	16	ZZ up-up r=1	true	-0.3435038447528071	-0.000402831176740559	97.6845030169529	119.89619765868339	119.89619765868319
1000	32	ZZ up-up r=1	true	-0.3435038447528071	-1.0932248446671178e-5	98.10658715698507	119.91579097316256	119.91579097316242
1000	2	ZZ up-up r=2	true	0.12932021245876324	-0.17426936597409748	0.691952500138536	0.5664603015439079	0.566460301543908
1000	4	ZZ up-up r=2	true	0.12932021245876324	0.16680825995793794	0.6330807666907126	0.6162867294220427	0.6162867294220429
1000	8	ZZ up-up r=2	true	0.12932021245876324	0.00886367550283633	12.212483582463074	15.04949965778882	15.049499657788804
1000	16	ZZ up-up r=2	true	0.12932021245876324	0.005094836609105938	13.090347011582896	15.748805905453406	15.748805905453391
1000	32	ZZ up-up r=2	true	0.12932021245876324	-6.836552219408043e-5	14.053232375936618	16.118293639405074	16.11829363940506
1000	2	ZZ up-up r=4	true	0.08748887395276257	0.0006181556917795317	6.009613784066047	7.853617056875081	7.853617056875072
1000	4	ZZ up-up r=4	true	0.08748887395276257	0.0890639831786536	0.9671288330694361	0.969267683334864	0.969267683334864
1000	8	ZZ up-up r=4	true	0.08748887395276257	0.008383481327555856	6.341435512381046	7.391001411303593	7.391001411303584
1000	16	ZZ up-up r=4	true	0.08748887395276257	0.008570344868763277	6.341765531222996	7.371322225606906	7.371322225606896
1000	32	ZZ up-up r=4	true	0.08748887395276257	3.461408444786762e-5	5.962517367235693	7.8562967533636305	7.85629675336362
1000	2	DoubleOcc(i0)	false	0.10006829335605882	0.10006829335605882	2.326065274355927	NaN	2.2347086021553864
1000	4	DoubleOcc(i0)	false	0.10006829335605882	0.008497890536941333	210.44645146810095	NaN	145.79525009535655
1000	8	DoubleOcc(i0)	false	0.10006829335605882	-0.0006129284067248886	394.4420780549209	NaN	272.14979683485086
1000	16	DoubleOcc(i0)	false	0.10006829335605882	5.699606320858086e-5	408.0146170709805	NaN	273.37792642207404
1000	32	DoubleOcc(i0)	false	0.10006829335605882	-1.9826742806428044e-6	407.0185353639246	NaN	273.3888012901333
1000	2	SzSz r=1	false	-0.06980119874879474	0.0060961958594204085	34.032495031748496	NaN	27.127606181495274
1000	4	SzSz r=1	false	-0.06980119874879474	-0.06980119867658988	1.055226468027778	NaN	1.0134707204252158
1000	8	SzSz r=1	false	-0.06980119874879474	6.087935529987265e-5	115.38592319379677	NaN	81.03975260831598
1000	16	SzSz r=1	false	-0.06980119874879474	-8.737790853095839e-5	114.7709775241774	NaN	81.27558803784444
1000	32	SzSz r=1	false	-0.06980119874879474	-8.843966930419112e-6	115.2678320214952	NaN	81.28544732300962
1000	2	hop bond(i0)	false	0.39096245326240264	0.39096245326240264	1.0	NaN	0.9999999999999998
1000	4	hop bond(i0)	false	0.39096245326240264	0.13329675397410756	7.647051693689091	NaN	8.230317079711826
1000	8	hop bond(i0)	false	0.39096245326240264	0.002713691884959568	140.19711327229868	NaN	166.72359197787685
1000	16	hop bond(i0)	false	0.39096245326240264	0.00014330578156773743	146.23366246770559	NaN	168.0617651858001
1000	32	hop bond(i0)	false	0.39096245326240264	1.0389580956005062e-5	146.51175924836926	NaN	168.06551771708538
