L	bc	chi_prior	observable	true	Delta	prior_fid	G	G_max	S_center
16	OBC	2	n	1.0000000000031462	3.1437075165285933e-12	0.09698363894929814	1.0000000879861013	0.9999999999117363	0.9397487371952121
16	OBC	4	n	1.0000000000031462	3.498911160804141e-10	0.4016685126061726	1.0000000004668825	0.9999999999117363	0.9397487371952121
16	OBC	8	n	1.0000000000031462	-4.035489720166652e-10	0.9531835467117187	0.9999999995667898	0.9999999999117363	0.9397487371952121
16	OBC	16	n	1.0000000000031462	-7.454747930069061e-11	0.9951061218818672	0.999999999169274	0.9999999999117363	0.9397487371952121
16	OBC	32	n	1.0000000000031462	1.2396750292964498e-12	0.9998374728452567	0.9999999999004187	0.9999999999117363	0.9397487371952121
16	OBC	2	Sz	4.605535397494975e-11	4.615196204371674e-8	0.09698363894929814	1.0000000891160081	0.9999999999111564	0.9397487371952121
16	OBC	4	Sz	4.605535397494975e-11	2.6905644379127125e-10	0.4016685126061726	1.0000000004117102	0.9999999999111564	0.9397487371952121
16	OBC	8	Sz	4.605535397494975e-11	-1.5555903440378493e-10	0.9531835467117187	0.9999999996329682	0.9999999999111564	0.9397487371952121
16	OBC	16	Sz	4.605535397494975e-11	-3.844028706456726e-10	0.9951061218818672	0.9999999991723122	0.9999999999111564	0.9397487371952121
16	OBC	32	Sz	4.605535397494975e-11	-6.007930264395611e-12	0.9998374728452567	0.9999999998994754	0.9999999999111564	0.9397487371952121
16	OBC	2	DoubleOcc	0.10035737701095326	0.10035737701095326	0.09698363894929814	2.0431545528979416	28.40693881969507	0.9397487371952121
16	OBC	4	DoubleOcc	0.10035737701095326	0.0354315341390202	0.4016685126061726	10.571105308592998	28.40693881969507	0.9397487371952121
16	OBC	8	DoubleOcc	0.10035737701095326	-0.000593972905348239	0.9531835467117187	28.452554985214842	28.40693881969507	0.9397487371952121
16	OBC	16	DoubleOcc	0.10035737701095326	0.00039633035786867943	0.9951061218818672	28.362716895540956	28.40693881969507	0.9397487371952121
16	OBC	32	DoubleOcc	0.10035737701095326	-2.200075896546805e-6	0.9998374728452567	28.407153628302726	28.40693881969507	0.9397487371952121
16	OBC	2	ZZ onsite	-0.5985704919624784	0.4014295080375241	0.09698363894929814	2.118870995003435	52.67059129621899	0.9397487371952121
16	OBC	4	ZZ onsite	-0.5985704919624784	0.14172613585630023	0.4016685126061726	12.978444900397816	52.67059129621899	0.9397487371952121
16	OBC	8	ZZ onsite	-0.5985704919624784	-0.002375890814294346	0.9531835467117187	52.74269029269378	52.67059129621899	0.9397487371952121
16	OBC	16	ZZ onsite	-0.5985704919624784	0.0015853215805679	0.9951061218818672	52.57451413567401	52.67059129621899	0.9397487371952121
16	OBC	32	ZZ onsite	-0.5985704919624784	-8.800306063982966e-6	0.9998374728452567	52.671017910667054	52.67059129621899	0.9397487371952121
16	OBC	2	ZZ up-up r=1	-0.39780486066224496	-0.05588935080957258	0.09698363894929814	14.44165452928633	20.627219365196943	0.9397487371952121
16	OBC	4	ZZ up-up r=1	-0.39780486066224496	-0.3369432642820979	0.4016685126061726	1.3637969379359545	20.627219365196943	0.9397487371952121
16	OBC	8	ZZ up-up r=1	-0.39780486066224496	-0.004365508255016415	0.9531835467117187	20.50338543542962	20.627219365196943	0.9397487371952121
16	OBC	16	ZZ up-up r=1	-0.39780486066224496	-0.002436075639372981	0.9951061218818672	20.56967752720945	20.627219365196943	0.9397487371952121
16	OBC	32	ZZ up-up r=1	-0.39780486066224496	-0.00014386710891706178	0.9998374728452567	20.624641053785727	20.627219365196943	0.9397487371952121
16	OBC	2	SzSz r=1	-0.08155407387047414	0.003924803592693954	0.09698363894929814	10.34320586532981	13.058075046030401	0.9397487371952121
16	OBC	4	SzSz r=1	-0.08155407387047414	-0.0663386747754374	0.4016685126061726	1.4300644016824648	13.058075046030401	0.9397487371952121
16	OBC	8	SzSz r=1	-0.08155407387047414	-0.00078730331074639	0.9531835467117187	12.890687850343415	13.058075046030401	0.9397487371952121
16	OBC	16	SzSz r=1	-0.08155407387047414	-0.0002421184779800023	0.9951061218818672	13.002389224081872	13.058075046030401	0.9397487371952121
16	OBC	32	SzSz r=1	-0.08155407387047414	-4.3214060288079836e-5	0.9998374728452567	13.054107975344309	13.058075046030401	0.9397487371952121
16	OBC	2	hop up r=1	0.42271696164316086	0.42271696164316086	0.09698363894929814	1.0	22.224455171533787	0.9397487371952121
16	OBC	4	hop up r=1	0.42271696164316086	0.42271696164316086	0.4016685126061726	1.0	22.224455171533787	0.9397487371952121
16	OBC	8	hop up r=1	0.42271696164316086	0.005699855051480351	0.9531835467117187	22.145474721005144	22.224455171533787	0.9397487371952121
16	OBC	16	hop up r=1	0.42271696164316086	0.00218231583144457	0.9951061218818672	22.214397440522202	22.224455171533787	0.9397487371952121
16	OBC	32	hop up r=1	0.42271696164316086	0.00010410003959598901	0.9998374728452567	22.224546873045032	22.224455171533787	0.9397487371952121
16	PBC	2	n	1.0000000219046559	2.190465842044631e-8	0.05164636879617505	1.000000215872346	0.9999999764066613	2.048350611685932
16	PBC	4	n	1.0000000219046559	6.935379093242489e-8	0.2488039644548788	1.0000002079668016	0.9999999764066613	2.048350611685932
16	PBC	8	n	1.0000000219046559	4.0920738020311376e-8	0.6240994117892313	0.9999999610292578	0.9999999764066613	2.048350611685932
16	PBC	16	n	1.0000000219046559	-1.5524766561192394e-7	0.7732859099054301	0.9999998836938097	0.9999999764066613	2.048350611685932
16	PBC	32	n	1.0000000219046559	-7.041616401082251e-9	0.9496704945464095	0.9999999817346032	0.9999999764066613	2.048350611685932
16	PBC	2	Sz	1.0792632853390272e-8	1.2297358542232018e-7	0.05164636879617505	1.0000002153771588	0.9999999805901159	2.048350611685932
16	PBC	4	Sz	1.0792632853390272e-8	1.1568596554323296e-7	0.2488039644548788	1.0000001985452267	0.9999999805901159	2.048350611685932
16	PBC	8	Sz	1.0792632853390272e-8	-1.0732745043401382e-8	0.6240994117892313	0.9999999575343178	0.9999999805901159	2.048350611685932
16	PBC	16	Sz	1.0792632853390272e-8	-3.7774792797234946e-8	0.7732859099054301	0.9999999173566777	0.9999999805901159	2.048350611685932
16	PBC	32	Sz	1.0792632853390272e-8	3.240510301066868e-9	0.9496704945464095	0.9999999872331914	0.9999999805901159	2.048350611685932
16	PBC	2	DoubleOcc	0.10000926846254571	0.10000926846254571	0.05164636879617505	2.0637858907341506	28.4918839495476	2.048350611685932
16	PBC	4	DoubleOcc	0.10000926846254571	0.04974801734386644	0.2488039644548788	6.694343781644754	28.4918839495476	2.048350611685932
16	PBC	8	DoubleOcc	0.10000926846254571	0.00842175218534319	0.6240994117892313	25.489386874716633	28.4918839495476	2.048350611685932
16	PBC	16	DoubleOcc	0.10000926846254571	0.005584458809532289	0.7732859099054301	26.92032019880569	28.4918839495476	2.048350611685932
16	PBC	32	DoubleOcc	0.10000926846254571	0.00022941605240206497	0.9496704945464095	28.467166650937607	28.4918839495476	2.048350611685932
16	PBC	2	ZZ onsite	-0.5999629699591278	0.40003703004086966	0.05164636879617505	2.1401531602407764	52.94759714146994	2.048350611685932
16	PBC	4	ZZ onsite	-0.5999629699591278	0.1989919306678849	0.2488039644548788	7.595384818122198	52.94759714146994	2.048350611685932
16	PBC	8	ZZ onsite	-0.5999629699591278	0.03368692689989661	0.6240994117892313	44.18940270422636	52.94759714146994	2.048350611685932
16	PBC	16	ZZ onsite	-0.5999629699591278	0.022338145733460157	0.7732859099054301	48.37908317319205	52.94759714146994	2.048350611685932
16	PBC	32	ZZ onsite	-0.5999629699591278	0.0009176782928399518	0.9496704945464095	52.894130895314106	52.94759714146994	2.048350611685932
16	PBC	2	ZZ up-up r=1	-0.5185408264183521	-0.08173042067246328	0.05164636879617505	18.66523962370991	36.184170767978316	2.048350611685932
16	PBC	4	ZZ up-up r=1	-0.5185408264183521	-0.11004560190568374	0.2488039644548788	13.573192599708651	36.184170767978316	2.048350611685932
16	PBC	8	ZZ up-up r=1	-0.5185408264183521	0.0003045153585569116	0.6240994117892313	36.194064883109	36.184170767978316	2.048350611685932
16	PBC	16	ZZ up-up r=1	-0.5185408264183521	-0.024468770376890603	0.7732859099054301	32.889043207471204	36.184170767978316	2.048350611685932
16	PBC	32	ZZ up-up r=1	-0.5185408264183521	-0.008197840038058346	0.9496704945464095	35.60194478367286	36.184170767978316	2.048350611685932
16	PBC	2	SzSz r=1	-0.10792304415452725	0.001279557281944954	0.05164636879617505	17.39145230636403	23.416689900692347	2.048350611685932
16	PBC	4	SzSz r=1	-0.10792304415452725	-0.004118180136811755	0.2488039644548788	13.637081742249492	23.416689900692347	2.048350611685932
16	PBC	8	SzSz r=1	-0.10792304415452725	0.00010432014789896193	0.6240994117892313	23.449223216132584	23.416689900692347	2.048350611685932
16	PBC	16	SzSz r=1	-0.10792304415452725	-0.004364840684640742	0.7732859099054301	22.048011257376146	23.416689900692347	2.048350611685932
16	PBC	32	SzSz r=1	-0.10792304415452725	-0.0019992845804437664	0.9496704945464095	22.72174980487714	23.416689900692347	2.048350611685932
16	PBC	2	hop up r=1	0.4879597579677724	0.4879597579677724	0.05164636879617505	1.0	30.929494787472624	2.048350611685932
16	PBC	4	hop up r=1	0.4879597579677724	0.4879597579677724	0.2488039644548788	1.0	30.929494787472624	2.048350611685932
16	PBC	8	hop up r=1	0.4879597579677724	0.04838344060806371	0.6240994117892313	24.104279588497008	30.929494787472624	2.048350611685932
16	PBC	16	hop up r=1	0.4879597579677724	0.026297173313946542	0.7732859099054301	28.62282018261815	30.929494787472624	2.048350611685932
16	PBC	32	hop up r=1	0.4879597579677724	0.010854846750442293	0.9496704945464095	30.559498131126464	30.929494787472624	2.048350611685932
32	OBC	2	n	0.9999999999899619	-1.0037859432543428e-11	0.006921728930695332	1.0000000200908894	1.0000000000350269	1.0815476118420217
32	OBC	4	n	0.9999999999899619	1.496136547984861e-12	0.1445742459156264	0.9999999989537623	1.0000000000350269	1.0815476118420217
32	OBC	8	n	0.9999999999899619	-4.707764178490947e-10	0.8418402990752022	1.0000000004984808	1.0000000000350269	1.0815476118420217
32	OBC	16	n	0.9999999999899619	-5.73564529204873e-11	0.9811890639606509	0.9999999999918714	1.0000000000350269	1.0815476118420217
32	OBC	32	n	0.9999999999899619	-5.3851700876350606e-11	0.9985420115269688	0.9999999999960321	1.0000000000350269	1.0815476118420217
32	OBC	2	Sz	-7.316619879405017e-11	3.7569183399671635e-8	0.006921728930695332	1.0000000039985124	1.000000000017672	1.0815476118420217
32	OBC	4	Sz	-7.316619879405017e-11	-2.024693863955651e-9	0.1445742459156264	0.9999999998040526	1.000000000017672	1.0815476118420217
32	OBC	8	Sz	-7.316619879405017e-11	5.148222299855565e-10	0.8418402990752022	0.9999999996083132	1.000000000017672	1.0815476118420217
32	OBC	16	Sz	-7.316619879405017e-11	-1.239257065022148e-10	0.9811890639606509	0.9999999999479635	1.000000000017672	1.0815476118420217
32	OBC	32	Sz	-7.316619879405017e-11	-1.1349894982193298e-10	0.9985420115269688	0.9999999999525275	1.000000000017672	1.0815476118420217
32	OBC	2	DoubleOcc	0.10027732899994138	0.10027732899994138	0.006921728930695332	2.236378058307513	26.49580132357176	1.0815476118420217
32	OBC	4	DoubleOcc	0.10027732899994138	0.04168051772458148	0.1445742459156264	9.50203504627491	26.49580132357176	1.0815476118420217
32	OBC	8	DoubleOcc	0.10027732899994138	0.00016470838654500386	0.8418402990752022	26.5103606736965	26.49580132357176	1.0815476118420217
32	OBC	16	DoubleOcc	0.10027732899994138	0.0005251236633442291	0.9811890639606509	26.536671328217963	26.49580132357176	1.0815476118420217
32	OBC	32	DoubleOcc	0.10027732899994138	2.593579713069949e-5	0.9985420115269688	26.49819909389764	26.49580132357176	1.0815476118420217
32	OBC	2	ZZ onsite	-0.5988906839801532	0.40110931601984656	0.006921728930695332	2.2618495453522436	47.598877326159155	1.0815476118420217
32	OBC	4	ZZ onsite	-0.5988906839801532	0.16672207089533897	0.1445742459156264	10.97233420556411	47.598877326159155	1.0815476118420217
32	OBC	8	ZZ onsite	-0.5988906839801532	0.0006588344877386243	0.8418402990752022	47.63647081260007	47.598877326159155	1.0815476118420217
32	OBC	16	ZZ onsite	-0.5988906839801532	0.002100494768097372	0.9811890639606509	47.7004362829142	47.598877326159155	1.0815476118420217
32	OBC	32	ZZ onsite	-0.5988906839801532	0.00010374329623219491	0.9985420115269688	47.605143389721846	47.598877326159155	1.0815476118420217
32	OBC	2	ZZ up-up r=1	-0.43615472272860323	-0.071710708776555	0.006921728930695332	13.133584989342324	20.35911124594855	1.0815476118420217
32	OBC	4	ZZ up-up r=1	-0.43615472272860323	-0.1353723266863861	0.1445742459156264	7.004108687295367	20.35911124594855	1.0815476118420217
32	OBC	8	ZZ up-up r=1	-0.43615472272860323	-0.009747013582495967	0.8418402990752022	20.07930384404536	20.35911124594855	1.0815476118420217
32	OBC	16	ZZ up-up r=1	-0.43615472272860323	-0.005569258689929968	0.9811890639606509	20.24536571502454	20.35911124594855	1.0815476118420217
32	OBC	32	ZZ up-up r=1	-0.43615472272860323	-0.0004756591796718501	0.9985420115269688	20.354312148820426	20.35911124594855	1.0815476118420217
32	OBC	2	SzSz r=1	-0.08988796930867929	0.0012230341793327687	0.006921728930695332	13.136673485553152	16.775494151115673	1.0815476118420217
32	OBC	4	SzSz r=1	-0.08988796930867929	-0.013452739834897351	0.1445742459156264	9.0023760533526	16.775494151115673	1.0815476118420217
32	OBC	8	SzSz r=1	-0.08988796930867929	-0.002202748221888734	0.8418402990752022	16.417313515508795	16.775494151115673	1.0815476118420217
32	OBC	16	SzSz r=1	-0.08988796930867929	-0.0005931591653187129	0.9811890639606509	16.70099135232752	16.775494151115673	1.0815476118420217
32	OBC	32	SzSz r=1	-0.08988796930867929	-9.112793339594027e-5	0.9985420115269688	16.7706572707296	16.775494151115673	1.0815476118420217
32	OBC	2	hop up r=1	0.44408845128313273	0.44408845128313273	0.006921728930695332	1.0	19.52793518141048	1.0815476118420217
32	OBC	4	hop up r=1	0.44408845128313273	0.44408845128313273	0.1445742459156264	1.0	19.52793518141048	1.0815476118420217
32	OBC	8	hop up r=1	0.44408845128313273	0.01088213984129971	0.8418402990752022	19.180944306970627	19.52793518141048	1.0815476118420217
32	OBC	16	hop up r=1	0.44408845128313273	0.0034166832012395565	0.9811890639606509	19.463293450508953	19.52793518141048	1.0815476118420217
32	OBC	32	hop up r=1	0.44408845128313273	0.00036247567562658345	0.9985420115269688	19.523054903317927	19.52793518141048	1.0815476118420217
32	PBC	2	n	1.0000000535389135	5.353891308068626e-8	0.0029154563861998645	1.0000077707976238	1.0000001355936812	2.2788447660247044
32	PBC	4	n	1.0000000535389135	-1.1721887926974262e-7	0.06364034082384058	1.00000371606693	1.0000001355936812	2.2788447660247044
32	PBC	8	n	1.0000000535389135	5.4874524257897406e-8	0.3965458087468787	1.000001184589578	1.0000001355936812	2.2788447660247044
32	PBC	16	n	1.0000000535389135	1.2846952328615657e-6	0.633755695406946	1.0000004610974969	1.0000001355936812	2.2788447660247044
32	PBC	32	n	1.0000000535389135	2.7401451330177906e-8	0.8255151076843539	1.0000006478232977	1.0000001355936812	2.2788447660247044
32	PBC	2	Sz	-2.1588488412910278e-7	1.4650111221752027e-5	0.0029154563861998645	1.0000016328136254	0.9999999715409208	2.2788447660247044
32	PBC	4	Sz	-2.1588488412910278e-7	6.727093213802771e-6	0.06364034082384058	1.0000006063077935	0.9999999715409208	2.2788447660247044
32	PBC	8	Sz	-2.1588488412910278e-7	2.0340573625293734e-6	0.3965458087468787	1.0000002548491205	0.9999999715409208	2.2788447660247044
32	PBC	16	Sz	-2.1588488412910278e-7	1.6082328688285519e-6	0.633755695406946	1.0000014217883157	0.9999999715409208	2.2788447660247044
32	PBC	32	Sz	-2.1588488412910278e-7	9.93083375061543e-7	0.8255151076843539	1.0000001106954581	0.9999999715409208	2.2788447660247044
32	PBC	2	DoubleOcc	0.10030280714297102	0.10030280714297102	0.0029154563861998645	2.2327674833414264	26.437659639963474	2.2788447660247044
32	PBC	4	DoubleOcc	0.10030280714297102	0.047453419288707444	0.06364034082384058	7.915581091121913	26.437659639963474	2.2788447660247044
32	PBC	8	DoubleOcc	0.10030280714297102	0.008743893908312067	0.3965458087468787	25.064735309473093	26.437659639963474	2.2788447660247044
32	PBC	16	DoubleOcc	0.10030280714297102	0.005753866598428081	0.633755695406946	25.998055757876955	26.437659639963474	2.2788447660247044
32	PBC	32	DoubleOcc	0.10030280714297102	0.00073527584265487	0.8255151076843539	26.48908260986752	26.437659639963474	2.2788447660247044
32	PBC	2	ZZ onsite	-0.5987888785059414	0.401211121494059	0.0029154563861998645	2.2588420526923474	47.54146841592597	2.2788447660247044
32	PBC	4	ZZ onsite	-0.5987888785059414	0.18981391159258942	0.06364034082384058	8.868974343107219	47.54146841592597	2.2788447660247044
32	PBC	8	ZZ onsite	-0.5987888785059414	0.03497546588420364	0.3965458087468787	42.755461674480955	47.54146841592597	2.2788447660247044
32	PBC	16	ZZ onsite	-0.5987888785059414	0.023012897003245048	0.633755695406946	45.77897187546279	47.54146841592597	2.2788447660247044
32	PBC	32	ZZ onsite	-0.5987888785059414	0.002941048567718596	0.8255151076843539	47.66624054628135	47.54146841592597	2.2788447660247044
32	PBC	2	ZZ up-up r=1	-0.5154420155536814	-0.10921179752915278	0.0029154563861998645	12.7751833436423	31.507056879912845	2.2788447660247044
32	PBC	4	ZZ up-up r=1	-0.5154420155536814	-0.14529346546636746	0.06364034082384058	8.897181617198815	31.507056879912845	2.2788447660247044
32	PBC	8	ZZ up-up r=1	-0.5154420155536814	-0.003313741332637954	0.3965458087468787	31.351539913379	31.507056879912845	2.2788447660247044
32	PBC	16	ZZ up-up r=1	-0.5154420155536814	-0.02940010935912879	0.633755695406946	27.87241439883052	31.507056879912845	2.2788447660247044
32	PBC	32	ZZ up-up r=1	-0.5154420155536814	-0.008498167467713369	0.8255151076843539	30.959564699832896	31.507056879912845	2.2788447660247044
32	PBC	2	SzSz r=1	-0.10714462546066816	-0.005587070954536005	0.0029154563861998645	17.460938572048416	25.328202843181305	2.2788447660247044
32	PBC	4	SzSz r=1	-0.10714462546066816	-0.013221595072809428	0.06364034082384058	12.531967023811214	25.328202843181305	2.2788447660247044
32	PBC	8	SzSz r=1	-0.10714462546066816	-0.0005171196141462164	0.3965458087468787	25.312850941744728	25.328202843181305	2.2788447660247044
32	PBC	16	SzSz r=1	-0.10714462546066816	-0.004493093472691917	0.633755695406946	23.216718908904568	25.328202843181305	2.2788447660247044
32	PBC	32	SzSz r=1	-0.10714462546066816	-0.002141287364808564	0.8255151076843539	24.661867268269354	25.328202843181305	2.2788447660247044
32	PBC	2	hop up r=1	0.4880099743445316	0.4880099743445316	0.0029154563861998645	1.0	25.436222614051317	2.2788447660247044
32	PBC	4	hop up r=1	0.4880099743445316	0.4880099743445316	0.06364034082384058	1.0	25.436222614051317	2.2788447660247044
32	PBC	8	hop up r=1	0.4880099743445316	0.05317993944153626	0.3965458087468787	19.34500397040946	25.436222614051317	2.2788447660247044
32	PBC	16	hop up r=1	0.4880099743445316	0.028167004007285334	0.633755695406946	23.224431232821946	25.436222614051317	2.2788447660247044
32	PBC	32	hop up r=1	0.4880099743445316	0.010308974077791078	0.8255151076843539	25.03164762899027	25.436222614051317	2.2788447660247044
