U	prior	observable	pure	true	Delta	prior_fid	G_emp	G_theo	G_exact
4.0	UHF	ZZ onsite	true	-0.48883077851890333	-0.0244750545540951	NaN	44.18083647394778	27.01924056807192	27.019240568071826
4.0	UHF-sym	ZZ onsite	true	-0.48883077851890333	-0.024475054554095543	NaN	44.18083647394763	27.019240568071854	27.019240568071755
4.0	chi=8	ZZ onsite	true	-0.48883077851890333	0.13984240852892016	0.0551457409703955	9.320851970201087	8.802915059574246	8.802915059574236
4.0	chi=16	ZZ onsite	true	-0.48883077851890333	0.10261509408183722	0.21239989619208793	14.621864035923217	12.964716363349304	12.964716363349282
4.0	chi=32	ZZ onsite	true	-0.48883077851890333	0.033213331117499356	0.5748434916021535	37.42675353042221	25.60998084709962	25.609980847099532
4.0	chi=64	ZZ onsite	true	-0.48883077851890333	0.00920301347995861	0.8696457627327588	46.191638624827974	28.626477009659485	28.62647700965937
4.0	UHF	ZZ up-up y1	true	-0.3932382418635869	0.17859403476720392	NaN	3.2549023621195383	3.96430419665305	3.964304196653048
4.0	UHF-sym	ZZ up-up y1	true	-0.3932382418635869	-0.1310142372415607	NaN	5.7195241588134635	6.153560051988565	6.153560051988559
4.0	chi=8	ZZ up-up y1	true	-0.3932382418635869	0.24384974068406606	0.0551457409703955	2.0490199554991193	2.379867007405803	2.3798670074058026
4.0	chi=16	ZZ up-up y1	true	-0.3932382418635869	0.1082659529579938	0.21239989619208793	5.8150301857384505	7.731148922893347	7.731148922893337
4.0	chi=32	ZZ up-up y1	true	-0.3932382418635869	0.036345011795135884	0.5748434916021535	10.246603249630656	15.154841617506387	15.154841617506342
4.0	chi=64	ZZ up-up y1	true	-0.3932382418635869	0.009730922231345362	0.8696457627327588	11.565606662846754	17.08965166436507	17.089651664365014
4.0	UHF	ZZ up-up y2	true	0.2081718943510414	-0.25331908302641415	NaN	0.7798889350519372	0.721951462714285	0.7219514627142851
4.0	UHF-sym	ZZ up-up y2	true	0.2081718943510414	0.0543791247904401	NaN	4.202889756246723	3.9431290355384454	3.943129035538438
4.0	chi=8	ZZ up-up y2	true	0.2081718943510414	-0.17747317203648183	0.0551457409703955	1.4150706331971667	1.2801475239994031	1.2801475239994025
4.0	chi=16	ZZ up-up y2	true	0.2081718943510414	-0.06439761837504199	0.21239989619208793	4.2537743871636655	3.6284187635558385	3.628418763555832
4.0	chi=32	ZZ up-up y2	true	0.2081718943510414	-0.03002404378371587	0.5748434916021535	5.451934057557884	4.638065091963773	4.63806509196376
4.0	chi=64	ZZ up-up y2	true	0.2081718943510414	-0.009004507219904534	0.8696457627327588	5.783923927036788	4.988954826453824	4.988954826453812
4.0	UHF	ZZ up-up x1	true	-0.2863870658395192	0.29209143054643755	NaN	0.7985760900967916	0.9654988504370626	0.9654988504370626
4.0	UHF-sym	ZZ up-up x1	true	-0.2863870658395192	-0.017516841462325683	NaN	8.355971060525968	8.68380839646318	8.683808396463155
4.0	chi=8	ZZ up-up x1	true	-0.2863870658395192	0.1609957590834032	0.0551457409703955	2.031538436309981	2.547659518232755	2.5476595182327526
4.0	chi=16	ZZ up-up x1	true	-0.2863870658395192	0.057880486990934954	0.21239989619208793	5.438768205253646	6.751611711950241	6.751611711950225
4.0	chi=32	ZZ up-up x1	true	-0.2863870658395192	0.019982087857409125	0.5748434916021535	7.43109504591352	8.608969409846882	8.608969409846857
4.0	chi=64	ZZ up-up x1	true	-0.2863870658395192	-0.00015506553023597602	0.8696457627327588	8.171172212831907	8.941796621886848	8.941796621886821
4.0	UHF	DoubleOcc	false	0.1279977441096418	-0.005913324899158939	NaN	6.627580710853672	NaN	6.851692345236012
4.0	UHF-sym	DoubleOcc	false	0.1279977441096418	-0.005913324899158995	NaN	3.4134468382767764	NaN	3.347439940066232
4.0	chi=8	DoubleOcc	false	0.1279977441096418	0.03024165189123093	0.0551457409703955	5.428019393742679	NaN	5.309952029020894
4.0	chi=16	DoubleOcc	false	0.1279977441096418	0.02892831130432813	0.21239989619208793	10.897688198871109	NaN	9.707805571249054
4.0	chi=32	DoubleOcc	false	0.1279977441096418	0.008998686765793878	0.5748434916021535	26.957306517390997	NaN	19.98790010912629
4.0	chi=64	DoubleOcc	false	0.1279977441096418	0.0022843312694689477	0.8696457627327588	35.66277579474395	NaN	23.83171481610877
4.0	UHF	SzSz y-bond	false	-0.0846600146931249	0.0448634853813242	NaN	3.899831038850521	NaN	3.040965048132468
4.0	UHF-sym	SzSz y-bond	false	-0.0846600146931249	-0.03253858262086601	NaN	4.590430878378048	NaN	4.852468646979607
4.0	chi=8	SzSz y-bond	false	-0.0846600146931249	0.05554176186543769	0.0551457409703955	2.6380799389581013	NaN	2.137148382023313
4.0	chi=16	SzSz y-bond	false	-0.0846600146931249	0.027901797385183794	0.21239989619208793	7.515171498886002	NaN	5.841028997071201
4.0	chi=32	SzSz y-bond	false	-0.0846600146931249	0.00916798370381236	0.5748434916021535	15.125388697674833	NaN	12.38303198368435
4.0	chi=64	SzSz y-bond	false	-0.0846600146931249	0.002469575974777219	0.8696457627327588	15.724682382480342	NaN	14.159331904571657
4.0	UHF	SzSz x-bond	false	-0.06272797298359943	0.06762630456024558	NaN	0.8095180948384736	NaN	0.8796329560370446
4.0	UHF-sym	SzSz x-bond	false	-0.06272797298359943	-0.009775763441944633	NaN	6.022201048964185	NaN	6.590880196283397
4.0	chi=8	SzSz x-bond	false	-0.06272797298359943	0.047412527197480264	0.0551457409703955	1.4235210251398678	NaN	1.590798425431565
4.0	chi=16	SzSz x-bond	false	-0.06272797298359943	0.02062080358557561	0.21239989619208793	3.8184919711835987	NaN	4.466970581765882
4.0	chi=32	SzSz x-bond	false	-0.06272797298359943	0.007191529626121393	0.5748434916021535	6.055668610606167	NaN	7.131930465233056
4.0	chi=64	SzSz x-bond	false	-0.06272797298359943	0.0003646582750019417	0.8696457627327588	6.77060995611358	NaN	7.774674575053588
4.0	UHF	hop y-bond	false	0.3787353224058342	0.05089915498987929	NaN	11.455766469140542	NaN	12.894516860223241
4.0	UHF-sym	hop y-bond	false	0.3787353224058342	0.05089915498988001	NaN	11.455766469140473	NaN	12.89451686022316
4.0	chi=8	hop y-bond	false	0.3787353224058342	0.03259863199989005	0.0551457409703955	13.099087190368984	NaN	14.804972147661372
4.0	chi=16	hop y-bond	false	0.3787353224058342	-0.0031114839549446494	0.21239989619208793	14.891845876011597	NaN	16.488405932352155
4.0	chi=32	hop y-bond	false	0.3787353224058342	-0.009763555365882026	0.5748434916021535	14.87691651034027	NaN	16.337310807599263
4.0	chi=64	hop y-bond	false	0.3787353224058342	-0.0011400223419263389	0.8696457627327588	14.8724933269523	NaN	16.50334307378664
8.0	UHF	ZZ onsite	true	-0.7867325840897441	0.01162004551369411	NaN	248.38289261182325	140.94412294165338	140.94412294165235
8.0	UHF-sym	ZZ onsite	true	-0.7867325840897441	0.011620045513693444	NaN	248.38289261182314	140.94412294165386	140.94412294165284
8.0	chi=8	ZZ onsite	true	-0.7867325840897441	0.0996063172521151	0.2758503788412932	61.73232959865022	43.864298540475176	43.86429854047508
8.0	chi=16	ZZ onsite	true	-0.7867325840897441	0.05873970497540282	0.5397355697063397	132.7290813511116	80.55060066162534	80.55060066162503
8.0	chi=32	ZZ onsite	true	-0.7867325840897441	0.025448084862405462	0.7939281734822508	230.64150234263047	126.30312961419256	126.30312961419176
8.0	chi=64	ZZ onsite	true	-0.7867325840897441	0.008076414755980199	0.9393017297531042	247.34516423810885	143.20453999860007	143.20453999859902
8.0	UHF	ZZ up-up y1	true	-0.5084660789484805	0.33577365297669626	NaN	2.1927815383013995	2.204057729952507	2.204057729952507
8.0	UHF-sym	ZZ up-up y1	true	-0.5084660789484805	-0.1965264035289166	NaN	5.949237824917088	5.682624201158688	5.682624201158685
8.0	chi=8	ZZ up-up y1	true	-0.5084660789484805	0.15844443065029967	0.2758503788412932	8.268892411529002	7.97938475463683	7.979384754636826
8.0	chi=16	ZZ up-up y1	true	-0.5084660789484805	0.09274596681165748	0.5397355697063397	17.406417796540175	15.75134482557426	15.751344825574233
8.0	chi=32	ZZ up-up y1	true	-0.5084660789484805	0.0331634983158865	0.7939281734822508	35.41332482247943	28.267305482899786	28.2673054828997
8.0	chi=64	ZZ up-up y1	true	-0.5084660789484805	0.009298871024303157	0.9393017297531042	41.48611364534588	31.66608447134126	31.666084471341158
8.0	UHF	ZZ up-up y2	true	0.35606496077445754	-0.4407217906034557	NaN	0.7096290547064765	0.6694421250149069	0.669442125014907
8.0	UHF-sym	ZZ up-up y2	true	0.35606496077445754	0.090534219653643	NaN	9.125465099000685	7.580735857405495	7.580735857405484
8.0	chi=8	ZZ up-up y2	true	0.35606496077445754	-0.08922521717645743	0.2758503788412932	11.183415058436605	7.6810341623999605	7.68103416239995
8.0	chi=16	ZZ up-up y2	true	0.35606496077445754	-0.0716722524391194	0.5397355697063397	14.151667977029227	9.131040996896845	9.131040996896827
8.0	chi=32	ZZ up-up y2	true	0.35606496077445754	-0.024125979356516336	0.7939281734822508	23.590451873443886	13.127914071864561	13.127914071864522
8.0	chi=64	ZZ up-up y2	true	0.35606496077445754	-0.008638841657293006	0.9393017297531042	24.82232268007598	13.80091054981105	13.800910549811011
8.0	UHF	ZZ up-up x1	true	-0.4705731134077261	0.37593946789555155	NaN	1.1429806726543477	1.5337394115495473	1.5337394115495473
8.0	UHF-sym	ZZ up-up x1	true	-0.4705731134077261	-0.1563605886100648	NaN	7.935123832604883	6.932116293141257	6.932116293141251
8.0	chi=8	ZZ up-up x1	true	-0.4705731134077261	-0.00707934353303552	0.2758503788412932	18.818025570150482	26.132336716474924	26.13233671647483
8.0	chi=16	ZZ up-up x1	true	-0.4705731134077261	0.025699297655361275	0.5397355697063397	15.000528800507245	24.43904881816402	24.43904881816394
8.0	chi=32	ZZ up-up x1	true	-0.4705731134077261	-0.007499792788028703	0.7939281734822508	18.855069906916142	26.114164894272047	26.114164894271955
8.0	chi=64	ZZ up-up x1	true	-0.4705731134077261	-0.0048666911142729585	0.9393017297531042	18.61545572656526	26.210986455445976	26.210986455445884
8.0	UHF	DoubleOcc	false	0.05325967962990727	0.002847837030764938	NaN	16.16570141393221	NaN	10.446338712565746
8.0	UHF-sym	DoubleOcc	false	0.05325967962990727	0.0028478370307647716	NaN	6.814752804959419	NaN	5.115396337167553
8.0	chi=8	DoubleOcc	false	0.05325967962990727	0.026386075332740316	0.2758503788412932	39.75554547978104	NaN	27.125074071650523
8.0	chi=16	DoubleOcc	false	0.05325967962990727	0.013890285818568188	0.5397355697063397	74.07013819839783	NaN	48.76582729543936
8.0	chi=32	DoubleOcc	false	0.05325967962990727	0.006551058490115613	0.7939281734822508	108.2103011973639	NaN	79.19913284589802
8.0	chi=64	DoubleOcc	false	0.05325967962990727	0.0019347115879924381	0.9393017297531042	108.3167120893153	NaN	90.1294431330729
8.0	UHF	SzSz y-bond	false	-0.12117123444737304	0.08415281074370351	NaN	1.88400915194911	NaN	1.9968468696322375
8.0	UHF-sym	SzSz y-bond	false	-0.12117123444737304	-0.048922203382699425	NaN	5.304435932283888	NaN	5.172183482743756
8.0	chi=8	SzSz y-bond	false	-0.12117123444737304	0.03773731192769547	0.2758503788412932	7.132196935105864	NaN	7.693828278375468
8.0	chi=16	SzSz y-bond	false	-0.12117123444737304	0.022832943726337568	0.5397355697063397	12.906991398670977	NaN	14.166191594749824
8.0	chi=32	SzSz y-bond	false	-0.12117123444737304	0.008203206568004467	0.7939281734822508	22.783106566819324	NaN	24.50833526205871
8.0	chi=64	SzSz y-bond	false	-0.12117123444737304	0.0022653185053221475	0.9393017297531042	26.008113633837308	NaN	27.228632489010266
8.0	UHF	SzSz x-bond	false	-0.11201912397356903	0.09358902738976718	NaN	1.0272365919773352	NaN	1.4067547358145722
8.0	UHF-sym	SzSz x-bond	false	-0.11201912397356903	-0.039485986736633755	NaN	6.6383006396347195	NaN	6.134364035227136
8.0	chi=8	SzSz x-bond	false	-0.11201912397356903	0.005045163082094795	0.2758503788412932	11.519519892664343	NaN	21.206319578578956
8.0	chi=16	SzSz x-bond	false	-0.11201912397356903	0.008573851740063587	0.5397355697063397	10.585438629555048	NaN	19.925044210432965
8.0	chi=32	SzSz x-bond	false	-0.11201912397356903	-0.0007596996141938095	0.7939281734822508	13.316687184801605	NaN	22.49701612600444
8.0	chi=64	SzSz x-bond	false	-0.11201912397356903	-0.001017882803945963	0.9393017297531042	13.37339474862512	NaN	22.493287589985336
8.0	UHF	hop y-bond	false	0.24317017902627203	0.028957428888146258	NaN	9.209828927987198	NaN	6.299425504500279
8.0	UHF-sym	hop y-bond	false	0.24317017902627203	0.02895742888814648	NaN	9.209828927987179	NaN	6.299425504500271
8.0	chi=8	hop y-bond	false	0.24317017902627203	0.008881307215100553	0.2758503788412932	10.469521988725383	NaN	6.766737166502829
8.0	chi=16	hop y-bond	false	0.24317017902627203	0.002431233638053143	0.5397355697063397	10.651694632868287	NaN	6.815299439417078
8.0	chi=32	hop y-bond	false	0.24317017902627203	-0.000677533991455842	0.7939281734822508	10.690646559301682	NaN	6.818955860655374
8.0	chi=64	hop y-bond	false	0.24317017902627203	4.502086451102505e-5	0.9393017297531042	10.684516295807475	NaN	6.819262554870607
