U	doping	observable	chi_prior	true	absDelta	discarded_w	sens_s	alpha
2.0	0.0	n	2	1.0000000013119965	1.3119969555219768e-9	0.33792775044639434	6.0647775064123035e-9	0.3404955146789098
2.0	0.0	n	4	1.0000000013119965	8.275271579094579e-9	0.2132802895838659	6.0647775064123035e-9	0.3404955146789098
2.0	0.0	n	8	1.0000000013119965	3.004567039610606e-9	0.0243838125041006	6.0647775064123035e-9	0.3404955146789098
2.0	0.0	n	16	1.0000000013119965	5.134952463237141e-10	0.00838173897561878	6.0647775064123035e-9	0.3404955146789098
2.0	0.0	n	32	1.0000000013119965	1.186767129013333e-9	0.0013268683939176018	6.0647775064123035e-9	0.3404955146789098
2.0	0.0	n	64	1.0000000013119965	6.204727842629154e-10	0.00010988114050136666	6.0647775064123035e-9	0.3404955146789098
2.0	0.0	n	128	1.0000000013119965	5.128919511321328e-11	9.788297769763865e-6	6.0647775064123035e-9	0.3404955146789098
2.0	0.0	Sz	2	3.530029319548378e-8	3.806731480732184e-8	0.33792775044639434	7.245516021957715e-8	0.3304794871633395
2.0	0.0	Sz	4	3.530029319548378e-8	3.672711178237531e-8	0.2132802895838659	7.245516021957715e-8	0.3304794871633395
2.0	0.0	Sz	8	3.530029319548378e-8	2.759666192023169e-7	0.0243838125041006	7.245516021957715e-8	0.3304794871633395
2.0	0.0	Sz	16	3.530029319548378e-8	2.937929823032537e-9	0.00838173897561878	7.245516021957715e-8	0.3304794871633395
2.0	0.0	Sz	32	3.530029319548378e-8	3.4901786044594374e-9	0.0013268683939176018	7.245516021957715e-8	0.3304794871633395
2.0	0.0	Sz	64	3.530029319548378e-8	3.176199900312149e-9	0.00010988114050136666	7.245516021957715e-8	0.3304794871633395
2.0	0.0	Sz	128	3.530029319548378e-8	2.5690751956353175e-9	9.788297769763865e-6	7.245516021957715e-8	0.3304794871633395
2.0	0.0	DoubleOcc	2	0.1754299981336921	0.1754299981336921	0.33792775044639434	0.15776412792259054	1.1275317460257699
2.0	0.0	DoubleOcc	4	0.1754299981336921	0.004101732508212719	0.2132802895838659	0.15776412792259054	1.1275317460257699
2.0	0.0	DoubleOcc	8	0.1754299981336921	0.005910020407874722	0.0243838125041006	0.15776412792259054	1.1275317460257699
2.0	0.0	DoubleOcc	16	0.1754299981336921	0.0012128818103624983	0.00838173897561878	0.15776412792259054	1.1275317460257699
2.0	0.0	DoubleOcc	32	0.1754299981336921	0.00012642007772989405	0.0013268683939176018	0.15776412792259054	1.1275317460257699
2.0	0.0	DoubleOcc	64	0.1754299981336921	2.8697549475653616e-7	0.00010988114050136666	0.15776412792259054	1.1275317460257699
2.0	0.0	DoubleOcc	128	0.1754299981336921	2.0403167784732723e-6	9.788297769763865e-6	0.15776412792259054	1.1275317460257699
2.0	0.0	ZZ onsite	2	-0.2982800100892145	0.7017199899107851	0.33792775044639434	0.6310005972351005	1.1274872251369865
2.0	0.0	ZZ onsite	4	-0.2982800100892145	0.01640694658339731	0.2132802895838659	0.6310005972351005	1.1274872251369865
2.0	0.0	ZZ onsite	8	-0.2982800100892145	0.023640087640628027	0.0243838125041006	0.6310005972351005	1.1274872251369865
2.0	0.0	ZZ onsite	16	-0.2982800100892145	0.004851526214470492	0.00838173897561878	0.6310005972351005	1.1274872251369865
2.0	0.0	ZZ onsite	32	-0.2982800100892145	0.0005056779373752152	0.0013268683939176018	0.6310005972351005	1.1274872251369865
2.0	0.0	ZZ onsite	64	-0.2982800100892145	1.149142914158574e-6	0.00010988114050136666	0.6310005972351005	1.1274872251369865
2.0	0.0	ZZ onsite	128	-0.2982800100892145	8.161369704662302e-6	9.788297769763865e-6	0.6310005972351005	1.1274872251369865
2.0	0.0	ZZ up-up r=1	2	-0.40157432273460886	0.40157432273461013	0.33792775044639434	0.9339869103609666	0.7896992231392894
2.0	0.0	ZZ up-up r=1	4	-0.40157432273460886	0.3200885627561797	0.2132802895838659	0.9339869103609666	0.7896992231392894
2.0	0.0	ZZ up-up r=1	8	-0.40157432273460886	0.05004663761924405	0.0243838125041006	0.9339869103609666	0.7896992231392894
2.0	0.0	ZZ up-up r=1	16	-0.40157432273460886	0.014271799512014793	0.00838173897561878	0.9339869103609666	0.7896992231392894
2.0	0.0	ZZ up-up r=1	32	-0.40157432273460886	0.005222544341690172	0.0013268683939176018	0.9339869103609666	0.7896992231392894
2.0	0.0	ZZ up-up r=1	64	-0.40157432273460886	0.0009877302982503888	0.00010988114050136666	0.9339869103609666	0.7896992231392894
2.0	0.0	ZZ up-up r=1	128	-0.40157432273460886	8.84910920948001e-5	9.788297769763865e-6	0.9339869103609666	0.7896992231392894
2.0	0.0	SzSz r=1	2	-0.06864846553886442	0.06864846553886475	0.33792775044639434	0.15898276537145528	0.78406622589939
2.0	0.0	SzSz r=1	4	-0.06864846553886442	0.06864846553886762	0.2132802895838659	0.15898276537145528	0.78406622589939
2.0	0.0	SzSz r=1	8	-0.06864846553886442	0.006352713134301725	0.0243838125041006	0.15898276537145528	0.78406622589939
2.0	0.0	SzSz r=1	16	-0.06864846553886442	0.0022834959771925734	0.00838173897561878	0.15898276537145528	0.78406622589939
2.0	0.0	SzSz r=1	32	-0.06864846553886442	0.001087254319718567	0.0013268683939176018	0.15898276537145528	0.78406622589939
2.0	0.0	SzSz r=1	64	-0.06864846553886442	0.00018075371561862563	0.00010988114050136666	0.15898276537145528	0.78406622589939
2.0	0.0	SzSz r=1	128	-0.06864846553886442	1.603534924282668e-5	9.788297769763865e-6	0.15898276537145528	0.78406622589939
2.0	0.0	hop up r=1	2	0.5684143171954432	0.5684143171954432	0.33792775044639434	0.9517021811767576	0.8852476197048211
2.0	0.0	hop up r=1	4	0.5684143171954432	0.24110977124779032	0.2132802895838659	0.9517021811767576	0.8852476197048211
2.0	0.0	hop up r=1	8	0.5684143171954432	0.02529082722858178	0.0243838125041006	0.9517021811767576	0.8852476197048211
2.0	0.0	hop up r=1	16	0.5684143171954432	0.008717481855293197	0.00838173897561878	0.9517021811767576	0.8852476197048211
2.0	0.0	hop up r=1	32	0.5684143171954432	0.003113971067679855	0.0013268683939176018	0.9517021811767576	0.8852476197048211
2.0	0.0	hop up r=1	64	0.5684143171954432	0.0003612803813345389	0.00010988114050136666	0.9517021811767576	0.8852476197048211
2.0	0.0	hop up r=1	128	0.5684143171954432	3.58547404020193e-5	9.788297769763865e-6	0.9517021811767576	0.8852476197048211
2.0	0.125	n	2	0.8730938710734485	0.12690612892655861	0.43134178255888633	0.21401478139747868	1.122812595533263
2.0	0.125	n	4	0.8730938710734485	0.02219299781155426	0.25326888216165944	0.21401478139747868	1.122812595533263
2.0	0.125	n	8	0.8730938710734485	0.012370444912417455	0.06866612263390082	0.21401478139747868	1.122812595533263
2.0	0.125	n	16	0.8730938710734485	0.004427409866331056	0.01706350720691896	0.21401478139747868	1.122812595533263
2.0	0.125	n	32	0.8730938710734485	0.0003508088412541577	0.0041461650876735145	0.21401478139747868	1.122812595533263
2.0	0.125	n	64	0.8730938710734485	2.058024942641623e-5	0.0004937286283576148	0.21401478139747868	1.122812595533263
2.0	0.125	n	128	0.8730938710734485	3.780733983438367e-6	4.0635411095668594e-5	0.21401478139747868	1.122812595533263
2.0	0.125	Sz	2	-2.2387748042917988e-7	3.19319459201467e-5	0.43134178255888633	0.006654935348014064	0.9395343962397128
2.0	0.125	Sz	4	-2.2387748042917988e-7	0.023876630658412334	0.25326888216165944	0.006654935348014064	0.9395343962397128
2.0	0.125	Sz	8	-2.2387748042917988e-7	0.002546249673252024	0.06866612263390082	0.006654935348014064	0.9395343962397128
2.0	0.125	Sz	16	-2.2387748042917988e-7	0.0013610799855834632	0.01706350720691896	0.006654935348014064	0.9395343962397128
2.0	0.125	Sz	32	-2.2387748042917988e-7	6.456323257941765e-5	0.0041461650876735145	0.006654935348014064	0.9395343962397128
2.0	0.125	Sz	64	-2.2387748042917988e-7	2.348369619875612e-7	0.0004937286283576148	0.006654935348014064	0.9395343962397128
2.0	0.125	Sz	128	-2.2387748042917988e-7	1.0749701087747754e-6	4.0635411095668594e-5	0.006654935348014064	0.9395343962397128
2.0	0.125	DoubleOcc	2	0.12871275666329554	0.1287127566632925	0.43134178255888633	0.12296695509206323	1.1469419993076602
2.0	0.125	DoubleOcc	4	0.12871275666329554	0.01071860403650278	0.25326888216165944	0.12296695509206323	1.1469419993076602
2.0	0.125	DoubleOcc	8	0.12871275666329554	0.002183190943734342	0.06866612263390082	0.12296695509206323	1.1469419993076602
2.0	0.125	DoubleOcc	16	0.12871275666329554	0.002898037271687165	0.01706350720691896	0.12296695509206323	1.1469419993076602
2.0	0.125	DoubleOcc	32	0.12871275666329554	0.00012949706198958633	0.0041461650876735145	0.12296695509206323	1.1469419993076602
2.0	0.125	DoubleOcc	64	0.12871275666329554	5.119293685570958e-5	0.0004937286283576148	0.12296695509206323	1.1469419993076602
2.0	0.125	DoubleOcc	128	0.12871275666329554	6.920921793440726e-7	4.0635411095668594e-5	0.12296695509206323	1.1469419993076602
2.0	0.125	ZZ onsite	2	-0.23133671549370974	0.7686632845062881	0.43134178255888633	0.10931172987830029	0.9355343285365031
2.0	0.125	ZZ onsite	4	-0.23133671549370974	0.001511579477102537	0.25326888216165944	0.10931172987830029	0.9355343285365031
2.0	0.125	ZZ onsite	8	-0.23133671549370974	0.016008126049899346	0.06866612263390082	0.10931172987830029	0.9355343285365031
2.0	0.125	ZZ onsite	16	-0.23133671549370974	0.0027373293540895183	0.01706350720691896	0.10931172987830029	0.9355343285365031
2.0	0.125	ZZ onsite	32	-0.23133671549370974	0.0001836294345544387	0.0041461650876735145	0.10931172987830029	0.9355343285365031
2.0	0.125	ZZ onsite	64	-0.23133671549370974	0.00016361124856226206	0.0004937286283576148	0.10931172987830029	0.9355343285365031
2.0	0.125	ZZ onsite	128	-0.23133671549370974	1.0329836679839888e-5	4.0635411095668594e-5	0.10931172987830029	0.9355343285365031
2.0	0.125	ZZ up-up r=1	2	-0.37266071557376373	0.37266071316726535	0.43134178255888633	0.7252379620244479	0.7850296298941329
2.0	0.125	ZZ up-up r=1	4	-0.37266071557376373	0.2821471462510301	0.25326888216165944	0.7252379620244479	0.7850296298941329
2.0	0.125	ZZ up-up r=1	8	-0.37266071557376373	0.14987300285535132	0.06866612263390082	0.7252379620244479	0.7850296298941329
2.0	0.125	ZZ up-up r=1	16	-0.37266071557376373	0.012162086179706322	0.01706350720691896	0.7252379620244479	0.7850296298941329
2.0	0.125	ZZ up-up r=1	32	-0.37266071557376373	0.010666564442570636	0.0041461650876735145	0.7252379620244479	0.7850296298941329
2.0	0.125	ZZ up-up r=1	64	-0.37266071557376373	0.0018114782127667262	0.0004937286283576148	0.7252379620244479	0.7850296298941329
2.0	0.125	ZZ up-up r=1	128	-0.37266071557376373	0.000306031017617614	4.0635411095668594e-5	0.7252379620244479	0.7850296298941329
2.0	0.125	SzSz r=1	2	-0.06433903868386275	0.06433903808223891	0.43134178255888633	0.11854222561132371	0.7749139144000379
2.0	0.125	SzSz r=1	4	-0.06433903868386275	0.060892124995232035	0.25326888216165944	0.11854222561132371	0.7749139144000379
2.0	0.125	SzSz r=1	8	-0.06433903868386275	0.015398494643124497	0.06866612263390082	0.11854222561132371	0.7749139144000379
2.0	0.125	SzSz r=1	16	-0.06433903868386275	0.0020931728677897193	0.01706350720691896	0.11854222561132371	0.7749139144000379
2.0	0.125	SzSz r=1	32	-0.06433903868386275	0.0020642744844982797	0.0041461650876735145	0.11854222561132371	0.7749139144000379
2.0	0.125	SzSz r=1	64	-0.06433903868386275	0.00036488745287500957	0.0004937286283576148	0.11854222561132371	0.7749139144000379
2.0	0.125	SzSz r=1	128	-0.06433903868386275	5.1426931442388746e-5	4.0635411095668594e-5	0.11854222561132371	0.7749139144000379
2.0	0.125	hop up r=1	2	0.5806364838607591	0.5806364838607426	0.43134178255888633	0.8425469645868277	0.9012724830987033
2.0	0.125	hop up r=1	4	0.5806364838607591	0.26129640245215635	0.25326888216165944	0.8425469645868277	0.9012724830987033
2.0	0.125	hop up r=1	8	0.5806364838607591	0.074806043804855	0.06866612263390082	0.8425469645868277	0.9012724830987033
2.0	0.125	hop up r=1	16	0.5806364838607591	0.011377857741167285	0.01706350720691896	0.8425469645868277	0.9012724830987033
2.0	0.125	hop up r=1	32	0.5806364838607591	0.0054652462936806145	0.0041461650876735145	0.8425469645868277	0.9012724830987033
2.0	0.125	hop up r=1	64	0.5806364838607591	0.0009450636796384249	0.0004937286283576148	0.8425469645868277	0.9012724830987033
2.0	0.125	hop up r=1	128	0.5806364838607591	0.00011529258231046668	4.0635411095668594e-5	0.8425469645868277	0.9012724830987033
4.0	0.0	n	2	1.0000000000468556	4.6856296620489957e-11	0.23938401852971525	2.6837689443319494e-10	0.19877830502904564
4.0	0.0	n	4	1.0000000000468556	6.006750652431947e-10	0.11912585595313585	2.6837689443319494e-10	0.19877830502904564
4.0	0.0	n	8	1.0000000000468556	3.422884198300835e-11	0.007970173455564167	2.6837689443319494e-10	0.19877830502904564
4.0	0.0	n	16	1.0000000000468556	4.861523406063384e-10	0.0011670343976800668	2.6837689443319494e-10	0.19877830502904564
4.0	0.0	n	32	1.0000000000468556	5.937272895550905e-11	0.00022166736816697785	2.6837689443319494e-10	0.19877830502904564
4.0	0.0	n	64	1.0000000000468556	1.6081580511695392e-11	1.0580331630150042e-5	2.6837689443319494e-10	0.19877830502904564
4.0	0.0	n	128	1.0000000000468556	1.0431433494773046e-11	2.576866485748397e-7	2.6837689443319494e-10	0.19877830502904564
4.0	0.0	Sz	2	-2.926025921556885e-9	5.858821497395361e-9	0.23938401852971525	7.431965004715882e-9	0.34004560375370235
4.0	0.0	Sz	4	-2.926025921556885e-9	7.471853316620702e-9	0.11912585595313585	7.431965004715882e-9	0.34004560375370235
4.0	0.0	Sz	8	-2.926025921556885e-9	5.736374431020153e-10	0.007970173455564167	7.431965004715882e-9	0.34004560375370235
4.0	0.0	Sz	16	-2.926025921556885e-9	4.930553049176112e-10	0.0011670343976800668	7.431965004715882e-9	0.34004560375370235
4.0	0.0	Sz	32	-2.926025921556885e-9	3.5549819685232187e-10	0.00022166736816697785	7.431965004715882e-9	0.34004560375370235
4.0	0.0	Sz	64	-2.926025921556885e-9	2.1386815582391527e-10	1.0580331630150042e-5	7.431965004715882e-9	0.34004560375370235
4.0	0.0	Sz	128	-2.926025921556885e-9	5.160097349410364e-11	2.576866485748397e-7	7.431965004715882e-9	0.34004560375370235
4.0	0.0	DoubleOcc	2	0.10024959535821934	0.10024959535821934	0.23938401852971525	0.1275238476181245	0.9064517529870886
4.0	0.0	DoubleOcc	4	0.10024959535821934	0.043182644868183684	0.11912585595313585	0.1275238476181245	0.9064517529870886
4.0	0.0	DoubleOcc	8	0.10024959535821934	7.810122859872037e-5	0.007970173455564167	0.1275238476181245	0.9064517529870886
4.0	0.0	DoubleOcc	16	0.10024959535821934	0.0005596378851310257	0.0011670343976800668	0.1275238476181245	0.9064517529870886
4.0	0.0	DoubleOcc	32	0.10024959535821934	4.836570016913955e-5	0.00022166736816697785	0.1275238476181245	0.9064517529870886
4.0	0.0	DoubleOcc	64	0.10024959535821934	5.948602349259424e-6	1.0580331630150042e-5	0.1275238476181245	0.9064517529870886
4.0	0.0	DoubleOcc	128	0.10024959535821934	1.7663034254655763e-7	2.576866485748397e-7	0.1275238476181245	0.9064517529870886
4.0	0.0	ZZ onsite	2	-0.5990016186608315	0.4009983813391679	0.23938401852971525	0.5100991435200294	0.9064533865335285
4.0	0.0	ZZ onsite	4	-0.5990016186608315	0.17273058067408287	0.11912585595313585	0.5100991435200294	0.9064533865335285
4.0	0.0	ZZ onsite	8	-0.5990016186608315	0.000312404982860115	0.007970173455564167	0.5100991435200294	0.9064533865335285
4.0	0.0	ZZ onsite	16	-0.5990016186608315	0.002238550568219866	0.0011670343976800668	0.5100991435200294	0.9064533865335285
4.0	0.0	ZZ onsite	32	-0.5990016186608315	0.00019346291941979565	0.00022166736816697785	0.5100991435200294	0.9064533865335285
4.0	0.0	ZZ onsite	64	-0.5990016186608315	2.3794377231434183e-5	1.0580331630150042e-5	0.5100991435200294	0.9064533865335285
4.0	0.0	ZZ onsite	128	-0.5990016186608315	7.065005066531072e-7	2.576866485748397e-7	0.5100991435200294	0.9064533865335285
4.0	0.0	ZZ up-up r=1	2	-0.46213727439215274	0.08514824532195259	0.23938401852971525	0.5744588194232539	0.7488045501330878
4.0	0.0	ZZ up-up r=1	4	-0.46213727439215274	0.1448792258682327	0.11912585595313585	0.5744588194232539	0.7488045501330878
4.0	0.0	ZZ up-up r=1	8	-0.46213727439215274	0.016573896378821784	0.007970173455564167	0.5744588194232539	0.7488045501330878
4.0	0.0	ZZ up-up r=1	16	-0.46213727439215274	0.008628504163353312	0.0011670343976800668	0.5744588194232539	0.7488045501330878
4.0	0.0	ZZ up-up r=1	32	-0.46213727439215274	0.0010681370221913844	0.00022166736816697785	0.5744588194232539	0.7488045501330878
4.0	0.0	ZZ up-up r=1	64	-0.46213727439215274	0.00012842548446501123	1.0580331630150042e-5	0.5744588194232539	0.7488045501330878
4.0	0.0	ZZ up-up r=1	128	-0.46213727439215274	4.080902855974067e-6	2.576866485748397e-7	0.5744588194232539	0.7488045501330878
4.0	0.0	SzSz r=1	2	-0.09553807595445897	0.0012908186869089316	0.23938401852971525	0.03073232560064001	0.6348257282316925
4.0	0.0	SzSz r=1	4	-0.09553807595445897	0.014999505212762596	0.11912585595313585	0.03073232560064001	0.6348257282316925
4.0	0.0	SzSz r=1	8	-0.09553807595445897	0.004168881739811697	0.007970173455564167	0.03073232560064001	0.6348257282316925
4.0	0.0	SzSz r=1	16	-0.09553807595445897	0.0012554137031063756	0.0011670343976800668	0.03073232560064001	0.6348257282316925
4.0	0.0	SzSz r=1	32	-0.09553807595445897	0.00020206354531199233	0.00022166736816697785	0.03073232560064001	0.6348257282316925
4.0	0.0	SzSz r=1	64	-0.09553807595445897	2.410463314481137e-5	1.0580331630150042e-5	0.03073232560064001	0.6348257282316925
4.0	0.0	SzSz r=1	128	-0.09553807595445897	7.651905077898924e-7	2.576866485748397e-7	0.03073232560064001	0.6348257282316925
4.0	0.0	hop up r=1	2	0.45850824523753786	0.45850824523753786	0.23938401852971525	1.9771758668894717	0.9180152718734917
4.0	0.0	hop up r=1	4	0.45850824523753786	0.45850824523753786	0.11912585595313585	1.9771758668894717	0.9180152718734917
4.0	0.0	hop up r=1	8	0.45850824523753786	0.01473094337668518	0.007970173455564167	1.9771758668894717	0.9180152718734917
4.0	0.0	hop up r=1	16	0.45850824523753786	0.005007221553729069	0.0011670343976800668	1.9771758668894717	0.9180152718734917
4.0	0.0	hop up r=1	32	0.45850824523753786	0.0006698253167832235	0.00022166736816697785	1.9771758668894717	0.9180152718734917
4.0	0.0	hop up r=1	64	0.45850824523753786	5.897030687934679e-5	1.0580331630150042e-5	1.9771758668894717	0.9180152718734917
4.0	0.0	hop up r=1	128	0.45850824523753786	1.8923770974677012e-6	2.576866485748397e-7	1.9771758668894717	0.9180152718734917
4.0	0.125	n	2	0.8728985612191981	0.1271014387810817	0.40617262357283235	0.21217967752476896	1.1599267408539955
4.0	0.125	n	4	0.8728985612191981	0.01049796605686426	0.25555025074888094	0.21217967752476896	1.1599267408539955
4.0	0.125	n	8	0.8728985612191981	0.01486505014382622	0.05629885972780402	0.21217967752476896	1.1599267408539955
4.0	0.125	n	16	0.8728985612191981	0.004173237421772336	0.01666189404718499	0.21217967752476896	1.1599267408539955
4.0	0.125	n	32	0.8728985612191981	0.0002785069880283375	0.003579103315949128	0.21217967752476896	1.1599267408539955
4.0	0.125	n	64	0.8728985612191981	1.1243066151744863e-5	0.00040451515679484906	0.21217967752476896	1.1599267408539955
4.0	0.125	n	128	0.8728985612191981	1.886924465455131e-6	3.4812756293023384e-5	0.21217967752476896	1.1599267408539955
4.0	0.125	Sz	2	-1.9842469593800427e-7	7.0866555753335e-6	0.40617262357283235	0.0007062551346727312	0.5624437376520119
4.0	0.125	Sz	4	-1.9842469593800427e-7	0.012786452544340413	0.25555025074888094	0.0007062551346727312	0.5624437376520119
4.0	0.125	Sz	8	-1.9842469593800427e-7	0.00020395695685795912	0.05629885972780402	0.0007062551346727312	0.5624437376520119
4.0	0.125	Sz	16	-1.9842469593800427e-7	0.0001696991998527686	0.01666189404718499	0.0007062551346727312	0.5624437376520119
4.0	0.125	Sz	32	-1.9842469593800427e-7	1.928750217666808e-5	0.003579103315949128	0.0007062551346727312	0.5624437376520119
4.0	0.125	Sz	64	-1.9842469593800427e-7	7.260771477682337e-6	0.00040451515679484906	0.0007062551346727312	0.5624437376520119
4.0	0.125	Sz	128	-1.9842469593800427e-7	1.786387849728177e-6	3.4812756293023384e-5	0.0007062551346727312	0.5624437376520119
4.0	0.125	DoubleOcc	2	0.07806149098730747	0.07806149098702866	0.40617262357283235	0.016739930046813036	0.8126951186581145
4.0	0.125	DoubleOcc	4	0.07806149098730747	0.00040938899248328664	0.25555025074888094	0.016739930046813036	0.8126951186581145
4.0	0.125	DoubleOcc	8	0.07806149098730747	0.006782348350397052	0.05629885972780402	0.016739930046813036	0.8126951186581145
4.0	0.125	DoubleOcc	16	0.07806149098730747	9.453432186648514e-5	0.01666189404718499	0.016739930046813036	0.8126951186581145
4.0	0.125	DoubleOcc	32	0.07806149098730747	0.0002736586900445037	0.003579103315949128	0.016739930046813036	0.8126951186581145
4.0	0.125	DoubleOcc	64	0.07806149098730747	3.6549821848100295e-5	0.00040451515679484906	0.016739930046813036	0.8126951186581145
4.0	0.125	DoubleOcc	128	0.07806149098730747	4.223464038263791e-6	3.4812756293023384e-5	0.016739930046813036	0.8126951186581145
4.0	0.125	ZZ onsite	2	-0.43355115848915493	0.5664488415102883	0.40617262357283235	0.4512372633996506	0.9937444539319396
4.0	0.125	ZZ onsite	4	-0.43355115848915493	0.01935837614380559	0.25555025074888094	0.4512372633996506	0.9937444539319396
4.0	0.125	ZZ onsite	8	-0.43355115848915493	0.0568594936892462	0.05629885972780402	0.4512372633996506	0.9937444539319396
4.0	0.125	ZZ onsite	16	-0.43355115848915493	0.008724612131017273	0.01666189404718499	0.4512372633996506	0.9937444539319396
4.0	0.125	ZZ onsite	32	-0.43355115848915493	0.0016516487362499	0.003579103315949128	0.4512372633996506	0.9937444539319396
4.0	0.125	ZZ onsite	64	-0.43355115848915493	0.00012371315508924452	0.00040451515679484906	0.4512372633996506	0.9937444539319396
4.0	0.125	ZZ onsite	128	-0.43355115848915493	2.0667705092736188e-5	3.4812756293023384e-5	0.4512372633996506	0.9937444539319396
4.0	0.125	ZZ up-up r=1	2	-0.395471841892087	0.39547184225635595	0.40617262357283235	0.5900571945496004	0.7884574884407807
4.0	0.125	ZZ up-up r=1	4	-0.395471841892087	0.3198979456032242	0.25555025074888094	0.5900571945496004	0.7884574884407807
4.0	0.125	ZZ up-up r=1	8	-0.395471841892087	0.05795928727003907	0.05629885972780402	0.5900571945496004	0.7884574884407807
4.0	0.125	ZZ up-up r=1	16	-0.395471841892087	0.007278772145317747	0.01666189404718499	0.5900571945496004	0.7884574884407807
4.0	0.125	ZZ up-up r=1	32	-0.395471841892087	0.007523682766356454	0.003579103315949128	0.5900571945496004	0.7884574884407807
4.0	0.125	ZZ up-up r=1	64	-0.395471841892087	0.001345505565612748	0.00040451515679484906	0.5900571945496004	0.7884574884407807
4.0	0.125	ZZ up-up r=1	128	-0.395471841892087	0.00024070479788157462	3.4812756293023384e-5	0.5900571945496004	0.7884574884407807
4.0	0.125	SzSz r=1	2	-0.080638824578304	0.08063882466944094	0.40617262357283235	0.11885655461102389	0.7911239767325182
4.0	0.125	SzSz r=1	4	-0.080638824578304	0.07923860469179436	0.25555025074888094	0.11885655461102389	0.7911239767325182
4.0	0.125	SzSz r=1	8	-0.080638824578304	0.005012347177437121	0.05629885972780402	0.11885655461102389	0.7911239767325182
4.0	0.125	SzSz r=1	16	-0.080638824578304	0.0026664919327904074	0.01666189404718499	0.11885655461102389	0.7911239767325182
4.0	0.125	SzSz r=1	32	-0.080638824578304	0.0015693159011408164	0.003579103315949128	0.11885655461102389	0.7911239767325182
4.0	0.125	SzSz r=1	64	-0.080638824578304	0.00028699434841338023	0.00040451515679484906	0.11885655461102389	0.7911239767325182
4.0	0.125	SzSz r=1	128	-0.080638824578304	4.166877965004756e-5	3.4812756293023384e-5	0.11885655461102389	0.7911239767325182
4.0	0.125	hop up r=1	2	0.5059601562657664	0.5059601562638736	0.40617262357283235	0.8114685984218644	0.8709744067326071
4.0	0.125	hop up r=1	4	0.5059601562657664	0.2380759321540254	0.25555025074888094	0.8114685984218644	0.8709744067326071
4.0	0.125	hop up r=1	8	0.5059601562657664	0.07170645845374274	0.05629885972780402	0.8114685984218644	0.8709744067326071
4.0	0.125	hop up r=1	16	0.5059601562657664	0.013743392733871096	0.01666189404718499	0.8114685984218644	0.8709744067326071
4.0	0.125	hop up r=1	32	0.5059601562657664	0.005891088060017258	0.003579103315949128	0.8114685984218644	0.8709744067326071
4.0	0.125	hop up r=1	64	0.5059601562657664	0.000927245346657557	0.00040451515679484906	0.8114685984218644	0.8709744067326071
4.0	0.125	hop up r=1	128	0.5059601562657664	0.00012306418185636936	3.4812756293023384e-5	0.8114685984218644	0.8709744067326071
8.0	0.0	n	2	1.0000000000005478	5.511147094239277e-13	0.18530490847353231	5.1907191476143597e-11	0.19917863970177327
8.0	0.0	n	4	1.0000000000005478	1.2907852564580935e-10	0.04247323248698254	5.1907191476143597e-11	0.19917863970177327
8.0	0.0	n	8	1.0000000000005478	1.1389178489196183e-10	0.0066445279520820355	5.1907191476143597e-11	0.19917863970177327
8.0	0.0	n	16	1.0000000000005478	2.8029134568896552e-11	0.0004486212367897924	5.1907191476143597e-11	0.19917863970177327
8.0	0.0	n	32	1.0000000000005478	2.407785082425562e-11	6.18704900271494e-5	5.1907191476143597e-11	0.19917863970177327
8.0	0.0	n	64	1.0000000000005478	8.12039324671332e-12	1.225202845289708e-6	5.1907191476143597e-11	0.19917863970177327
8.0	0.0	n	128	1.0000000000005478	1.8895995879120164e-13	1.70220024742207e-8	5.1907191476143597e-11	0.19917863970177327
8.0	0.0	Sz	2	-4.687017660792714e-8	2.8448353860122122e-8	0.18530490847353231	7.922815249907657e-8	0.4852714998914425
8.0	0.0	Sz	4	-4.687017660792714e-8	2.4294440702232745e-8	0.04247323248698254	7.922815249907657e-8	0.4852714998914425
8.0	0.0	Sz	8	-4.687017660792714e-8	1.3250555600669012e-8	0.0066445279520820355	7.922815249907657e-8	0.4852714998914425
8.0	0.0	Sz	16	-4.687017660792714e-8	1.875537510021008e-9	0.0004486212367897924	7.922815249907657e-8	0.4852714998914425
8.0	0.0	Sz	32	-4.687017660792714e-8	1.9602040129962361e-10	6.18704900271494e-5	7.922815249907657e-8	0.4852714998914425
8.0	0.0	Sz	64	-4.687017660792714e-8	1.2179442870907664e-10	1.225202845289708e-6	7.922815249907657e-8	0.4852714998914425
8.0	0.0	Sz	128	-4.687017660792714e-8	1.9755325847414795e-11	1.70220024742207e-8	7.922815249907657e-8	0.4852714998914425
8.0	0.0	DoubleOcc	2	0.036643397276844625	0.036643397276844625	0.18530490847353231	0.19173537080082656	0.917279442563576
8.0	0.0	DoubleOcc	4	0.036643397276844625	0.018621524698429953	0.04247323248698254	0.19173537080082656	0.917279442563576
8.0	0.0	DoubleOcc	8	0.036643397276844625	0.0027570009527107253	0.0066445279520820355	0.19173537080082656	0.917279442563576
8.0	0.0	DoubleOcc	16	0.036643397276844625	5.205504246302839e-5	0.0004486212367897924	0.19173537080082656	0.917279442563576
8.0	0.0	DoubleOcc	32	0.036643397276844625	2.715249859600033e-5	6.18704900271494e-5	0.19173537080082656	0.917279442563576
8.0	0.0	DoubleOcc	64	0.036643397276844625	7.613756103364011e-7	1.225202845289708e-6	0.19173537080082656	0.917279442563576
8.0	0.0	DoubleOcc	128	0.036643397276844625	1.8390202694007485e-8	1.70220024742207e-8	0.19173537080082656	0.917279442563576
8.0	0.0	ZZ onsite	2	-0.8534264108937024	0.14657358910629426	0.18530490847353231	0.7669421899162508	0.9172795338502312
8.0	0.0	ZZ onsite	4	-0.8534264108937024	0.07448609853557697	0.04247323248698254	0.7669421899162508	0.9172795338502312
8.0	0.0	ZZ onsite	8	-0.8534264108937024	0.011028003583072543	0.0066445279520820355	0.7669421899162508	0.9172795338502312
8.0	0.0	ZZ onsite	16	-0.8534264108937024	0.00020822022592148492	0.0004486212367897924	0.7669421899162508	0.9172795338502312
8.0	0.0	ZZ onsite	32	-0.8534264108937024	0.00010861004255191542	6.18704900271494e-5	0.7669421899162508	0.9172795338502312
8.0	0.0	ZZ onsite	64	-0.8534264108937024	3.045518692124105e-6	1.225202845289708e-6	0.7669421899162508	0.9172795338502312
8.0	0.0	ZZ onsite	128	-0.8534264108937024	7.356044751105628e-8	1.70220024742207e-8	0.7669421899162508	0.9172795338502312
8.0	0.0	ZZ up-up r=1	2	-0.5132987272487417	0.09663713220747688	0.18530490847353231	0.6975967296203219	0.8168239688214632
8.0	0.0	ZZ up-up r=1	4	-0.5132987272487417	0.05856410331768791	0.04247323248698254	0.6975967296203219	0.8168239688214632
8.0	0.0	ZZ up-up r=1	8	-0.5132987272487417	0.012339760163614377	0.0066445279520820355	0.6975967296203219	0.8168239688214632
8.0	0.0	ZZ up-up r=1	16	-0.5132987272487417	0.0015989423807915015	0.0004486212367897924	0.6975967296203219	0.8168239688214632
8.0	0.0	ZZ up-up r=1	32	-0.5132987272487417	0.0004226826500661751	6.18704900271494e-5	0.6975967296203219	0.8168239688214632
8.0	0.0	ZZ up-up r=1	64	-0.5132987272487417	1.319535642263503e-5	1.225202845289708e-6	0.6975967296203219	0.8168239688214632
8.0	0.0	ZZ up-up r=1	128	-0.5132987272487417	1.8466692386365224e-7	1.70220024742207e-8	0.6975967296203219	0.8168239688214632
8.0	0.0	SzSz r=1	2	-0.12019660283339507	0.01603120407307887	0.18530490847353231	0.11762526171012003	0.8138582096625706
8.0	0.0	SzSz r=1	4	-0.12019660283339507	0.006353497428843599	0.04247323248698254	0.11762526171012003	0.8138582096625706
8.0	0.0	SzSz r=1	8	-0.12019660283339507	0.002936706044778317	0.0066445279520820355	0.11762526171012003	0.8138582096625706
8.0	0.0	SzSz r=1	16	-0.12019660283339507	0.0004230675491634778	0.0004486212367897924	0.11762526171012003	0.8138582096625706
8.0	0.0	SzSz r=1	32	-0.12019660283339507	6.627483739604645e-5	6.18704900271494e-5	0.11762526171012003	0.8138582096625706
8.0	0.0	SzSz r=1	64	-0.12019660283339507	1.9262458375440827e-6	1.225202845289708e-6	0.11762526171012003	0.8138582096625706
8.0	0.0	SzSz r=1	128	-0.12019660283339507	3.283873213633104e-8	1.70220024742207e-8	0.11762526171012003	0.8138582096625706
8.0	0.0	hop up r=1	2	0.2920819917771136	0.2920819917771136	0.18530490847353231	2.351162482437362	0.9051640823295931
8.0	0.0	hop up r=1	4	0.2920819917771136	0.2920819917771136	0.04247323248698254	2.351162482437362	0.9051640823295931
8.0	0.0	hop up r=1	8	0.2920819917771136	0.023090201384776132	0.0066445279520820355	2.351162482437362	0.9051640823295931
8.0	0.0	hop up r=1	16	0.2920819917771136	0.001946546549714101	0.0004486212367897924	2.351162482437362	0.9051640823295931
8.0	0.0	hop up r=1	32	0.2920819917771136	0.00034675862312760763	6.18704900271494e-5	2.351162482437362	0.9051640823295931
8.0	0.0	hop up r=1	64	0.2920819917771136	1.1456272639265297e-5	1.225202845289708e-6	2.351162482437362	0.9051640823295931
8.0	0.0	hop up r=1	128	0.2920819917771136	2.0766696096075066e-7	1.70220024742207e-8	2.351162482437362	0.9051640823295931
8.0	0.125	n	2	0.8741963100116042	0.12580368998839508	0.3825676004890286	0.33453615892532684	1.1295185757738049
8.0	0.125	n	4	0.8741963100116042	0.05204930865283264	0.2568441470765057	0.33453615892532684	1.1295185757738049
8.0	0.125	n	8	0.8741963100116042	0.013833228567051603	0.04453483179854201	0.33453615892532684	1.1295185757738049
8.0	0.125	n	16	0.8741963100116042	0.0028552267394328368	0.015548492377311263	0.33453615892532684	1.1295185757738049
8.0	0.125	n	32	0.8741963100116042	0.0005307881181937368	0.0028777431483669735	0.33453615892532684	1.1295185757738049
8.0	0.125	n	64	0.8741963100116042	3.229528797543679e-5	0.00036972767627896364	0.33453615892532684	1.1295185757738049
8.0	0.125	n	128	0.8741963100116042	2.075727614347933e-6	2.2328889674239072e-5	0.33453615892532684	1.1295185757738049
8.0	0.125	Sz	2	2.2871952147854313e-5	0.025546034319628194	0.3825676004890286	0.06538199477839657	1.0865186341823516
8.0	0.125	Sz	4	2.2871952147854313e-5	0.038293943949947576	0.2568441470765057	0.06538199477839657	1.0865186341823516
8.0	0.125	Sz	8	2.2871952147854313e-5	0.0007256196990614375	0.04453483179854201	0.06538199477839657	1.0865186341823516
8.0	0.125	Sz	16	2.2871952147854313e-5	0.0006311938182351762	0.015548492377311263	0.06538199477839657	1.0865186341823516
8.0	0.125	Sz	32	2.2871952147854313e-5	9.785491762395043e-5	0.0028777431483669735	0.06538199477839657	1.0865186341823516
8.0	0.125	Sz	64	2.2871952147854313e-5	1.2950787928497909e-5	0.00036972767627896364	0.06538199477839657	1.0865186341823516
8.0	0.125	Sz	128	2.2871952147854313e-5	7.635464016192417e-7	2.2328889674239072e-5	0.06538199477839657	1.0865186341823516
8.0	0.125	DoubleOcc	2	0.030353896734254815	0.030353896734254815	0.3825676004890286	0.04302923746235269	0.8179212183642041
8.0	0.125	DoubleOcc	4	0.030353896734254815	0.01040066027459613	0.2568441470765057	0.04302923746235269	0.8179212183642041
8.0	0.125	DoubleOcc	8	0.030353896734254815	0.003572124427153156	0.04453483179854201	0.04302923746235269	0.8179212183642041
8.0	0.125	DoubleOcc	16	0.030353896734254815	0.0009474028314326033	0.015548492377311263	0.04302923746235269	0.8179212183642041
8.0	0.125	DoubleOcc	32	0.030353896734254815	0.0004325032281701502	0.0028777431483669735	0.04302923746235269	0.8179212183642041
8.0	0.125	DoubleOcc	64	0.030353896734254815	6.659119748789188e-5	0.00036972767627896364	0.04302923746235269	0.8179212183642041
8.0	0.125	DoubleOcc	128	0.030353896734254815	7.079065254905759e-6	2.2328889674239072e-5	0.04302923746235269	0.8179212183642041
8.0	0.125	ZZ onsite	2	-0.6269770330861891	0.3730229669138102	0.3825676004890286	0.48505631261443044	0.9029128600581149
8.0	0.125	ZZ onsite	4	-0.6269770330861891	0.06249597620727887	0.2568441470765057	0.48505631261443044	0.9029128600581149
8.0	0.125	ZZ onsite	8	-0.6269770330861891	0.04195495484271772	0.04453483179854201	0.48505631261443044	0.9029128600581149
8.0	0.125	ZZ onsite	16	-0.6269770330861891	0.0095000648045932	0.015548492377311263	0.48505631261443044	0.9029128600581149
8.0	0.125	ZZ onsite	32	-0.6269770330861891	0.0027915891490691846	0.0028777431483669735	0.48505631261443044	0.9029128600581149
8.0	0.125	ZZ onsite	64	-0.6269770330861891	0.00033095536589655694	0.00036972767627896364	0.48505631261443044	0.9029128600581149
8.0	0.125	ZZ onsite	128	-0.6269770330861891	3.24677162453213e-5	2.2328889674239072e-5	0.48505631261443044	0.9029128600581149
8.0	0.125	ZZ up-up r=1	2	-0.4152475362821157	0.049303000836714184	0.3825676004890286	0.2545657783584163	0.7292569240185641
8.0	0.125	ZZ up-up r=1	4	-0.4152475362821157	0.3278655713588613	0.2568441470765057	0.2545657783584163	0.7292569240185641
8.0	0.125	ZZ up-up r=1	8	-0.4152475362821157	0.020383763898363494	0.04453483179854201	0.2545657783584163	0.7292569240185641
8.0	0.125	ZZ up-up r=1	16	-0.4152475362821157	0.00946626301946829	0.015548492377311263	0.2545657783584163	0.7292569240185641
8.0	0.125	ZZ up-up r=1	32	-0.4152475362821157	0.004440260437333643	0.0028777431483669735	0.2545657783584163	0.7292569240185641
8.0	0.125	ZZ up-up r=1	64	-0.4152475362821157	0.0008268167844458496	0.00036972767627896364	0.2545657783584163	0.7292569240185641
8.0	0.125	ZZ up-up r=1	128	-0.4152475362821157	9.885426835254396e-5	2.2328889674239072e-5	0.2545657783584163	0.7292569240185641
8.0	0.125	SzSz r=1	2	-0.09641424831188497	0.0197233859678225	0.3825676004890286	0.056874903323238385	0.7460708783937101
8.0	0.125	SzSz r=1	4	-0.09641424831188497	0.08164339716111224	0.2568441470765057	0.056874903323238385	0.7460708783937101
8.0	0.125	SzSz r=1	8	-0.09641424831188497	0.0014202522006221269	0.04453483179854201	0.056874903323238385	0.7460708783937101
8.0	0.125	SzSz r=1	16	-0.09641424831188497	0.002215758467672843	0.015548492377311263	0.056874903323238385	0.7460708783937101
8.0	0.125	SzSz r=1	32	-0.09641424831188497	0.000988649234950137	0.0028777431483669735	0.056874903323238385	0.7460708783937101
8.0	0.125	SzSz r=1	64	-0.09641424831188497	0.00017166544770294556	0.00036972767627896364	0.056874903323238385	0.7460708783937101
8.0	0.125	SzSz r=1	128	-0.09641424831188497	2.062869686922375e-5	2.2328889674239072e-5	0.056874903323238385	0.7460708783937101
8.0	0.125	hop up r=1	2	0.3737174824670123	0.3737174824670123	0.3825676004890286	0.7629866242032779	0.825559924862972
8.0	0.125	hop up r=1	4	0.3737174824670123	0.2438924117141098	0.2568441470765057	0.7629866242032779	0.825559924862972
8.0	0.125	hop up r=1	8	0.3737174824670123	0.07702500141478297	0.04453483179854201	0.7629866242032779	0.825559924862972
8.0	0.125	hop up r=1	16	0.3737174824670123	0.01689231604879604	0.015548492377311263	0.7629866242032779	0.825559924862972
8.0	0.125	hop up r=1	32	0.3737174824670123	0.005863744314511754	0.0028777431483669735	0.7629866242032779	0.825559924862972
8.0	0.125	hop up r=1	64	0.3737174824670123	0.0010919611888864367	0.00036972767627896364	0.7629866242032779	0.825559924862972
8.0	0.125	hop up r=1	128	0.3737174824670123	0.00012188755837244658	2.2328889674239072e-5	0.7629866242032779	0.825559924862972
