L	site	observable	prior	true	prior_val	Delta	relerr	G	G_max
8	1	ZZ onsite	chi2	-0.7131928663712523	-0.9999999999999994	0.2868071336287471	0.40214526413876067	6.035332611608546	68.51227465901917
8	1	ZZ onsite	chi4	-0.7131928663712523	-0.7142526342590416	0.0010597678877892758	0.0014859485249500714	68.6045784780229	68.51227465901917
8	1	ZZ onsite	chi8	-0.7131928663712523	-0.7136326186459225	0.00043975227467019096	0.0006165965693230561	68.55299144297013	68.51227465901917
8	1	ZZ onsite	chi32	-0.7131928663712523	-0.7131933180950286	4.517237762735604e-7	6.333823536008501e-7	68.51231823715203	68.51227465901917
8	1	ZZ onsite	exact	-0.7131928663712523	-0.7131928663712523	0.0	0.0	68.51227465901917	68.51227465901917
8	1	ZZ onsite	UHF	-0.7131928663712523	-0.7666613384850945	0.0534684721138422	0.07497056495515927	52.76169825523249	68.51227465901917
8	1	ZZ onsite	UHFsym	-0.7131928663712523	-0.7666613384851082	0.05346847211385586	0.07497056495517843	52.761698255225475	68.51227465901917
8	1	SzSz r=1	chi2	-0.1771488348393433	-0.24999999999999986	0.07285116516065657	0.41124270010991304	5.136552623908468	151.10354131920715
8	1	SzSz r=1	chi4	-0.1771488348393433	-0.2050216561200847	0.027872821280741394	0.1573412622556582	26.976157245974548	151.10354131920715
8	1	SzSz r=1	chi8	-0.1771488348393433	-0.17819913563117848	0.0010503007918351848	0.005928917301588267	147.22964079403076	151.10354131920715
8	1	SzSz r=1	chi32	-0.1771488348393433	-0.17715004616777946	1.2113284361681131e-6	6.8379136519112294e-6	151.0998681247298	151.10354131920715
8	1	SzSz r=1	exact	-0.1771488348393433	-0.1771488348393433	0.0	0.0	151.10354131920715	151.10354131920715
8	1	SzSz r=1	UHF	-0.1771488348393433	-0.19417612370262086	0.017027288863277562	0.09611854844385316	54.21683736416002	151.10354131920715
8	1	SzSz r=1	UHFsym	-0.1771488348393433	-0.08289489756327156	-0.09425393727607173	0.5320607237498957	3.599360664050941	151.10354131920715
8	1	SxSx r=1	chi2	-0.17714883482636845	-0.2499999999999999	0.07285116517363144	0.4112427002132763	5.60040278670989	148.8071298758634
8	1	SxSx r=1	chi4	-0.17714883482636845	-0.2050216561200847	0.027872821293716238	0.1573412623404249	30.781963896239773	148.8071298758634
8	1	SxSx r=1	chi8	-0.17714883482636845	-0.17813450431367522	0.0009856694873067728	0.0055640754751385855	146.95977563952732	148.8071298758634
8	1	SxSx r=1	chi32	-0.17714883482636845	-0.17714984766445857	1.0128380901197609e-6	5.717441444717879e-6	148.80590762103918	148.8071298758634
8	1	SxSx r=1	exact	-0.17714883482636845	-0.17714883482636845	0.0	0.0	148.8071298758634	148.8071298758634
8	1	SxSx r=1	UHF	-0.17714883482636845	-0.027290500991581115	-0.14985833383478733	0.8459459187618719	1.5030813792111086	148.8071298758634
8	1	SxSx r=1	UHFsym	-0.17714883482636845	-0.08293111406125575	-0.0942177207651127	0.5318562826419927	3.742242699212943	148.8071298758634
8	2	ZZ onsite	chi2	-0.6038964620108481	-0.9999999999999998	0.39610353798915166	0.6559129965262758	2.382140322650207	58.890656214143256
8	2	ZZ onsite	chi4	-0.6038964620108481	-0.6401732489606775	0.03627678694982939	0.06007120298243729	51.682100242677734	58.890656214143256
8	2	ZZ onsite	chi8	-0.6038964620108481	-0.6056700566651372	0.0017735946542890568	0.002936918438606777	59.05079273621731	58.890656214143256
8	2	ZZ onsite	chi32	-0.6038964620108481	-0.6038977145035846	1.2524927365253902e-6	2.0740190004671546e-6	58.890789355256835	58.890656214143256
8	2	ZZ onsite	exact	-0.6038964620108481	-0.6038964620108481	0.0	0.0	58.890656214143256	58.890656214143256
8	2	ZZ onsite	UHF	-0.6038964620108481	-0.5812383574251249	-0.02265810458572326	0.037519849860150764	52.54042520029409	58.890656214143256
8	2	ZZ onsite	UHFsym	-0.6038964620108481	-0.581238357425122	-0.022658104585726146	0.037519849860155545	52.5404252002929	58.890656214143256
8	2	SzSz r=1	chi2	-0.06340708048414356	1.3877787807814457e-17	-0.06340708048414358	1.0000000000000002	1.0	8.254454819919392
8	2	SzSz r=1	chi4	-0.06340708048414356	6.071532165918825e-18	-0.06340708048414356	1.0	1.0247056716659997	8.254454819919392
8	2	SzSz r=1	chi8	-0.06340708048414356	-0.06323616404935259	-0.00017091643479097418	0.0026955417831249283	8.231952596372563	8.254454819919392
8	2	SzSz r=1	chi32	-0.06340708048414356	-0.06340748879170323	4.083075596655883e-7	6.439463172692445e-6	8.25446271912682	8.254454819919392
8	2	SzSz r=1	exact	-0.06340708048414356	-0.06340708048414356	0.0	0.0	8.254454819919392	8.254454819919392
8	2	SzSz r=1	UHF	-0.06340708048414356	-0.1706063622376301	0.10719928175348653	1.6906515949791165	0.4123214063265383	8.254454819919392
8	2	SzSz r=1	UHFsym	-0.06340708048414356	-0.07260412315823238	0.009197042674088815	0.14504756572712338	7.157716689431435	8.254454819919392
8	2	SxSx r=1	chi2	-0.06340708050202445	4.235164736271502e-22	-0.06340708050202445	1.0	1.0	5.127803468480109
8	2	SxSx r=1	chi4	-0.06340708050202445	1.6543612251060553e-24	-0.06340708050202445	1.0	1.0	5.127803468480109
8	2	SxSx r=1	chi8	-0.06340708050202445	-0.06343759365992027	3.0513157895817322e-5	0.00048122634971094593	5.087463328876971	5.127803468480109
8	2	SxSx r=1	chi32	-0.06340708050202445	-0.06340740690905353	3.264070290720511e-7	5.147800947271648e-6	5.127812788211213	5.127803468480109
8	2	SxSx r=1	exact	-0.06340708050202445	-0.06340708050202445	0.0	0.0	5.127803468480109	5.127803468480109
8	2	SxSx r=1	UHF	-0.06340708050202445	-0.023634898467441903	-0.03977218203458255	0.6272514318540925	1.98766384147602	5.127803468480109
8	2	SxSx r=1	UHFsym	-0.06340708050202445	-0.07263601800714074	0.009228937505116289	0.14555058255397246	4.958754434661187	5.127803468480109
8	3	ZZ onsite	chi2	-0.6085992916412656	-0.9999999999999998	0.3914007083587342	0.6431172591463391	2.4956914586514274	35.57965023980085
8	3	ZZ onsite	chi4	-0.6085992916412656	-0.6620322656359949	0.05343297399472935	0.08779664177825731	30.357058438436784	35.57965023980085
8	3	ZZ onsite	chi8	-0.6085992916412656	-0.6070562979285312	-0.001542993712734364	0.0025353196001481225	35.48296571353264	35.57965023980085
8	3	ZZ onsite	chi32	-0.6085992916412656	-0.6086008936661427	1.6020248770898249e-6	2.6323147251280842e-6	35.579742912764694	35.57965023980085
8	3	ZZ onsite	exact	-0.6085992916412656	-0.6085992916412656	0.0	0.0	35.57965023980085	35.57965023980085
8	3	ZZ onsite	UHF	-0.6085992916412656	-0.594609378732458	-0.013989912908807578	0.0229870673544159	34.19486986157099	35.57965023980085
8	3	ZZ onsite	UHFsym	-0.6085992916412656	-0.5946093787324572	-0.013989912908808355	0.022987067354417176	34.194869861570865	35.57965023980085
8	3	SzSz r=1	chi2	-0.14785937463018686	-0.24999999999999994	0.10214062536981308	0.6907957349696522	2.5057546750138395	51.65999904856343
8	3	SzSz r=1	chi4	-0.14785937463018686	-0.19665105459044327	0.04879167996025641	0.3299870575152232	11.352496821240573	51.65999904856343
8	3	SzSz r=1	chi8	-0.14785937463018686	-0.1455916125543027	-0.0022677620758841666	0.015337289783323499	49.3812533128277	51.65999904856343
8	3	SzSz r=1	chi32	-0.14785937463018686	-0.1478588022944432	-5.723357436593357e-7	3.870811337399557e-6	51.66090463875602	51.65999904856343
8	3	SzSz r=1	exact	-0.14785937463018686	-0.14785937463018686	0.0	0.0	51.65999904856343	51.65999904856343
8	3	SzSz r=1	UHF	-0.14785937463018686	-0.1723599934398235	0.024500618809636637	0.1657021671498035	30.312186414972693	51.65999904856343
8	3	SzSz r=1	UHFsym	-0.14785937463018686	-0.07351685722306064	-0.07434251740712622	0.5027920454355047	3.59864915172342	51.65999904856343
8	3	SxSx r=1	chi2	-0.1478593746633394	-0.23820041144325907	0.09034103677991967	0.610992958583904	2.2678074278665696	72.51869370241904
8	3	SxSx r=1	chi4	-0.1478593746633394	-0.19665105459044327	0.04879167992710387	0.32998705721701793	7.558530887750959	72.51869370241904
8	3	SxSx r=1	chi8	-0.1478593746633394	-0.14631907173183506	-0.0015403029315043393	0.010417350506259415	73.55192432264703	72.51869370241904
8	3	SxSx r=1	chi32	-0.1478593746633394	-0.14786078372791223	1.409064572827079e-6	9.52976147799471e-6	72.51727640170641	72.51869370241904
8	3	SxSx r=1	exact	-0.1478593746633394	-0.1478593746633394	0.0	0.0	72.51869370241904	72.51869370241904
8	3	SxSx r=1	UHF	-0.1478593746633394	-0.02412745763373412	-0.12373191702960529	0.8368215901854729	1.48744673905586	72.51869370241904
8	3	SxSx r=1	UHFsym	-0.1478593746633394	-0.07354902574211566	-0.07431034892122373	0.5025744839677617	4.070469464846339	72.51869370241904
8	4	ZZ onsite	chi2	-0.5997242906335323	-0.9999999999999993	0.40027570936646706	0.6674328781040815	2.2711360632439135	97.57844159586827
8	4	ZZ onsite	chi4	-0.5997242906335323	-0.6337209589163355	0.03399666828280323	0.05668716244074437	77.85042155020798	97.57844159586827
8	4	ZZ onsite	chi8	-0.5997242906335323	-0.5972740559718493	-0.0024502346616829263	0.004085601833960345	97.04664060224476	97.57844159586827
8	4	ZZ onsite	chi32	-0.5997242906335323	-0.5997165536886181	-7.736944914182864e-6	1.2900836325988677e-5	97.57724344952666	97.57844159586827
8	4	ZZ onsite	exact	-0.5997242906335323	-0.5997242906335323	0.0	0.0	97.57844159586827	97.57844159586827
8	4	ZZ onsite	UHF	-0.5997242906335323	-0.5912556500428878	-0.00846864059064445	0.014120889753687332	94.50779571757292	97.57844159586827
8	4	ZZ onsite	UHFsym	-0.5997242906335323	-0.5912556500428838	-0.008468640590648446	0.014120889753693997	94.50779571757069	97.57844159586827
8	4	SzSz r=1	chi2	-0.06980259492960764	-0.07589837935201292	0.006095784422405284	0.08732890845322545	6.885102112185822	8.798876728288224
8	4	SzSz r=1	chi4	-0.06980259492960764	0.0	-0.06980259492960764	1.0	0.9970981516421994	8.798876728288224
8	4	SzSz r=1	chi8	-0.06980259492960764	-0.06986364508211694	6.105015250930379e-5	0.0008746115036392237	8.769641307718786	8.798876728288224
8	4	SzSz r=1	chi32	-0.06980259492960764	-0.06979307991833436	-9.515011273275586e-6	0.00013631314541917805	8.798629328804276	8.798876728288224
8	4	SzSz r=1	exact	-0.06980259492960764	-0.06980259492960764	0.0	0.0	8.798876728288224	8.798876728288224
8	4	SzSz r=1	UHF	-0.06980259492960764	-0.17187252288203614	0.1020699279524285	1.4622655225835204	0.4965114876472719	8.798876728288224
8	4	SzSz r=1	UHFsym	-0.06980259492960764	-0.073308529426898	0.003505934497290364	0.05022642067713844	8.528671629276863	8.798876728288224
8	4	SxSx r=1	chi2	-0.06980259498822411	-2.6469779601696886e-23	-0.06980259498822411	1.0	1.0	9.779174845603777
8	4	SxSx r=1	chi4	-0.06980259498822411	0.0	-0.06980259498822411	1.0	1.0	9.779174845603777
8	4	SxSx r=1	chi8	-0.06980259498822411	-0.07033875713398802	0.0005361621457639076	0.007681120535051164	9.771534845602615	9.779174845603777
8	4	SxSx r=1	chi32	-0.06980259498822411	-0.06979737274259015	-5.22224563395679e-6	7.481449127840873e-5	9.778846367512662	9.779174845603777
8	4	SxSx r=1	exact	-0.06980259498822411	-0.06980259498822411	0.0	0.0	9.779174845603777	9.779174845603777
8	4	SxSx r=1	UHF	-0.06980259498822411	-0.02405861037131467	-0.04574398461690944	0.6553335821487235	1.9779119513214976	9.779174845603777
8	4	SxSx r=1	UHFsym	-0.06980259498822411	-0.07334060709888378	0.003538012110659669	0.05068596821159072	9.243452546762313	9.779174845603777
8	5	ZZ onsite	chi2	-0.5997242906114516	-0.9999999999999991	0.4002757093885475	0.6674328781654727	2.1820801400202186	66.4720273647869
8	5	ZZ onsite	chi4	-0.5997242906114516	-0.6585038610400606	0.05877957042860904	0.09801098829710576	40.09986035964889	66.4720273647869
8	5	ZZ onsite	chi8	-0.5997242906114516	-0.5996749137345172	-4.9376876934403846e-5	8.233262802155542e-5	66.47345871987619	66.4720273647869
8	5	ZZ onsite	chi32	-0.5997242906114516	-0.5997159997676924	-8.290843759195532e-6	1.3824425471815666e-5	66.47227183712396	66.4720273647869
8	5	ZZ onsite	exact	-0.5997242906114516	-0.5997242906114516	0.0	0.0	66.4720273647869	66.4720273647869
8	5	ZZ onsite	UHF	-0.5997242906114516	-0.5912556500428837	-0.008468640568567887	0.014120889717396048	65.8570015197277	66.4720273647869
8	5	ZZ onsite	UHFsym	-0.5997242906114516	-0.5912556500428822	-0.008468640568569441	0.01412088971739864	65.85700151972739	66.4720273647869
8	5	SzSz r=1	chi2	-0.14785937467545937	-0.24999999999999978	0.10214062532454041	0.6907957344519526	2.0381696482725764	56.6060320885899
8	5	SzSz r=1	chi4	-0.14785937467545937	-0.19657789026968914	0.048718515594229767	0.3294922334222188	8.5490812010916	56.6060320885899
8	5	SzSz r=1	chi8	-0.14785937467545937	-0.14551035259745648	-0.002349022078002888	0.015886866038482994	54.25389855521785	56.6060320885899
8	5	SzSz r=1	chi32	-0.14785937467545937	-0.1478587147298421	-6.59945617265123e-7	4.463332938568528e-6	56.60528318830589	56.6060320885899
8	5	SzSz r=1	exact	-0.14785937467545937	-0.14785937467545937	0.0	0.0	56.6060320885899	56.6060320885899
8	5	SzSz r=1	UHF	-0.14785937467545937	-0.17235999343982195	0.024500618764362575	0.165702166792871	26.47835287683935	56.6060320885899
8	5	SzSz r=1	UHFsym	-0.14785937467545937	-0.07351685722306006	-0.07434251745239931	0.5027920455877468	3.55126260954501	56.6060320885899
8	5	SxSx r=1	chi2	-0.1478593746839726	-0.22824002045802325	0.08038064577405066	0.5436290119977332	2.9565852050657853	56.52368164862551
8	5	SxSx r=1	chi4	-0.1478593746839726	-0.19657789026968917	0.048718515585716576	0.32949223334567157	8.256509071104292	56.52368164862551
8	5	SxSx r=1	chi8	-0.1478593746839726	-0.1463218297532915	-0.0015375449306810896	0.010398697640696527	55.98089532292261	56.52368164862551
8	5	SxSx r=1	chi32	-0.1478593746839726	-0.14786093511382348	1.5604298508886671e-6	1.0553472542568598e-5	56.52392485996287	56.52368164862551
8	5	SxSx r=1	exact	-0.1478593746839726	-0.1478593746839726	0.0	0.0	56.52368164862551	56.52368164862551
8	5	SxSx r=1	UHF	-0.1478593746839726	-0.024127457633734115	-0.12373191705023848	0.8368215902082438	1.4632625221933153	56.52368164862551
8	5	SxSx r=1	UHFsym	-0.1478593746839726	-0.07354902574211512	-0.07431034894185747	0.5025744840371791	3.865026662797782	56.52368164862551
8	6	ZZ onsite	chi2	-0.6085992919670059	-0.9999999999999983	0.39140070803299243	0.6431172582668918	2.336025623970873	65.15279926854527
8	6	ZZ onsite	chi4	-0.6085992919670059	-0.63924019569374	0.030640903726734114	0.05034659772229123	55.192174467198235	65.15279926854527
8	6	ZZ onsite	chi8	-0.6085992919670059	-0.6043222886981575	-0.0042770032688483894	0.0070276178847087116	65.09995522019258	65.15279926854527
8	6	ZZ onsite	chi32	-0.6085992919670059	-0.6086011788939455	1.8869269395871413e-6	3.100442219524366e-6	65.15273101038564	65.15279926854527
8	6	ZZ onsite	exact	-0.6085992919670059	-0.6085992919670059	0.0	0.0	65.15279926854527	65.15279926854527
8	6	ZZ onsite	UHF	-0.6085992919670059	-0.5946093787324496	-0.01398991323455634	0.022987067877355955	63.48231235646754	65.15279926854527
8	6	ZZ onsite	UHFsym	-0.6085992919670059	-0.5946093787324552	-0.013989913234550677	0.02298706787734665	63.48231235646897	65.15279926854527
8	6	SzSz r=1	chi2	-0.06340708049726229	-0.07153750496424699	0.008130424466984698	0.12822581331962987	8.256786655765803	8.799957917318144
8	6	SzSz r=1	chi4	-0.06340708049726229	0.0	-0.06340708049726229	1.0	1.0104172620501128	8.799957917318144
8	6	SzSz r=1	chi8	-0.06340708049726229	-0.06315681788400784	-0.0002502626132544483	0.003946919039510955	8.785681028500292	8.799957917318144
8	6	SzSz r=1	chi32	-0.06340708049726229	-0.06340750522683994	4.247295776471649e-7	6.698456612672828e-6	8.799971204384796	8.799957917318144
8	6	SzSz r=1	exact	-0.06340708049726229	-0.06340708049726229	0.0	0.0	8.799957917318144	8.799957917318144
8	6	SzSz r=1	UHF	-0.06340708049726229	-0.1706063622376281	0.1071992817403658	1.6906515944223977	0.4066035105246859	8.799957917318144
8	6	SzSz r=1	UHFsym	-0.06340708049726229	-0.0726041231582316	0.00919704266096931	0.1450475654902043	7.178626152056272	8.799957917318144
8	6	SxSx r=1	chi2	-0.06340708053936735	-3.970466940254533e-23	-0.06340708053936735	1.0	1.0	8.261491249537485
8	6	SxSx r=1	chi4	-0.06340708053936735	-6.617444900424222e-24	-0.06340708053936735	1.0	1.0	8.261491249537485
8	6	SxSx r=1	chi8	-0.06340708053936735	-0.06357248526102147	0.00016540472165411935	0.0026086159502553513	8.4855096479841	8.261491249537485
8	6	SxSx r=1	chi32	-0.06340708053936735	-0.06340742909795594	3.4855858858928723e-7	5.49715561139704e-6	8.261455584830875	8.261491249537485
8	6	SxSx r=1	exact	-0.06340708053936735	-0.06340708053936735	0.0	0.0	8.261491249537485	8.261491249537485
8	6	SxSx r=1	UHF	-0.06340708053936735	-0.0236348984674418	-0.03977218207192555	0.6272514320736203	2.224435048956326	8.261491249537485
8	6	SxSx r=1	UHFsym	-0.06340708053936735	-0.07263601800713988	0.009228937467772536	0.14555058187929967	4.785877151948057	8.261491249537485
8	7	ZZ onsite	chi2	-0.60389646202466	-0.9999999999999987	0.3961035379753387	0.6559129964884012	2.4629779044383455	84.26686595613444
8	7	ZZ onsite	chi4	-0.60389646202466	-0.6553933338986515	0.051496871873991545	0.08527433941464073	60.92526818929316	84.26686595613444
8	7	ZZ onsite	chi8	-0.60389646202466	-0.605905083547791	0.0020086215231310822	0.0033261024851790914	84.86922773740133	84.26686595613444
8	7	ZZ onsite	chi32	-0.60389646202466	-0.6038978024328904	1.3404082304102616e-6	2.2195994093363743e-6	84.2673153507856	84.26686595613444
8	7	ZZ onsite	exact	-0.60389646202466	-0.60389646202466	0.0	0.0	84.26686595613444	84.26686595613444
8	7	ZZ onsite	UHF	-0.60389646202466	-0.581238357425118	-0.022658104599541984	0.037519849882175244	69.98967289482621	84.26686595613444
8	7	ZZ onsite	UHFsym	-0.60389646202466	-0.5812383574251209	-0.022658104599539097	0.03751984988217046	69.98967289482859	84.26686595613444
8	7	SzSz r=1	chi2	-0.17714883473544857	-0.24999999999999967	0.0728511652645511	0.41124270093758136	5.8938868690097115	106.1448778444851
8	7	SzSz r=1	chi4	-0.17714883473544857	-0.20552138076288962	0.028372546027441048	0.1601621939529672	27.711571687239562	106.1448778444851
8	7	SzSz r=1	chi8	-0.17714883473544857	-0.17806357649799856	0.0009147417625499921	0.005163690542565825	105.94292269853236	106.1448778444851
8	7	SzSz r=1	chi32	-0.17714883473544857	-0.17714999677871607	1.1620432674996906e-6	6.559700317730392e-6	106.14508629889127	106.1448778444851
8	7	SzSz r=1	exact	-0.17714883473544857	-0.17714883473544857	0.0	0.0	106.1448778444851	106.1448778444851
8	7	SzSz r=1	UHF	-0.17714883473544857	-0.19417612370261944	0.017027288967170873	0.09611854908669974	57.78094863044161	106.1448778444851
8	7	SzSz r=1	UHFsym	-0.17714883473544857	-0.08289489756327093	-0.09425393717217764	0.532060723475461	3.5457481597032343	106.1448778444851
8	7	SxSx r=1	chi2	-0.1771488347421548	-0.23954620719913342	0.06239737245697863	0.35223134573704534	8.307260061512599	134.29104211565385
8	7	SxSx r=1	chi4	-0.1771488347421548	-0.20552138076288967	0.028372546020734885	0.16016219390904796	34.03994253485046	134.29104211565385
8	7	SxSx r=1	chi8	-0.1771488347421548	-0.1780831375830546	0.00093430284089982	0.005274112258540817	134.9702919500247	134.29104211565385
8	7	SxSx r=1	chi32	-0.1771488347421548	-0.17714982451416855	9.897720137652666e-7	5.58723411986259e-6	134.29228244364427	134.29104211565385
8	7	SxSx r=1	exact	-0.1771488347421548	-0.1771488347421548	0.0	0.0	134.29104211565385	134.29104211565385
8	7	SxSx r=1	UHF	-0.1771488347421548	-0.02729050099158106	-0.14985833375057372	0.8459459186886373	1.5024744942960895	134.29104211565385
8	7	SxSx r=1	UHFsym	-0.1771488347421548	-0.08293111406125521	-0.09421772068089958	0.5318562824194479	3.6721289193447615	134.29104211565385
