config	t_L	t_S	U	nu	nm	observable	true	prior	Delta	sd_std	sd_crm_old	sd_crm_new	G_emp	G_theo	HF_fid	gap
uniform	1.0	1.0	1.0	50	10	Z(1u)  |A|=1	-1.4155343563970746e-15	-0.5706116008233967	0.5706116008233952	0.07803712297883662	0.15291854172078037	0.136353081501606	0.32754621486830593	0.31539267716491853	0.4934106094247347	0.04789623655216335
uniform	1.0	1.0	1.0	50	10	ZZ(1u,1d) |A|=2	-0.4220129110862928	-0.3255975989942397	-0.09641531209205312	0.22435298730922412	0.17818825909243283	0.14200935957889874	2.4959149104130307	2.6587911993686437	0.4934106094247347	0.04789623655216335
uniform	1.0	1.0	1.0	50	10	ZZZZ(1,3) |A|=4	0.09721901073178123	0.019943992673121008	0.07727501805866022	0.4075562544023985	0.5423891669661287	0.40130436009316645	1.0314005720421193	1.0327494970462399	0.4934106094247347	0.04789623655216335
uniform	1.0	1.0	1.0	50	10	DoubleOcc site1	0.14449677222842686	0.16860060025143997	-0.024103828023013113	0.059818632918356686	0.06868109228299976	0.05916661091250563	1.0221616438662482	NaN	0.4934106094247347	0.04789623655216335
uniform	1.0	1.0	1.0	50	10	Sz1*Sz3	0.04044260068550767	0.05835260007300449	-0.017909999387496822	0.02092461399384603	0.027676502900729174	0.019893852965334614	1.1063106741873863	NaN	0.4934106094247347	0.04789623655216335
uniform	1.0	1.0	1.0	50	10	Fidelity	0.4934106094247347	1.0	-0.5065893905752653	0.16311690434212742	0.21571889062359678	0.15515333712589377	1.1052886219493052	NaN	0.4934106094247347	0.04789623655216335
uniform	1.0	1.0	1.0	50	100	Z(1u)  |A|=1	-1.4155343563970746e-15	-0.5706116008233967	0.5706116008233952	0.026639655029682772	0.11265524765460598	0.10897117989637106	0.05976320593309538	0.0440402399908103	0.4934106094247347	0.04789623655216335
uniform	1.0	1.0	1.0	50	100	ZZ(1u,1d) |A|=2	-0.4220129110862928	-0.3255975989942397	-0.09641531209205312	0.17048646358974276	0.06928133495296061	0.056737533299837016	9.028984411998824	10.103432517220927	0.4934106094247347	0.04789623655216335
uniform	1.0	1.0	1.0	50	100	ZZZZ(1,3) |A|=4	0.09721901073178123	0.019943992673121008	0.07727501805866022	0.17406699237122997	0.2244967549182932	0.15944661644106425	1.1917968561192138	1.217496781757609	0.4934106094247347	0.04789623655216335
uniform	1.0	1.0	1.0	50	100	DoubleOcc site1	0.14449677222842686	0.16860060025143997	-0.024103828023013113	0.043511593992969784	0.042005109138277374	0.04032846063976156	1.1640903705445045	NaN	0.4934106094247347	0.04789623655216335
uniform	1.0	1.0	1.0	50	100	Sz1*Sz3	0.04044260068550767	0.05835260007300449	-0.017909999387496822	0.012096015695795855	0.009694683319911322	0.007409184695299113	2.6652861436188755	NaN	0.4934106094247347	0.04789623655216335
uniform	1.0	1.0	1.0	50	100	Fidelity	0.4934106094247347	1.0	-0.5065893905752653	0.13799397585486373	0.1305471571155443	0.1258917660200362	1.2015050581402325	NaN	0.4934106094247347	0.04789623655216335
uniform	1.0	1.0	1.0	50	1000	Z(1u)  |A|=1	-1.4155343563970746e-15	-0.5706116008233967	0.5706116008233952	0.00754582425440667	0.12051121510377755	0.12083523637111512	0.0038996549394620197	0.004585787253138549	0.4934106094247347	0.04789623655216335
uniform	1.0	1.0	1.0	50	1000	ZZ(1u,1d) |A|=2	-0.4220129110862928	-0.3255975989942397	-0.09641531209205312	0.18530524110001767	0.04354568286663568	0.04268076180624088	18.849988117640024	17.515636777027552	0.4934106094247347	0.04789623655216335
uniform	1.0	1.0	1.0	50	1000	ZZZZ(1,3) |A|=4	0.09721901073178123	0.019943992673121008	0.07727501805866022	0.13039962044276848	0.11328765381050772	0.10581422297737511	1.5186740086711181	1.498986037795439	0.4934106094247347	0.04789623655216335
uniform	1.0	1.0	1.0	50	1000	DoubleOcc site1	0.14449677222842686	0.16860060025143997	-0.024103828023013113	0.04666876445736899	0.043104995827676636	0.042934226951995925	1.1815315178344374	NaN	0.4934106094247347	0.04789623655216335
uniform	1.0	1.0	1.0	50	1000	Sz1*Sz3	0.04044260068550767	0.05835260007300449	-0.017909999387496822	0.010350528815144698	0.005223411528154977	0.005008037161363615	4.271594236153593	NaN	0.4934106094247347	0.04789623655216335
uniform	1.0	1.0	1.0	50	1000	Fidelity	0.4934106094247347	1.0	-0.5065893905752653	0.10215867127167252	0.11455232231349798	0.11461689248564197	0.7944255659711831	NaN	0.4934106094247347	0.04789623655216335
uniform	1.0	1.0	8.0	50	10	Z(1u)  |A|=1	-1.3611074073383023e-15	-0.9416017529408927	0.9416017529408913	0.0722223701755131	0.2084918797449867	0.20752184034002794	0.12111999757742653	0.14470190455956583	0.36959338366218447	0.3323165434020581
uniform	1.0	1.0	8.0	50	10	ZZ(1u,1d) |A|=2	-0.8700081083698958	-0.8866138611413623	0.016605752771466475	0.3381639720014523	0.08445428485965514	0.06772968105962605	24.92852663699113	28.391692381358226	0.36959338366218447	0.3323165434020581
uniform	1.0	1.0	8.0	50	10	ZZZZ(1,3) |A|=4	0.746769249715314	0.7800484328004686	-0.03327918308515465	0.9747517330610537	0.3972790262820554	0.3003387823507	10.533318119954773	13.12700789658195	0.36959338366218447	0.3323165434020581
uniform	1.0	1.0	8.0	50	10	DoubleOcc site1	0.032497972907526054	0.028346534714659342	0.0041514381928667125	0.09135542041497034	0.07380427123318344	0.07042736275989744	1.682619001916778	NaN	0.36959338366218447	0.3323165434020581
uniform	1.0	1.0	8.0	50	10	Sz1*Sz3	0.07264136388448178	0.2212271708776999	-0.14858580699321813	0.026138988164450944	0.04538597644345806	0.044585858569182256	0.34370296296766817	NaN	0.36959338366218447	0.3323165434020581
uniform	1.0	1.0	8.0	50	10	Fidelity	0.36959338366218447	1.0	-0.6304066163378155	0.29906881031993404	0.41348690164496643	0.38183840960619525	0.6134554389032323	NaN	0.36959338366218447	0.3323165434020581
uniform	1.0	1.0	8.0	50	100	Z(1u)  |A|=1	-1.3611074073383023e-15	-0.9416017529408927	0.9416017529408913	0.025757339277052007	0.1832725971341638	0.18366600041674772	0.019667287193467546	0.016636833844825092	0.36959338366218447	0.3323165434020581
uniform	1.0	1.0	8.0	50	100	ZZ(1u,1d) |A|=2	-0.8700081083698958	-0.8866138611413623	0.016605752771466475	0.3010350741280431	0.030598052554051586	0.022231061163810493	183.36388875430453	252.3358497013187	0.36959338366218447	0.3323165434020581
uniform	1.0	1.0	8.0	50	100	ZZZZ(1,3) |A|=4	0.746769249715314	0.7800484328004686	-0.03327918308515465	0.9186915381100311	0.10593039519956339	0.09009425713777014	103.97889910971192	100.63150343116382	0.36959338366218447	0.3323165434020581
uniform	1.0	1.0	8.0	50	100	DoubleOcc site1	0.032497972907526054	0.028346534714659342	0.0041514381928667125	0.07510422854591735	0.06461935595135439	0.06350889277622655	1.3984910666334276	NaN	0.36959338366218447	0.3323165434020581
uniform	1.0	1.0	8.0	50	100	Sz1*Sz3	0.07264136388448178	0.2212271708776999	-0.14858580699321813	0.018992494105547226	0.03760335649356698	0.03748948245642318	0.256652270447352	NaN	0.36959338366218447	0.3323165434020581
uniform	1.0	1.0	8.0	50	100	Fidelity	0.36959338366218447	1.0	-0.6304066163378155	0.14490610089513312	0.30557272489641524	0.30314606286368356	0.228491199230054	NaN	0.36959338366218447	0.3323165434020581
uniform	1.0	1.0	8.0	50	1000	Z(1u)  |A|=1	-1.3611074073383023e-15	-0.9416017529408927	0.9416017529408913	0.0076955228803512795	0.1834983349463433	0.18394358663924354	0.0017502777292600273	0.0016889726257309796	0.36959338366218447	0.3323165434020581
uniform	1.0	1.0	8.0	50	1000	ZZ(1u,1d) |A|=2	-0.8700081083698958	-0.8866138611413623	0.016605752771466475	0.3416598750910563	0.010605837230354983	0.009501725287671741	1292.953825706264	1378.6532224415673	0.36959338366218447	0.3323165434020581
uniform	1.0	1.0	8.0	50	1000	ZZZZ(1,3) |A|=4	0.746769249715314	0.7800484328004686	-0.03327918308515465	0.9069938677785752	0.05226675986027311	0.046246007714136034	384.6451023655355	358.82945415961063	0.36959338366218447	0.3323165434020581
uniform	1.0	1.0	8.0	50	1000	DoubleOcc site1	0.032497972907526054	0.028346534714659342	0.0041514381928667125	0.08551888637730012	0.0649050571311937	0.06477812104647698	1.7428795747413806	NaN	0.36959338366218447	0.3323165434020581
uniform	1.0	1.0	8.0	50	1000	Sz1*Sz3	0.07264136388448178	0.2212271708776999	-0.14858580699321813	0.019107622323152117	0.03884918839694856	0.03890418857016623	0.24122403285300725	NaN	0.36959338366218447	0.3323165434020581
uniform	1.0	1.0	8.0	50	1000	Fidelity	0.36959338366218447	1.0	-0.6304066163378155	0.23640562720115368	0.44873551521601235	0.44662208557958444	0.28017877320169976	NaN	0.36959338366218447	0.3323165434020581
weak	1.0	0.5	1.0	50	10	Z(1u)  |A|=1	5.113097445441641e-16	-0.1722096309415708	0.1722096309415713	0.07385134872527863	0.10598625112313238	0.0801371793617914	0.8492758169361662	0.8349282457887449	0.8854668941100827	0.37265054227260297
weak	1.0	0.5	1.0	50	10	ZZ(1u,1d) |A|=2	-0.2433427217882285	-0.0296561569890319	-0.2136865647991966	0.1747473190856964	0.20675669773988345	0.16773580662994453	1.0853491745728272	1.0894634707261253	0.8854668941100827	0.37265054227260297
weak	1.0	0.5	1.0	50	10	ZZZZ(1,3) |A|=4	0.06642987378663961	0.0004181538041516987	0.06601171998248792	0.37220514363012724	0.5357717173062858	0.3721261617965089	1.0004245345985767	1.000526631490131	0.8854668941100827	0.37265054227260297
weak	1.0	0.5	1.0	50	10	DoubleOcc site1	0.18916431955294266	0.2425859607527422	-0.05342164119979953	0.051999771936105985	0.0623391397254449	0.05232234967935826	0.9877076099566168	NaN	0.8854668941100827	0.37265054227260297
weak	1.0	0.5	1.0	50	10	Sz1*Sz3	0.013467670367238024	0.007885547230139263	0.005582123137098761	0.018689372836860414	0.02454739797154409	0.01861070649828848	1.0084717468972308	NaN	0.8854668941100827	0.37265054227260297
weak	1.0	0.5	1.0	50	10	Fidelity	0.8854668941100827	1.0	-0.11453310588991727	0.3688777594533391	0.11839080904892933	0.08207852781683751	20.197881795731607	NaN	0.8854668941100827	0.37265054227260297
weak	1.0	0.5	1.0	50	100	Z(1u)  |A|=1	5.113097445441641e-16	-0.1722096309415708	0.1722096309415713	0.025068065251977207	0.04398003928234242	0.03990984889570046	0.39453130227533206	0.33589992985030226	0.8854668941100827	0.37265054227260297
weak	1.0	0.5	1.0	50	100	ZZ(1u,1d) |A|=2	-0.2433427217882285	-0.0296561569890319	-0.2136865647991966	0.10234992957702564	0.09888320657580622	0.0920271078473673	1.2369255179662864	1.2409733548424204	0.8854668941100827	0.37265054227260297
weak	1.0	0.5	1.0	50	100	ZZZZ(1,3) |A|=4	0.06642987378663961	0.0004181538041516987	0.06601171998248792	0.14686570319128067	0.2222155729654016	0.14658523335032464	1.0038303743694597	1.0038358130763372	0.8854668941100827	0.37265054227260297
weak	1.0	0.5	1.0	50	100	DoubleOcc site1	0.18916431955294266	0.2425859607527422	-0.05342164119979953	0.025920033457195044	0.028629113621166623	0.025243038972514394	1.0543573744860701	NaN	0.8854668941100827	0.37265054227260297
weak	1.0	0.5	1.0	50	100	Sz1*Sz3	0.013467670367238024	0.007885547230139263	0.005582123137098761	0.006529725589092104	0.008248538792480477	0.005845974317233648	1.2476019785969288	NaN	0.8854668941100827	0.37265054227260297
weak	1.0	0.5	1.0	50	100	Fidelity	0.8854668941100827	1.0	-0.11453310588991727	0.3374833347485677	0.048120472796077736	0.03939224365662983	73.39783140601294	NaN	0.8854668941100827	0.37265054227260297
weak	1.0	0.5	1.0	50	1000	Z(1u)  |A|=1	5.113097445441641e-16	-0.1722096309415708	0.1722096309415713	0.008032636221273598	0.0383362676598864	0.03779670584769154	0.04516565335049589	0.04814457702623724	0.8854668941100827	0.37265054227260297
weak	1.0	0.5	1.0	50	1000	ZZ(1u,1d) |A|=2	-0.2433427217882285	-0.0296561569890319	-0.2136865647991966	0.10688975712072056	0.09545421048932679	0.09387572158703993	1.2964793503291245	1.2901035196951804	0.8854668941100827	0.37265054227260297
weak	1.0	0.5	1.0	50	1000	ZZZZ(1,3) |A|=4	0.06642987378663961	0.0004181538041516987	0.06601171998248792	0.0891212373045475	0.09539464548545941	0.08862536139980468	1.0112216899838367	1.010321524551574	0.8854668941100827	0.37265054227260297
weak	1.0	0.5	1.0	50	1000	DoubleOcc site1	0.18916431955294266	0.2425859607527422	-0.05342164119979953	0.027008721033340025	0.02663299052833557	0.026452579377099977	1.0424902114034658	NaN	0.8854668941100827	0.37265054227260297
weak	1.0	0.5	1.0	50	1000	Sz1*Sz3	0.013467670367238024	0.007885547230139263	0.005582123137098761	0.004064632636518244	0.0030031789467621015	0.002443198588426107	2.767738547024977	NaN	0.8854668941100827	0.37265054227260297
weak	1.0	0.5	1.0	50	1000	Fidelity	0.8854668941100827	1.0	-0.11453310588991727	0.31954206207863	0.03792211178587684	0.03595922939286104	78.9651226928447	NaN	0.8854668941100827	0.37265054227260297
weak	1.0	0.5	8.0	50	10	Z(1u)  |A|=1	-2.9934821982324777e-16	-0.9397431788301256	0.9397431788301253	0.08124466677509969	0.21231646428156517	0.21076061169905796	0.14859726727939995	0.1451916528725364	0.3517509954468536	0.28716776325015303
weak	1.0	0.5	8.0	50	10	ZZ(1u,1d) |A|=2	-0.861950053024601	-0.8831172421577491	0.02116718913314808	0.3348902941945745	0.09575849018343519	0.07348923700602555	20.76622930072639	26.285291721682782	0.3517509954468536	0.28716776325015303
weak	1.0	0.5	8.0	50	10	ZZZZ(1,3) |A|=4	0.7721281316747518	0.8150260789841239	-0.04289794730937213	0.9948496674897785	0.36647420141328846	0.30456665796297455	10.66965072065678	14.910269905801423	0.3517509954468536	0.28716776325015303
weak	1.0	0.5	8.0	50	10	DoubleOcc site1	0.0345124867438496	0.029220689460562818	0.005291797283286784	0.08934819120360962	0.07635693687573662	0.0724772183032707	1.519737208175279	NaN	0.3517509954468536	0.28716776325015303
weak	1.0	0.5	8.0	50	10	Sz1*Sz3	0.061258473837397326	0.22594534036896763	-0.1646868665315703	0.023672249054833602	0.04856867578258511	0.04748760948159954	0.24849544197749146	NaN	0.3517509954468536	0.28716776325015303
weak	1.0	0.5	8.0	50	10	Fidelity	0.3517509954468536	1.0	-0.6482490045531464	0.27637310999814996	0.4352135114650725	0.40911622484309873	0.45635011557283567	NaN	0.3517509954468536	0.28716776325015303
weak	1.0	0.5	8.0	50	100	Z(1u)  |A|=1	-2.9934821982324777e-16	-0.9397431788301256	0.9397431788301253	0.02628071452184842	0.18318693498650157	0.18439405794777516	0.02031330051543949	0.016701605643336864	0.3517509954468536	0.28716776325015303
weak	1.0	0.5	8.0	50	100	ZZ(1u,1d) |A|=2	-0.861950053024601	-0.8831172421577491	0.02116718913314808	0.2992934422920005	0.03258235617122159	0.024759087095446396	146.12520971025364	223.32340730746466	0.3517509954468536	0.28716776325015303
weak	1.0	0.5	8.0	50	100	ZZZZ(1,3) |A|=4	0.7721281316747518	0.8150260789841239	-0.04289794730937213	0.9499848182336242	0.1066332106242713	0.09171964529591248	107.27748826996405	101.24496216477526	0.3517509954468536	0.28716776325015303
weak	1.0	0.5	8.0	50	100	DoubleOcc site1	0.0345124867438496	0.029220689460562818	0.005291797283286784	0.07434629888933755	0.0646552877257887	0.06410034372360231	1.3452344791154496	NaN	0.3517509954468536	0.28716776325015303
weak	1.0	0.5	8.0	50	100	Sz1*Sz3	0.061258473837397326	0.22594534036896763	-0.1646868665315703	0.015893606808222348	0.04183949795282831	0.04202012746761698	0.14306394567040964	NaN	0.3517509954468536	0.28716776325015303
weak	1.0	0.5	8.0	50	100	Fidelity	0.3517509954468536	1.0	-0.6482490045531464	0.13824904214336217	0.3193558819186546	0.318543920766169	0.1883586718569593	NaN	0.3517509954468536	0.28716776325015303
weak	1.0	0.5	8.0	50	1000	Z(1u)  |A|=1	-2.9934821982324777e-16	-0.9397431788301256	0.9397431788301253	0.007482385119423945	0.18325463758755664	0.18326731879916167	0.0016669019818223248	0.0016956486133383702	0.3517509954468536	0.28716776325015303
weak	1.0	0.5	8.0	50	1000	ZZ(1u,1d) |A|=2	-0.861950053024601	-0.8831172421577491	0.02116718913314808	0.3385015723453012	0.012658268356649129	0.010997691404856035	947.3671516501739	1008.172299471344	0.3517509954468536	0.28716776325015303
weak	1.0	0.5	8.0	50	1000	ZZZZ(1,3) |A|=4	0.7721281316747518	0.8150260789841239	-0.04289794730937213	0.9373240846589663	0.06289918754106949	0.05672204130718603	273.0711688229049	265.2575615409134	0.3517509954468536	0.28716776325015303
weak	1.0	0.5	8.0	50	1000	DoubleOcc site1	0.0345124867438496	0.029220689460562818	0.005291797283286784	0.0846052476453034	0.06445625673214044	0.06436281204545634	1.727923778881732	NaN	0.3517509954468536	0.28716776325015303
weak	1.0	0.5	8.0	50	1000	Sz1*Sz3	0.061258473837397326	0.22594534036896763	-0.1646868665315703	0.01608059028157922	0.04315685211399564	0.04318325926383598	0.1386670057680631	NaN	0.3517509954468536	0.28716776325015303
weak	1.0	0.5	8.0	50	1000	Fidelity	0.3517509954468536	1.0	-0.6482490045531464	0.22746773112924779	0.4758074078921788	0.473616633925622	0.23066712241581233	NaN	0.3517509954468536	0.28716776325015303
